sessionId	userId	timestamp	mode	activity	shape_n	weight_n	flow_n	kt	baselineReady	note								
sess_test	user_test	2026-03-13T14:19:33.965Z	B	Test	0.5	0.3	0.7	0.4	TRUE	testWrite OK								
sess_jadbcjt7e	anonymous	2026-03-23T15:52:58.545Z	B	Dance_Continuous	1	1	0	1	TRUE	0.733	0.4828	0.2	0.5006	0.7962	0.8801	0.2051	0.8519	30s_Interval_AutoLog
sess_jadbcjt7e	anonymous	2026-03-23T15:52:59.162Z	B	Fireworks_Explosion	1	1	0	1	TRUE	0.5983	0.0414	0.3079	0.09	0.7701	0.812	0.2364	0.789	left
sess_ajwwt62o4	NCNU_User_1773823799280	2026-03-18T08:50:34.363Z	B	Fireworks_Explosion	1	0.3622254978	0.7797810188	0.4719668425	TRUE	0.5056	0.4693	0.4077	0.2524	0.4765	0.3225	0.3906	0.3009	right
sess_ajwwt62o4	NCNU_User_1773823799280	2026-03-18T08:50:34.919Z	B	Victory	1	1	0	1	TRUE	0.5416	0.4226	0.3758	0.2205	0.4618	0.2986	0.3344	0.2824	right
sess_ajwwt62o4	NCNU_User_1773823799280	2026-03-18T08:50:35.556Z	B	Dance_Continuous	1	1	0	1	TRUE	0.49	0.4505	0.3168	0.2083	0.4373	0.2124	0.2973	0.1927	30s_Interval_AutoLog
sess_2q95tn33j	anonymous	2026-03-18T08:51:16.066Z	B	Victory	0.5	0.5	0.5	0.5	FALSE	0.3584	0.4573	0.2576	0.4415	0.3026	0.5047	0.2641	0.379	right
sess_2q95tn33j	anonymous	2026-03-18T08:51:17.533Z	B	Baseline_End	1	1	0.1818643781	0.9363474677	TRUE	0.6762	0.5899	0.6888	0.4494	0.7661	0.3092	0.7592	0.3119	baseline calibrated
sess_jot0ur7m8	anonymous	2026-03-24T02:07:56.163Z	B	Victory	0.5	0.5	0.5	0.5	FALSE	0.5824	0.497	0.745	0.7419	0.6547	0.6278	0.8199	0.6028	right
sess_jot0ur7m8	anonymous	2026-03-24T02:07:56.977Z	B	Baseline_End	1	0.7528569961	0.48791876	0.7303712324	TRUE	0.5885	0.4505	0.7877	0.7042	0.6541	0.6249	0.815	0.5913	baseline calibrated
sess_jot0ur7m8	anonymous	2026-03-24T02:08:08.118Z	B	Victory	1	0.0518494701	1	0.270739788	TRUE	0.6039	0.4125	0.684	0.3241	0.5687	0.4103	0.5923	0.4087	right
sess_jot0ur7m8	anonymous	2026-03-24T02:08:12.338Z	B	Victory	1	0	1	0.25	TRUE	0.5594	0.6128	0.5331	0.5645	0.5403	0.4345	0.5289	0.4288	left
sess_jot0ur7m8	anonymous	2026-03-24T02:08:16.198Z	B	Victory	1	0.05267961716	1	0.2710718469	TRUE	0.5579	0.6214	0.4998	0.6489	0.544	0.5212	0.5073	0.5151	right
sess_jot0ur7m8	anonymous	2026-03-24T02:08:17.483Z	B	Dance_Continuous	1	0.09082903221	0.926998286	0.3118822128	TRUE	0.5346	0.617	0.4795	0.6068	0.4936	0.5064	0.4701	0.5051	30s_Interval_AutoLog
sess_jot0ur7m8	anonymous	2026-03-24T02:08:18.610Z	B	Victory	1	0	1	0.25	TRUE	0.5372	0.6287	0.4912	0.5944	0.4964	0.5074	0.4721	0.5054	left
sess_jot0ur7m8	anonymous	2026-03-24T02:08:22.709Z	B	Victory	1	0.3684451849	0.3306602266	0.6316469946	TRUE	0.4952	0.5839	0.5116	0.6056	0.4654	0.5083	0.454	0.5077	right
sess_jot0ur7m8	anonymous	2026-03-24T02:08:27.828Z	B	Victory	1	0	1	0.25	TRUE	0.4965	0.5808	0.4966	0.576	0.4665	0.5082	0.4564	0.5132	right
sess_jot0ur7m8	anonymous	2026-03-24T02:08:30.755Z	B	Victory	0.9672921699	0.0591828684	0.7350010045	0.3582458382	TRUE	0.5144	0.6087	0.5145	0.6082	0.4709	0.5071	0.4511	0.5195	left
sess_jot0ur7m8	anonymous	2026-03-24T02:08:33.535Z	B	Victory	1	0	1	0.25	TRUE	0.3869	0.5608	0.3873	0.5669	0.3557	0.4868	0.3467	0.4879	left
sess_2g0li8h4t	anonymous	2026-03-24T02:38:43.060Z	B	Victory	0.5	0.5	0.5	0.5	FALSE	0.4412	0.7743	0.2576	0.4764	0.4224	0.7009	0.3023	0.6989	right
sess_2g0li8h4t	anonymous	2026-03-24T02:38:45.056Z	B	Victory	0.5	0.5	0.5	0.5	FALSE	0.4281	1.0446	0.2452	0.4721	0.4246	0.7155	0.3078	0.7092	right
sess_2g0li8h4t	anonymous	2026-03-24T02:38:47.847Z	B	Baseline_End	0.4607013437	1	0.5472891244	0.6736241424	TRUE	0.5494	0.5584	0.0179	0.5992	0.4239	0.699	0.2971	0.6788	baseline calibrated
sess_2g0li8h4t	anonymous	2026-03-24T02:39:03.319Z	B	Heart	0.6660237471	0.45380065	0	0.6980261968	TRUE	0.6952	0.3282	0.6709	0.3937	0.8007	0.3678	0.8018	0.374	
sess_2g0li8h4t	anonymous	2026-03-24T02:39:03.678Z	B	Dance_Continuous	0.6140352295	0.4528553995	0	0.6846509672	TRUE	0.7839	0.3391	0.6719	0.4209	0.7797	0.3477	0.7682	0.4084	30s_Interval_AutoLog
sess_2g0li8h4t	anonymous	2026-03-24T02:39:42.964Z	B	Dance_Continuous	0.2646743511	0.1883853219	1	0.1415227165	TRUE	1.0448	1.7707	0.4803	0.2058	1.0112	0.5021	0.6792	0.4551	30s_Interval_AutoLog
sess_2g0li8h4t	anonymous	2026-03-24T02:39:49.069Z	B	Heart	0.05156974695	0.6563492509	1	0.2754321371	TRUE	0.4097	0.6378	0.4065	0.6275	0.9643	0.4152	0.7753	0.4379	
sess_2g0li8h4t	anonymous	2026-03-24T02:39:55.509Z	B	Fireworks_Explosion	0.07212600226	0.78143135	0.2495939433	0.5932461604	TRUE	0.5968	0.8659	0.357	0.49	0.8667	0.376	0.7036	0.4227	right
sess_ys157bttz	anonymous	2026-03-24T02:40:23.207Z	B	Victory	0.5	0.5	0.5	0.5	FALSE	0.5976	0.4314	0.4403	0.4533	0.5936	0.1222	0.494	0.1221	right
sess_ys157bttz	anonymous	2026-03-24T02:40:25.651Z	B	Victory	0.5	0.5	0.5	0.5	FALSE	0.505	0.3215	0.3892	0.2288	0.4965	0.132	0.4048	0.1311	left
sess_ys157bttz	anonymous	2026-03-24T02:40:28.020Z	B	Baseline_End	0.3874329697	0.518953195	0.3001102968	0.5494009165	TRUE	0.609	0.3907	0.4547	0.4635	0.5749	0.1398	0.4788	0.1286	baseline calibrated
sess_ys157bttz	anonymous	2026-03-24T02:40:47.267Z	B	Dance_Continuous	0.4124725649	0	0.9731708912	0.1125083293	TRUE	0.6327	0.4717	0.5596	0.5676	0.6141	0.4818	0.5762	0.4761	30s_Interval_AutoLog
sess_ys157bttz	anonymous	2026-03-24T02:40:52.528Z	B	Gull_Flap	1	0.5894843336	0.7320162558	0.5795880439	TRUE	0.756	0.3298	0.3077	0.384	0.5781	0.46	0.4689	0.4587	
sess_ys157bttz	anonymous	2026-03-24T02:40:54.096Z	B	Fireworks_Explosion	1	0.4723587876	0.227431313	0.7093425555	TRUE	0.6924	0.3626	0.2958	0.3818	0.5663	0.4777	0.4563	0.4898	left
sess_ys157bttz	anonymous	2026-03-24T02:40:56.599Z	B	Gull_Flap	1	0.1619000061	0.5921262455	0.4575158165	TRUE	0.7901	0.3891	0.2332	0.44	0.576	0.4827	0.4615	0.4769	
sess_ys157bttz	anonymous	2026-03-24T02:40:57.735Z	B	Gull_Flap	1	0	0.6481681355	0.3731411526	TRUE	0.8041	0.4115	0.2331	0.4157	0.5778	0.475	0.4625	0.4737	
sess_ys157bttz	anonymous	2026-03-24T02:40:58.880Z	B	Gull_Flap	1	0	0.5928853699	0.3924901205	TRUE	0.7847	0.4152	0.2413	0.4107	0.5741	0.483	0.4601	0.4877	
sess_ys157bttz	anonymous	2026-03-24T02:41:01.666Z	B	Victory	1	0	1	0.25	TRUE	0.5779	0.9026	0.3386	0.4233	0.5737	0.4794	0.4705	0.4894	right
sess_ys157bttz	anonymous	2026-03-24T02:41:10.199Z	B	Fireworks_Explosion	1	0	1	0.25	TRUE	0.5748	0.9012	0.3652	0.3013	0.5781	0.4837	0.4768	0.4855	right
sess_ys157bttz	anonymous	2026-03-24T02:41:12.315Z	B	Fireworks_Explosion	1	0	1	0.25	TRUE	0.5768	0.9024	0.3696	0.2808	0.5778	0.4847	0.478	0.4762	right
sess_ys157bttz	anonymous	2026-03-24T02:41:14.276Z	B	Fireworks_Explosion	1	0	1	0.25	TRUE	0.5793	0.9073	0.3443	0.4093	0.5802	0.4884	0.4777	0.4725	right
sess_ys157bttz	anonymous	2026-03-24T02:41:15.840Z	B	Victory	1	0	1	0.25	TRUE	0.5768	0.912	0.3634	0.3811	0.5801	0.4901	0.4782	0.4803	right
sess_ys157bttz	anonymous	2026-03-24T02:41:16.734Z	B	Victory	1	0.3269796184	1	0.3807918473	TRUE	0.7019	0.5422	0.5172	0.3958	0.5719	0.4853	0.4747	0.474	left
sess_ys157bttz	anonymous	2026-03-24T02:41:17.301Z	B	Dance_Continuous	1	0	1	0.25	TRUE	0.6935	0.3844	0.3422	0.3893	0.5719	0.4826	0.4724	0.4886	30s_Interval_AutoLog
sess_ys157bttz	anonymous	2026-03-24T02:41:17.884Z	B	Victory	1	0	1	0.25	TRUE	0.6926	0.5654	0.3415	0.2663	0.5685	0.4757	0.4699	0.4904	right
sess_ys157bttz	anonymous	2026-03-24T02:41:18.903Z	B	Victory	1	0.6641441109	0.8613521892	0.5641843781	TRUE	0.6903	0.7653	0.4526	0.6721	0.5742	0.4755	0.474	0.4829	left
sess_ys157bttz	anonymous	2026-03-24T02:41:20.561Z	B	Victory	1	1	0.5947096346	0.7918516279	TRUE	0.5905	0.9146	0.2617	0.6149	0.5748	0.4731	0.4706	0.4923	right
sess_ys157bttz	anonymous	2026-03-24T02:41:21.063Z	B	Victory	1	0.8788229247	0.2483567883	0.864604294	TRUE	0.7514	0.6422	0.5384	0.5217	0.5786	0.4832	0.469	0.482	left
sess_ys157bttz	anonymous	2026-03-24T02:41:23.361Z	B	Heart	0.3342965832	0.8369290335	0.2315653158	0.6872978987	TRUE	0.5123	0.428	0.5381	0.4061	0.5768	0.479	0.4694	0.4873	
sess_ys157bttz	anonymous	2026-03-24T02:41:24.081Z	B	Heart	0	0.04394691755	0.4521687505	0.2093197043	TRUE	0.5307	0.3901	0.5306	0.3907	0.5727	0.4731	0.4778	0.4812	
sess_ys157bttz	anonymous	2026-03-24T02:41:26.279Z	B	Victory	0	0	1	0	TRUE	0.534	0.3922	0.5341	0.389	0.5748	0.4762	0.4737	0.4872	right
sess_ys157bttz	anonymous	2026-03-24T02:41:27.608Z	B	Heart	0	0.7100059802	0.4323857696	0.4826673727	TRUE	0.5284	0.3766	0.5293	0.376	0.5747	0.4715	0.4782	0.4763	
sess_ys157bttz	anonymous	2026-03-24T02:41:30.860Z	B	Victory	0	0	1	0	TRUE	0.541	0.4488	0.5412	0.4487	0.578	0.4785	0.4806	0.474	left
sess_ys157bttz	anonymous	2026-03-24T02:41:32.005Z	B	Heart	0	0.1192163317	0.4364744119	0.2449204885	TRUE	0.5426	0.7891	0.5441	0.78	0.601	0.4829	0.4896	0.4762	
sess_ys157bttz	anonymous	2026-03-24T02:41:37.011Z	B	Heart	0	0	1	0	TRUE	0.2203	0.8979	0.2076	0.8779	0.2128	0.7581	0.1641	0.7577	
sess_ys157bttz	anonymous	2026-03-24T02:41:41.402Z	B	Heart	0	0	1	0	TRUE	0.2146	0.8991	0.2074	0.878	0.2136	0.7582	0.1668	0.7613	
sess_ys157bttz	anonymous	2026-03-24T02:41:47.327Z	B	Dance_Continuous	0	0	1	0	TRUE	0.2209	0.8953	0.2073	0.8743	0.2154	0.7573	0.1663	0.7605	30s_Interval_AutoLog
sess_ys157bttz	anonymous	2026-03-24T02:41:52.854Z	B	Heart	0.09909631245	0	0.7080384746	0.126960612	TRUE	0.6846	0.8094	0.65	0.8279	0.6985	0.7106	0.6557	0.7196	
sess_ys157bttz	anonymous	2026-03-24T02:42:08.911Z	B	Heart	0	0	1	0	TRUE	0.9239	0.8006	0.8905	0.8292	0.947	0.702	0.8945	0.7139	
sess_ys157bttz	anonymous	2026-03-24T02:42:11.158Z	B	Heart	0	0	1	0	TRUE	0.9227	0.8298	0.8901	0.8275	0.946	0.7007	0.8963	0.7133	
sess_ys157bttz	anonymous	2026-03-24T02:42:17.340Z	B	Dance_Continuous	0	0	1	0	TRUE	0.9163	0.7901	0.8978	0.8355	0.9444	0.7044	0.8944	0.7168	30s_Interval_AutoLog
sess_ys157bttz	anonymous	2026-03-24T02:42:17.614Z	B	Fireworks_Explosion	0	0	1	0	TRUE	0.9218	0.8052	0.889	0.8285	0.9444	0.7052	0.8953	0.7137	left
sess_ys157bttz	anonymous	2026-03-24T02:42:18.072Z	B	Victory	0	0	1	0	TRUE	0.9382	0.8023	0.8872	0.8293	0.9448	0.7009	0.8942	0.711	left
sess_ys157bttz	anonymous	2026-03-24T02:42:18.865Z	B	Heart	0	0	0.8920119308	0.03779582423	TRUE	0.9656	0.788	0.9236	0.8275	0.9453	0.6962	0.8919	0.7092	
sess_ys157bttz	anonymous	2026-03-24T02:42:26.879Z	B	Heart	1	0.143367452	1	0.3073469808	TRUE	0.4254	0.8802	0.4139	0.8597	0.4017	0.741	0.371	0.7708	
sess_ys157bttz	anonymous	2026-03-24T02:42:47.405Z	B	Dance_Continuous	0	0	1	0	TRUE	0.8917	0.8251	0.8901	0.8149	0.9287	0.6997	0.8799	0.7022	30s_Interval_AutoLog
sess_ys157bttz	anonymous	2026-03-24T02:42:53.338Z	B	Fireworks_Explosion	0	0	1	0	TRUE	0.9014	0.796	0.9171	0.7909	0.9318	0.6991	0.8835	0.699	left
sess_ys157bttz	anonymous	2026-03-24T02:42:54.204Z	B	Fireworks_Explosion	0	0	1	0	TRUE	0.8956	0.8341	0.899	0.836	0.9302	0.6978	0.8804	0.6995	left
sess_ys157bttz	anonymous	2026-03-24T02:43:01.502Z	B	Heart	0	0	1	0	TRUE	0.8954	0.8425	0.9016	0.8435	0.9279	0.6965	0.8789	0.7035	
sess_ys157bttz	anonymous	2026-03-24T02:43:03.980Z	B	Fireworks_Explosion	0	0	1	0	TRUE	0.895	0.8329	0.8979	0.8364	0.9266	0.6918	0.8775	0.7002	right
sess_ys157bttz	anonymous	2026-03-24T02:43:07.298Z	B	Heart	1	0	0.7265393917	0.3457112129	TRUE	0.8962	0.8248	0.8884	0.7233	0.9251	0.6916	0.8771	0.6971	
sess_ys157bttz	anonymous	2026-03-24T02:43:08.113Z	B	Fireworks_Explosion	0.9380879088	0	1	0.2345219772	TRUE	0.8958	0.8339	0.8878	0.7423	0.9246	0.6909	0.8762	0.6976	left
sess_ys157bttz	anonymous	2026-03-24T02:43:09.398Z	B	Heart	0.8874188689	0	0.6621806157	0.3400915017	TRUE	0.9018	0.8192	0.8899	0.733	0.925	0.6915	0.8773	0.6989	
sess_ys157bttz	anonymous	2026-03-24T02:43:13.184Z	B	Heart	0.4480251686	0	1	0.1120062921	TRUE	0.8897	0.8243	0.8952	0.8209	0.9279	0.7099	0.8794	0.7122	
sess_ys157bttz	anonymous	2026-03-24T02:43:15.937Z	B	Heart	0.7097664883	0	1	0.1774416221	TRUE	0.921	0.8273	0.9415	0.8671	0.9355	0.8291	0.9387	0.8651	
sess_ys157bttz	anonymous	2026-03-24T02:43:28.289Z	B	Dance_Continuous	0.08371710991	0	1	0.02092927748	TRUE	0.55	0.7417	0.5801	0.7218	0.5353	0.5786	0.4282	0.5726	30s_Interval_AutoLog
sess_ys157bttz	anonymous	2026-03-24T02:43:29.072Z	B	Victory	0	0	1	0	TRUE	0.607	0.948	0.4334	0.7941	0.5574	0.6304	0.3827	0.5993	right
sess_ys157bttz	anonymous	2026-03-24T02:43:31.017Z	B	Victory	0.08811716745	0.542724784	0.876615491	0.2823037836	TRUE	0.4428	0.7475	0.4241	0.2773	0.6088	0.5449	0.3835	0.5255	left
sess_ys157bttz	anonymous	2026-03-24T02:43:32.524Z	B	Fireworks_Explosion	0	0.9102490352	0.3615752604	0.5875482729	TRUE	0.5895	0.5366	0.388	0.6191	0.6197	0.5548	0.3886	0.555	right
sess_ys157bttz	anonymous	2026-03-24T02:43:33.208Z	B	Fireworks_Explosion	0.975278254	0	1	0.2438195635	TRUE	0.6559	1.0167	0.5177	0.4464	0.5635	0.6136	0.3797	0.5853	right
sess_ys157bttz	anonymous	2026-03-24T02:43:33.627Z	B	Heart	0.4335646014	0	1	0.1083911504	TRUE	0.4994	0.5122	0.5466	0.5206	0.4844	0.5857	0.4105	0.5821	
sess_ys157bttz	anonymous	2026-03-24T02:43:34.033Z	B	Heart	0.4344085061	0	0.7238352242	0.2052597981	TRUE	0.522	0.5342	0.5708	0.4966	0.5065	0.5876	0.4536	0.6183	
sess_ys157bttz	anonymous	2026-03-24T02:43:37.900Z	B	Heart	0.2826330726	0	0.7200600401	0.1686372541	TRUE	0.5031	0.3418	0.5246	0.3319	0.5831	0.607	0.4349	0.6142	
sess_ys157bttz	anonymous	2026-03-24T02:43:40.726Z	B	Victory	0.1958719874	0.07021174333	0.6360708938	0.2044278814	TRUE	0.6225	0.387	0.4353	0.632	0.5889	0.6235	0.4238	0.6274	left
sess_ys157bttz	anonymous	2026-03-24T02:43:44.831Z	B	Victory	1	0.4098776955	0.6640477178	0.531534377	TRUE	0.6165	0.6382	0.3514	1.0262	0.5876	0.6385	0.4107	0.6408	left
sess_ys157bttz	anonymous	2026-03-24T02:43:46.839Z	B	Victory	1	0	1	0.25	TRUE	0.6173	0.3701	0.3347	1.0988	0.5152	0.6325	0.3799	0.6217	left
sess_ys157bttz	anonymous	2026-03-24T02:43:48.882Z	B	Victory	1	0	1	0.25	TRUE	0.6086	0.3985	0.3829	1.0548	0.5447	0.6269	0.3901	0.6446	left
sess_ys157bttz	anonymous	2026-03-24T02:43:50.937Z	B	Victory	1	0	1	0.25	TRUE	0.596	0.3919	0.3481	0.7058	0.5552	0.6143	0.4036	0.6439	left
sess_ys157bttz	anonymous	2026-03-24T02:43:51.817Z	B	Victory	0	0	0.6494944132	0.1226769554	TRUE	0.6292	0.4306	0.6036	0.4418	0.5447	0.6327	0.4086	0.6216	right
sess_ys157bttz	anonymous	2026-03-24T02:43:52.955Z	B	Victory	1	0	1	0.25	TRUE	0.6571	0.4468	0.4851	1.1209	0.5466	0.6406	0.4399	0.6219	left
sess_ys157bttz	anonymous	2026-03-24T02:43:54.965Z	B	Victory	1	0	1	0.25	TRUE	0.7127	0.5728	0.4619	1.0713	0.6218	0.6509	0.4802	0.621	left
sess_ys157bttz	anonymous	2026-03-24T02:43:58.300Z	B	Dance_Continuous	0.1311530612	0.03158075261	1	0.04542056634	TRUE	0.5266	0.5014	0.464	0.4967	0.5495	0.6182	0.4032	0.6202	30s_Interval_AutoLog
sess_ys157bttz	anonymous	2026-03-24T02:43:58.781Z	B	Victory	0	0	1	0	TRUE	0.5747	0.4467	0.4671	0.5149	0.5608	0.6213	0.4147	0.6346	left
sess_ys157bttz	anonymous	2026-03-24T02:43:59.743Z	B	Victory	0.8793054888	0.2013568857	0.8008825889	0.3700602204	TRUE	0.3262	0.5654	0.3255	0.5606	0.5224	0.6187	0.4528	0.6353	right
sess_ys157bttz	anonymous	2026-03-24T02:44:00.119Z	B	Gull_Flap	0.3751504769	0.4192208648	0.514021722	0.4315683625	TRUE	0.3395	0.5925	0.3378	0.5947	0.4718	0.6213	0.4721	0.6251	
sess_ys157bttz	anonymous	2026-03-24T02:44:00.837Z	B	Victory	0.2738900622	0	0.9628736734	0.08146672984	TRUE	0.3508	0.4457	0.3502	0.4475	0.5115	0.6089	0.4111	0.6276	left
sess_ys157bttz	anonymous	2026-03-24T02:44:02.851Z	B	Victory	0	0	1	0	TRUE	0.5262	0.3877	0.4242	0.2669	0.5407	0.5795	0.4011	0.5889	left
sess_ys157bttz	anonymous	2026-03-24T02:44:04.895Z	B	Victory	1	0	1	0.25	TRUE	0.5574	0.3941	0.3634	1.0632	0.5581	0.6199	0.4065	0.6447	left
sess_ys157bttz	anonymous	2026-03-24T02:44:06.933Z	B	Victory	1	0	1	0.25	TRUE	0.5463	0.3998	0.4259	0.9462	0.554	0.6298	0.3981	0.648	left
sess_ys157bttz	anonymous	2026-03-24T02:44:08.903Z	B	Victory	1	0	1	0.25	TRUE	0.5512	0.4108	0.315	0.7583	0.551	0.6151	0.3968	0.6325	right
sess_ys157bttz	anonymous	2026-03-24T02:44:10.969Z	B	Victory	1	0	1	0.25	TRUE	0.5962	0.4502	0.3958	1.0795	0.5431	0.6286	0.4112	0.6167	left
sess_ys157bttz	anonymous	2026-03-24T02:44:13.022Z	B	Victory	1	0	1	0.25	TRUE	0.5451	0.4321	0.3647	1.0558	0.5835	0.6166	0.4241	0.6502	left
sess_ys157bttz	anonymous	2026-03-24T02:44:14.597Z	B	Victory	0.4319284621	0	0.9279393067	0.1332033582	TRUE	0.6217	1.0137	0.4606	0.6564	0.6043	0.6471	0.4402	0.6348	right
sess_ys157bttz	anonymous	2026-03-24T02:44:17.587Z	B	Fireworks_Explosion	1	0	1	0.25	TRUE	0.6777	1.0495	0.4807	0.33	0.6223	0.6479	0.4702	0.6183	right
sess_ys157bttz	anonymous	2026-03-24T02:44:19.430Z	B	Fireworks_Explosion	1	0	1	0.25	TRUE	0.6738	1.0431	0.4724	0.3238	0.6205	0.65	0.4707	0.6218	right
sess_ys157bttz	anonymous	2026-03-24T02:44:20.967Z	B	Fireworks_Explosion	1	0	1	0.25	TRUE	0.6765	1.0353	0.4853	0.3074	0.6182	0.6487	0.4702	0.616	right
sess_ys157bttz	anonymous	2026-03-24T02:44:22.542Z	B	Fireworks_Explosion	1	0	1	0.25	TRUE	0.6784	1.0271	0.4752	0.3342	0.6212	0.6444	0.4734	0.6081	right
sess_ys157bttz	anonymous	2026-03-24T02:44:24.009Z	B	Fireworks_Explosion	1	0	1	0.25	TRUE	0.6641	1.0287	0.4721	0.3209	0.6179	0.6396	0.4687	0.6098	right
sess_ys157bttz	anonymous	2026-03-24T02:44:26.038Z	B	Heart	0.3194014796	0	1	0.0798503699	TRUE	0.5164	0.5151	0.5164	0.516	0.3936	0.6029	0.4542	0.6173	
sess_ys157bttz	anonymous	2026-03-24T02:44:26.948Z	B	Fireworks_Explosion	0.7890512506	0	1	0.1972628127	TRUE	0.6194	1.0284	0.4631	0.2853	0.5371	0.6758	0.4052	0.6565	right
sess_ys157bttz	anonymous	2026-03-24T02:44:28.351Z	B	Dance_Continuous	0.6027300825	0	1	0.1506825206	TRUE	0.5555	0.3067	0.4113	0.5585	0.5827	0.6318	0.4332	0.6465	30s_Interval_AutoLog
sess_ys157bttz	anonymous	2026-03-24T02:44:28.645Z	B	Victory	0.2136437391	0.1772149042	0.8914322238	0.1622956181	TRUE	0.5475	0.3236	0.449	0.2854	0.571	0.6325	0.4301	0.6394	right
sess_ys157bttz	anonymous	2026-03-24T02:44:31.508Z	B	Fireworks_Explosion	1	0.0822918731	0.7694422832	0.3636119501	TRUE	0.642	1.0738	0.4421	0.3242	0.5904	0.6464	0.4377	0.6311	right
sess_ys157bttz	anonymous	2026-03-24T02:44:33.226Z	B	Fireworks_Explosion	1	0.1874258662	0.6543876785	0.445934659	TRUE	0.5985	0.8339	0.4372	0.4347	0.5947	0.6358	0.446	0.6177	right
sess_ys157bttz	anonymous	2026-03-24T02:44:33.568Z	B	Heart	0.5285857394	0.05238413058	0.8093637856	0.2198227621	TRUE	0.4904	0.3833	0.4664	0.4028	0.5646	0.5911	0.4334	0.597	
sess_ys157bttz	anonymous	2026-03-24T02:44:36.437Z	B	Victory	0.5084670227	0.3246476481	1	0.2569758149	TRUE	0.6115	1.0272	0.439	0.3659	0.5571	0.6328	0.4055	0.6265	right
sess_ys157bttz	anonymous	2026-03-24T02:44:38.467Z	B	Fireworks_Explosion	1	0	1	0.25	TRUE	0.6186	1.0314	0.5068	0.4566	0.5766	0.6404	0.4235	0.624	right
sess_ys157bttz	anonymous	2026-03-24T02:44:39.269Z	B	Fireworks_Explosion	1	0	0.9934604623	0.2522888382	TRUE	0.6466	1.0286	0.5654	0.3335	0.6134	0.617	0.4642	0.5955	right
sess_ys157bttz	anonymous	2026-03-24T02:44:41.663Z	B	Fireworks_Explosion	1	0	1	0.25	TRUE	0.645	1.0399	0.5276	0.2881	0.6034	0.6327	0.4468	0.6092	right
sess_ys157bttz	anonymous	2026-03-24T02:44:42.160Z	B	Victory	1	0	1	0.25	TRUE	0.6359	1.0178	0.5143	0.3485	0.6028	0.631	0.4503	0.5961	right
sess_ys157bttz	anonymous	2026-03-24T02:44:42.797Z	B	Fireworks_Explosion	1	0	1	0.25	TRUE	0.6449	1.022	0.5272	0.3884	0.601	0.6298	0.4499	0.6201	right
sess_ys157bttz	anonymous	2026-03-24T02:44:47.190Z	B	Heart	0	0	1	0	TRUE	0.4164	0.2884	0.4191	0.2933	0.508	0.6071	0.3423	0.6195	
sess_ys157bttz	anonymous	2026-03-24T02:44:48.640Z	B	Heart	0	0	1	0	TRUE	0.5111	0.4247	0.5046	0.4169	0.4492	0.6173	0.3497	0.6109	
sess_ys157bttz	anonymous	2026-03-24T02:44:49.264Z	B	Gull_Flap	0	0	1	0	TRUE	0.5501	0.4718	0.5465	0.4735	0.3999	0.6323	0.4002	0.6351	
sess_ys157bttz	anonymous	2026-03-24T02:44:51.548Z	B	Heart	0	0	1	0	TRUE	0.4576	0.3626	0.4509	0.3569	0.5395	0.6062	0.3961	0.6107	
sess_ys157bttz	anonymous	2026-03-24T02:44:53.095Z	B	Heart	0	0	1	0	TRUE	0.4842	0.3415	0.4776	0.3434	0.563	0.5948	0.416	0.6068	
sess_ys157bttz	anonymous	2026-03-24T02:44:54.477Z	B	Heart	0	0	1	0	TRUE	0.4792	0.3505	0.4822	0.3633	0.5622	0.5903	0.4148	0.6082	
sess_ys157bttz	anonymous	2026-03-24T02:44:55.931Z	B	Heart	0	0	1	0	TRUE	0.4686	0.3719	0.4835	0.3694	0.5604	0.5881	0.4126	0.5976	
sess_ys157bttz	anonymous	2026-03-24T02:44:57.169Z	B	Heart	0	0	1	0	TRUE	0.5152	0.3627	0.5128	0.3591	0.547	0.6134	0.4061	0.6029	
sess_ys157bttz	anonymous	2026-03-24T02:44:58.380Z	B	Dance_Continuous	0	0	1	0	TRUE	0.5069	0.3785	0.4717	0.3753	0.5508	0.5872	0.4012	0.5715	30s_Interval_AutoLog
sess_ys157bttz	anonymous	2026-03-24T02:44:59.484Z	B	Victory	0	0.1683284834	0.8135814226	0.1325778954	TRUE	0.4882	0.6692	0.4742	0.6517	0.5661	0.6245	0.3961	0.6279	right
sess_ys157bttz	anonymous	2026-03-24T02:45:01.124Z	B	Heart	0	0	1	0	TRUE	0.4326	0.7083	0.4249	0.698	0.5317	0.6185	0.3569	0.6381	
sess_ys157bttz	anonymous	2026-03-24T02:45:02.355Z	B	Victory	0.3983407568	0.1092775474	0.692076399	0.2510694685	TRUE	0.6597	0.1652	0.3755	0.1603	0.5778	0.6139	0.442	0.6125	left
sess_ys157bttz	anonymous	2026-03-24T02:45:02.661Z	B	Gull_Flap	0.7187387496	0.4787036037	0.652880227	0.4926580494	TRUE	0.7624	0.3625	0.2384	0.3258	0.5767	0.6189	0.4229	0.6241	
sess_ys157bttz	anonymous	2026-03-24T02:45:07.945Z	B	Gull_Flap	0.9668532524	0.3386022031	0.6009426558	0.5168242648	TRUE	0.8248	0.3607	0.2168	0.3691	0.5742	0.6095	0.4185	0.6279	
sess_ys157bttz	anonymous	2026-03-24T02:45:09.975Z	B	Victory	1	0	1	0.25	TRUE	0.7796	0.5737	0.2127	0.2439	0.5671	0.6425	0.4285	0.6291	right
sess_ys157bttz	anonymous	2026-03-24T02:45:10.646Z	B	Gull_Flap	1	0.537363336	0.330582528	0.6992414496	TRUE	0.7534	0.3709	0.2376	0.3131	0.5701	0.6135	0.422	0.6217	
sess_ys157bttz	anonymous	2026-03-24T02:45:12.564Z	B	Gull_Flap	1	0.7887820572	0.4213131413	0.7680532234	TRUE	0.8011	0.3685	0.2285	0.3388	0.5646	0.6166	0.4139	0.6273	
sess_ys157bttz	anonymous	2026-03-24T02:45:13.947Z	B	Gull_Flap	1	0.122709234	0.6726539661	0.4136548055	TRUE	0.7477	0.4239	0.2331	0.4489	0.5693	0.6226	0.4165	0.624	
sess_ys157bttz	anonymous	2026-03-24T02:45:15.729Z	B	Gull_Flap	1	1	0.3333155609	0.8833395537	TRUE	0.7877	0.6004	0.2197	0.567	0.5705	0.6329	0.4148	0.6404	
sess_ys157bttz	anonymous	2026-03-24T02:45:17.340Z	B	Gull_Flap	1	0.7912612287	0.5666380384	0.718181178	TRUE	0.6651	0.5179	0.216	0.3411	0.5333	0.6413	0.424	0.6146	
sess_ys157bttz	anonymous	2026-03-24T02:45:19.086Z	B	Victory	1	0.1840533038	0.9877560509	0.3279067037	TRUE	0.7346	0.1883	0.2787	0.5084	0.5583	0.6185	0.4126	0.6396	left
sess_ys157bttz	anonymous	2026-03-24T02:45:22.074Z	B	Victory	1	0.6544174591	0.861986816	0.560071598	TRUE	0.7237	0.595	0.1363	0.3499	0.5409	0.6432	0.3898	0.645	right
sess_ys157bttz	anonymous	2026-03-24T02:45:25.299Z	B	Victory	1	0.02117151702	0.5430188832	0.4184119977	TRUE	0.6255	1.0017	0.3517	0.3146	0.5239	0.669	0.3864	0.6376	right
sess_ys157bttz	anonymous	2026-03-24T02:45:25.908Z	B	Gull_Flap	1	0	0.8538647442	0.3011473395	TRUE	0.7477	0.3487	0.1725	0.3917	0.5311	0.6175	0.3645	0.6201	
sess_ys157bttz	anonymous	2026-03-24T02:45:26.936Z	B	Gull_Flap	1	0.916451367	0.5984114605	0.7571365356	TRUE	0.7537	0.5985	0.1336	0.5431	0.5271	0.6321	0.3665	0.6337	
sess_ys157bttz	anonymous	2026-03-24T02:45:28.486Z	B	Dance_Continuous	0.3782521609	0.2748184879	1	0.2044904354	TRUE	0.3133	0.6517	0.2148	0.5299	0.3411	0.6441	0.2631	0.7137	30s_Interval_AutoLog
sess_ys157bttz	anonymous	2026-03-24T02:45:32.258Z	B	Victory	1	0	0.8813846536	0.2915153712	TRUE	0.4973	0.4107	0.3495	1.0582	0.5338	0.6415	0.3909	0.6552	left
sess_ys157bttz	anonymous	2026-03-24T02:45:34.283Z	B	Victory	1	0	0.5718561566	0.3998503452	TRUE	0.4816	0.399	0.3256	1.0289	0.5486	0.6434	0.4041	0.6676	left
sess_ys157bttz	anonymous	2026-03-24T02:45:36.338Z	B	Victory	1	0	0.7286693724	0.3449657197	TRUE	0.4488	0.5322	0.3236	1.0374	0.5392	0.6463	0.4025	0.6817	left
sess_ys157bttz	anonymous	2026-03-24T02:45:38.086Z	B	Fireworks_Explosion	1	0	0.9193264433	0.2782357448	TRUE	0.6297	1.0165	0.509	0.3281	0.5775	0.6542	0.4366	0.6301	right
sess_ys157bttz	anonymous	2026-03-24T02:45:39.589Z	B	Fireworks_Explosion	1	0	1	0.25	TRUE	0.6341	1.052	0.4824	0.3188	0.5716	0.6455	0.4139	0.6209	right
sess_ys157bttz	anonymous	2026-03-24T02:45:40.992Z	B	Fireworks_Explosion	1	0	1	0.25	TRUE	0.6187	1.0801	0.4606	0.2972	0.5554	0.6333	0.388	0.6085	right
sess_ys157bttz	anonymous	2026-03-24T02:45:42.448Z	B	Fireworks_Explosion	1	0	1	0.25	TRUE	0.6072	1.0643	0.4583	0.317	0.5378	0.6255	0.3689	0.6047	right
sess_ys157bttz	anonymous	2026-03-24T02:45:44.262Z	B	Victory	0.3880204199	0	1	0.09700510499	TRUE	0.5467	0.6118	0.3946	1.0635	0.5883	0.6222	0.4174	0.6022	left
sess_ys157bttz	anonymous	2026-03-24T02:45:46.302Z	B	Victory	1	0.4660559464	0.3480173468	0.6646163072	TRUE	0.4817	0.5301	0.3206	1.0229	0.5597	0.612	0.3882	0.6296	left
sess_ys157bttz	anonymous	2026-03-24T02:45:54.608Z	B	Fireworks_Explosion	1	0	1	0.25	TRUE	0.5751	1.1042	0.482	0.1921	0.5182	0.5697	0.3414	0.5557	right
sess_ys157bttz	anonymous	2026-03-24T02:45:56.036Z	B	Fireworks_Explosion	1	0	1	0.25	TRUE	0.5943	1.0816	0.4891	0.2744	0.5286	0.5836	0.3524	0.5576	right
sess_ys157bttz	anonymous	2026-03-24T02:45:57.342Z	B	Heart	0.7037192497	0	1	0.1759298124	TRUE	0.7326	0.3976	0.7325	0.3972	0.5727	0.5608	0.4366	0.585	
sess_ys157bttz	anonymous	2026-03-24T02:45:57.816Z	B	Fireworks_Explosion	0.9921699378	0	1	0.2480424844	TRUE	0.6375	1.0367	0.5585	0.2851	0.5961	0.6128	0.4396	0.5895	right
sess_ys157bttz	anonymous	2026-03-24T02:45:58.488Z	B	Dance_Continuous	1	0	1	0.25	TRUE	0.6291	1.0555	0.5059	0.2827	0.5841	0.6064	0.4212	0.5837	30s_Interval_AutoLog
sess_ys157bttz	anonymous	2026-03-24T02:45:59.323Z	B	Fireworks_Explosion	1	0	0.8617432458	0.298389864	TRUE	0.6239	1.0394	0.5155	0.2307	0.5713	0.6011	0.4005	0.5556	right
sess_ys157bttz	anonymous	2026-03-24T02:46:00.061Z	B	Victory	1	0	1	0.25	TRUE	0.6447	1.0224	0.4766	0.3104	0.5759	0.5955	0.4006	0.5656	right
sess_ys157bttz	anonymous	2026-03-24T02:46:01.409Z	B	Heart	0	0	1	0	TRUE	0.4356	0.356	0.4627	0.307	0.5456	0.5493	0.3771	0.5599	
sess_ys157bttz	anonymous	2026-03-24T02:46:02.731Z	B	Heart	0	0	1	0	TRUE	0.4522	0.3813	0.4685	0.3489	0.5456	0.5652	0.3764	0.5705	
sess_ys157bttz	anonymous	2026-03-24T02:46:04.145Z	B	Heart	0	0	1	0	TRUE	0.4436	0.4007	0.465	0.3768	0.5437	0.5677	0.3731	0.5667	
sess_ys157bttz	anonymous	2026-03-24T02:46:05.931Z	B	Gull_Flap	1	0.04860631671	0.440461196	0.4652811081	TRUE	0.811	0.3793	0.1541	0.3088	0.5721	0.5671	0.3816	0.5692	
sess_ys157bttz	anonymous	2026-03-24T02:46:07.080Z	B	Gull_Flap	1	0.3746070662	0.4798252346	0.5819039944	TRUE	0.8008	0.3829	0.1503	0.3347	0.5747	0.572	0.377	0.5759	
sess_ys157bttz	anonymous	2026-03-24T02:46:08.168Z	B	Gull_Flap	1	0.4184770418	0.8441440971	0.4719403827	TRUE	0.7998	0.3844	0.1448	0.3647	0.5725	0.5803	0.3698	0.5862	
sess_ys157bttz	anonymous	2026-03-24T02:46:09.617Z	B	Gull_Flap	1	0.5217734974	0.4639227587	0.6463364334	TRUE	0.8204	0.5294	0.1041	0.5197	0.5634	0.5799	0.3654	0.5821	
sess_ys157bttz	anonymous	2026-03-24T02:46:10.840Z	B	Gull_Flap	1	0.3191072721	0.6966204846	0.4838257392	TRUE	0.8041	0.4288	0.1391	0.3422	0.5653	0.5751	0.3639	0.5865	
sess_ys157bttz	anonymous	2026-03-24T02:46:30.362Z	B	Dance_Continuous	0.7371944761	0	0.8936337438	0.2215268087	TRUE	0.3327	0.2943	0.2418	0.2951	0.3981	0.2443	0.3961	0.3069	30s_Interval_AutoLog
sess_ys157bttz	anonymous	2026-03-24T02:46:50.377Z	B	Heart	0	0	0.7562970611	0.0852960286	TRUE	0.4698	0.2866	0.4224	0.2789	0.4061	0.3194	0.3978	0.2457	
sess_ys157bttz	anonymous	2026-03-24T02:46:53.763Z	B	Heart	0	0	0.5104046798	0.1713583621	TRUE	0.4127	0.2538	0.4254	0.297	0.3934	0.2364	0.3919	0.3262	
sess_ys157bttz	anonymous	2026-03-24T02:47:09.949Z	B	Dance_Continuous	0.0370084197	0	0.5855369798	0.154314162	TRUE	0.4954	0.2947	0.278	0.2185	0.4223	0.2999	0.3901	0.2482	30s_Interval_AutoLog
sess_ys157bttz	anonymous	2026-03-24T02:47:21.471Z	B	Victory	0.8608336459	0.3320254968	0.7311839533	0.4421042266	TRUE	0.4632	1.0094	0.5286	0.8751	0.5268	0.7203	0.5452	0.7152	left
sess_ys157bttz	anonymous	2026-03-24T02:47:26.793Z	B	Heart	1	0	1	0.25	TRUE	0.6046	0.9219	0.5779	0.8614	0.6229	0.7462	0.6213	0.7483	
sess_ys157bttz	anonymous	2026-03-24T02:47:30.815Z	B	Fireworks_Explosion	0.7219653714	0	0.7700724454	0.260965987	TRUE	0.5134	0.8276	0.3848	0.939	0.4957	0.7191	0.4198	0.7381	left
sess_ys157bttz	anonymous	2026-03-24T02:47:34.929Z	B	Fireworks_Explosion	0.635581684	0	0.8566923376	0.2090531028	TRUE	0.1874	0.5819	0.0833	0.8168	0.2848	0.6538	0.1732	0.6331	right
sess_ys157bttz	anonymous	2026-03-24T02:47:36.313Z	B	Heart	0	0	1	0	TRUE	0.534	0.6298	0.5364	0.6602	0.529	0.5447	0.579	0.5375	
sess_ys157bttz	anonymous	2026-03-24T02:47:41.215Z	B	Dance_Continuous	0	0	1	0	TRUE	0.7907	1.0371	0.46	1.0951	0.6376	0.7163	0.4875	0.7384	30s_Interval_AutoLog
sess_ys157bttz	anonymous	2026-03-24T02:47:48.696Z	B	Victory	0.620640293	0.4894269352	0.7630290651	0.4338706745	TRUE	0.5327	0.9844	0.1959	0.6541	0.5011	0.6976	0.322	0.7152	right
sess_ys157bttz	anonymous	2026-03-24T02:47:51.498Z	B	Fireworks_Explosion	0.2677462241	0.4081619905	0.3916280673	0.4431315287	TRUE	0.6124	0.9443	0.4208	0.9359	0.5156	0.5652	0.3655	0.5681	left
sess_ys157bttz	anonymous	2026-03-24T02:47:52.013Z	B	Gull_Flap	1	0.4340291809	0.7254531865	0.5197030571	TRUE	0.7133	0.5099	0.2059	0.2685	0.539	0.5471	0.3991	0.5284	
sess_ys157bttz	NCNU_User_1774320473951	2026-03-24T02:47:55.026Z	B	Gull_Flap	0.5	0.5	0.5	0.5	FALSE	0.6928	0.3554	0.2184	0.1665	0.5355	0.4708	0.3962	0.4432	
sess_ys157bttz	NCNU_User_1774320473951	2026-03-24T02:47:56.105Z	B	Gull_Flap	0.5	0.5	0.5	0.5	FALSE	0.6957	0.3622	0.2064	0.2316	0.5291	0.4645	0.3857	0.4465	
sess_qw3oth54b	NCNU_User_1774320473951	2026-03-24T02:48:02.090Z	B	Fireworks_Explosion	0.5	0.5	0.5	0.5	FALSE	0.6282	0.9623	0.3317	0.319	0.5332	0.4848	0.3927	0.4538	right
sess_qw3oth54b	NCNU_User_1774320473951	2026-03-24T02:48:05.986Z	B	Fireworks_Explosion	0.1799385733	0.3705356733	0.5349855602	0.3559539666	TRUE	0.6911	0.9438	0.4624	0.3177	0.5938	0.4761	0.424	0.4596	right
sess_qw3oth54b	NCNU_User_1774320473951	2026-03-24T02:48:11.235Z	B	Dance_Continuous	0.3237075723	0.0616797451	0.8828211892	0.1466113749	TRUE	0.7124	0.9848	0.4569	0.3583	0.5979	0.4744	0.4322	0.4561	30s_Interval_AutoLog
sess_qw3oth54b	NCNU_User_1774320473951	2026-03-24T02:48:14.095Z	B	Victory	0.02334421414	1	0	0.7558360535	TRUE	0.7664	0.3036	0.3346	0.2226	0.5878	0.4738	0.4301	0.4602	left
sess_qw3oth54b	NCNU_User_1774320473951	2026-03-24T02:48:14.488Z	B	Heart	0	0.8075069487	0	0.6730027795	TRUE	0.5449	0.2952	0.5458	0.2754	0.5931	0.4494	0.4404	0.4394	
sess_qw3oth54b	NCNU_User_1774320473951	2026-03-24T02:48:14.961Z	B	Victory	0	0.4314001538	0.334334707	0.4055429141	TRUE	0.6417	0.2741	0.4829	0.2459	0.586	0.4382	0.4271	0.4502	right
sess_qw3oth54b	NCNU_User_1774320473951	2026-03-24T02:48:16.439Z	B	Heart	0	0.5170066881	0.5075223458	0.3791698542	TRUE	0.5372	0.3015	0.5564	0.292	0.5963	0.4568	0.4376	0.4547	
sess_qw3oth54b	NCNU_User_1774320473951	2026-03-24T02:48:16.763Z	B	Victory	0	0.2700378848	0.706085158	0.2108853486	TRUE	0.5603	0.2974	0.5644	0.293	0.5979	0.4482	0.4348	0.4513	left
sess_qw3oth54b	NCNU_User_1774320473951	2026-03-24T02:48:17.637Z	B	Victory	0	0.6367488958	0.05626065293	0.5850083298	TRUE	0.7709	0.3683	0.2853	0.3301	0.5968	0.4806	0.43	0.4609	right
sess_qw3oth54b	NCNU_User_1774320473951	2026-03-24T02:48:18.391Z	B	Heart	0	0.6239427732	0.3649583778	0.471841677	TRUE	0.5603	0.3102	0.56	0.3093	0.5965	0.46	0.4391	0.4652	
sess_qw3oth54b	NCNU_User_1774320473951	2026-03-24T02:48:18.819Z	B	Fireworks_Explosion	0	0.3337831278	0.4488951929	0.3263999336	TRUE	0.5431	0.3184	0.5522	0.3145	0.598	0.4615	0.4354	0.4689	left
sess_qw3oth54b	NCNU_User_1774320473951	2026-03-24T02:48:20.627Z	B	Heart	0	0.792079056	0	0.6668316224	TRUE	0.5397	0.3269	0.56	0.3172	0.5976	0.4565	0.4345	0.4525	
sess_qw3oth54b	NCNU_User_1774320473951	2026-03-24T02:48:21.047Z	B	Victory	0	0.4281222223	0.2210916061	0.4438668268	TRUE	0.5599	0.313	0.5527	0.2928	0.5995	0.4455	0.4339	0.4548	left
sess_qw3oth54b	NCNU_User_1774320473951	2026-03-24T02:48:23.161Z	B	Heart	0	0.6364257589	0.1942806255	0.5365720846	TRUE	0.5473	0.3253	0.5589	0.3364	0.6	0.4594	0.4406	0.4597	
sess_qw3oth54b	NCNU_User_1774320473951	2026-03-24T02:48:23.432Z	B	Victory	0	0.4595088348	0.1384708055	0.485338752	TRUE	0.5422	0.2801	0.5638	0.2924	0.606	0.4514	0.4414	0.4493	right
sess_qw3oth54b	NCNU_User_1774320473951	2026-03-24T02:48:23.632Z	B	Victory	0	0.3258735731	0.3497217557	0.3579468147	TRUE	0.5622	0.293	0.5601	0.2992	0.6061	0.4553	0.4418	0.462	left
sess_qw3oth54b	NCNU_User_1774320473951	2026-03-24T02:48:25.510Z	B	Heart	0	0.5978873549	0.1678306348	0.5304142197	TRUE	0.5627	0.3125	0.5651	0.3213	0.6024	0.4608	0.4416	0.4566	
sess_qw3oth54b	NCNU_User_1774320473951	2026-03-24T02:48:25.911Z	B	Victory	0	0.2731252358	0.6353656645	0.2368721118	TRUE	0.5618	0.3141	0.5665	0.3209	0.6071	0.468	0.4412	0.4668	left
sess_qw3oth54b	NCNU_User_1774320473951	2026-03-24T02:48:28.049Z	B	Victory	0.4475857867	0.7334984015	0	0.7552958073	TRUE	0.6906	1.0318	0.3376	0.2007	0.5983	0.4819	0.4395	0.4664	right
sess_qw3oth54b	NCNU_User_1774320473951	2026-03-24T02:48:30.394Z	B	Victory	0.1797198771	0.1212419621	0.7007987039	0.1981472078	TRUE	0.691	1.0065	0.3676	0.8952	0.585	0.4831	0.4145	0.4702	right
sess_qw3oth54b	NCNU_User_1774320473951	2026-03-24T02:48:31.280Z	B	Victory	0.5970416751	0.2821761122	0.4419341675	0.457453905	TRUE	0.7007	1.0265	0.3662	0.1662	0.5859	0.4924	0.4246	0.4415	left
sess_qw3oth54b	NCNU_User_1774320473951	2026-03-24T02:48:33.834Z	B	Victory	0.517753705	0.8208228495	0	0.807767566	TRUE	0.6957	0.9961	0.3859	0.1262	0.5762	0.4681	0.4109	0.4429	right
sess_qw3oth54b	NCNU_User_1774320473951	2026-03-24T02:48:37.144Z	B	Fireworks_Explosion	0.5411910628	0.6362438683	0.2236371734	0.6615223023	TRUE	0.7025	0.9748	0.3841	0.0807	0.5767	0.4797	0.4116	0.4507	right
sess_qw3oth54b	NCNU_User_1774320473951	2026-03-24T02:48:39.879Z	B	Victory	0.4809536994	0.2044124336	0.5271927062	0.3674859511	TRUE	0.7172	0.9866	0.4082	0.1008	0.5867	0.4788	0.4213	0.4521	right
sess_qw3oth54b	NCNU_User_1774320473951	2026-03-24T02:48:41.278Z	B	Dance_Continuous	0.6207789992	0.09043135737	0.9800134933	0.1983625701	TRUE	0.7321	0.9915	0.435	0.1804	0.6084	0.4926	0.4477	0.4529	30s_Interval_AutoLog
sess_qw3oth54b	NCNU_User_1774320473951	2026-03-24T02:48:45.641Z	B	Victory	0	1	0	0.75	TRUE	0.6987	0.2865	0.3969	0.2345	0.5963	0.4599	0.4335	0.4494	left
sess_qw3oth54b	NCNU_User_1774320473951	2026-03-24T02:48:46.239Z	B	Heart	0	0.6544798225	0.00612916459	0.6096467214	TRUE	0.5474	0.3049	0.5567	0.2978	0.5942	0.4532	0.4375	0.4514	
sess_qw3oth54b	NCNU_User_1774320473951	2026-03-24T02:48:47.957Z	B	Victory	0	0.6764219867	0.2486665817	0.5335354911	TRUE	0.7142	0.2463	0.3805	0.1675	0.5929	0.4642	0.4313	0.434	right
sess_qw3oth54b	NCNU_User_1774320473951	2026-03-24T02:48:48.539Z	B	Victory	0	0.8677337653	0	0.6970935061	TRUE	0.5432	0.3057	0.558	0.3037	0.5918	0.4521	0.4308	0.4483	left
sess_qw3oth54b	NCNU_User_1774320473951	2026-03-24T02:48:49.975Z	B	Victory	0	0.5830522054	0.6003587853	0.3730953073	TRUE	0.7649	0.2992	0.3386	0.2324	0.593	0.47	0.4337	0.454	right
sess_qw3oth54b	NCNU_User_1774320473951	2026-03-24T02:48:50.667Z	B	Heart	0	0.5206500783	0.2135915897	0.4835029749	TRUE	0.5452	0.3316	0.5612	0.3276	0.5973	0.4579	0.4358	0.4725	
sess_qw3oth54b	NCNU_User_1774320473951	2026-03-24T02:48:50.937Z	B	Victory	0	0.8719663424	0	0.698786537	TRUE	0.556	0.3268	0.5589	0.3242	0.5946	0.4519	0.4347	0.4708	left
sess_qw3oth54b	NCNU_User_1774320473951	2026-03-24T02:48:52.201Z	B	Victory	0	1	0	0.75	TRUE	0.6437	0.1388	0.4767	0.1051	0.5828	0.4553	0.4304	0.4521	right
sess_qw3oth54b	NCNU_User_1774320473951	2026-03-24T02:48:52.534Z	B	Heart	0	1	0	0.75	TRUE	0.5598	0.2741	0.5631	0.2782	0.5845	0.4436	0.4281	0.4356	
sess_qw3oth54b	NCNU_User_1774320473951	2026-03-24T02:48:52.992Z	B	Victory	0	0.912109377	0	0.7148437508	TRUE	0.8082	0.4239	0.2894	0.3534	0.584	0.4646	0.4205	0.4692	left
sess_qw3oth54b	NCNU_User_1774320473951	2026-03-24T02:48:53.943Z	B	Heart	0	1	0	0.75	TRUE	0.5599	0.2614	0.5618	0.2536	0.5946	0.4403	0.4329	0.432	
sess_qw3oth54b	NCNU_User_1774320473951	2026-03-24T02:48:54.405Z	B	Victory	0	0.3744003375	0.268799082	0.4056804563	TRUE	0.5857	0.2531	0.5473	0.2524	0.5918	0.4394	0.4323	0.4373	right
sess_qw3oth54b	NCNU_User_1774320473951	2026-03-24T02:48:56.112Z	B	Gull_Flap	0	1	0	0.75	TRUE	0.7921	0.3066	0.2131	0.1571	0.5892	0.4478	0.4343	0.4395	
sess_qw3oth54b	NCNU_User_1774320473951	2026-03-24T02:48:57.466Z	B	Fireworks_Explosion	0	0.9037445812	0	0.7114978325	TRUE	0.5916	0.0687	0.4121	0.0315	0.5786	0.4182	0.4351	0.4224	right
sess_qw3oth54b	NCNU_User_1774320473951	2026-03-24T02:48:57.772Z	B	Gull_Flap	0	1	0	0.75	TRUE	0.8044	0.3231	0.2102	0.1727	0.5854	0.4588	0.4333	0.4429	
sess_qw3oth54b	NCNU_User_1774320473951	2026-03-24T02:48:59.426Z	B	Gull_Flap	0	1	0	0.75	TRUE	0.7946	0.3074	0.245	0.134	0.5903	0.46	0.427	0.4465	
sess_qw3oth54b	NCNU_User_1774320473951	2026-03-24T02:49:00.083Z	B	Victory	0	0.9244672412	0	0.7197868965	TRUE	0.8033	0.9137	0.2153	0.842	0.5865	0.4894	0.4264	0.4809	left
sess_qw3oth54b	NCNU_User_1774320473951	2026-03-24T02:49:01.103Z	B	Gull_Flap	0	1	0	0.75	TRUE	0.7902	0.4428	0.2345	0.3054	0.5961	0.4689	0.4341	0.4453	
sess_qw3oth54b	NCNU_User_1774320473951	2026-03-24T02:49:04.041Z	B	Victory	0.2158296363	1	0	0.8039574091	TRUE	0.7747	0.9023	0.4386	0.292	0.5839	0.4702	0.4355	0.4594	left
sess_qw3oth54b	NCNU_User_1774320473951	2026-03-24T02:49:07.857Z	B	Fireworks_Explosion	0.4215080832	0.9340109659	0.2224179641	0.7511351197	TRUE	0.6858	0.9491	0.3155	0.0744	0.5887	0.476	0.4229	0.4535	right
sess_qw3oth54b	NCNU_User_1774320473951	2026-03-24T02:49:10.491Z	B	Fireworks_Explosion	0.4906177483	0.4981658199	0.2622297252	0.5801403612	TRUE	0.6925	0.9273	0.3406	0.1521	0.5835	0.4737	0.4332	0.4353	right
sess_qw3oth54b	NCNU_User_1774320473951	2026-03-24T02:49:11.295Z	B	Dance_Continuous	0.6827170372	0.2067431838	0.648300415	0.3764713876	TRUE	0.7016	0.9594	0.3922	0.0964	0.5982	0.4892	0.4491	0.4363	30s_Interval_AutoLog
sess_qw3oth54b	NCNU_User_1774320473951	2026-03-24T02:49:13.339Z	B	Victory	0.6036657476	0.9243600558	0.3268031944	0.7562793412	TRUE	0.6793	0.933	0.3166	-0.0279	0.5582	0.4703	0.4039	0.4188	right
sess_qw3oth54b	NCNU_User_1774320473951	2026-03-24T02:49:21.373Z	B	Fireworks_Explosion	0.3783031813	0.6344640972	0.1761592072	0.6367057117	TRUE	0.7142	0.9538	0.4748	0.2401	0.5875	0.4727	0.4306	0.4641	right
sess_qw3oth54b	NCNU_User_1774320473951	2026-03-24T02:49:23.520Z	B	Fireworks_Explosion	0	0.7190734214	0.4472522884	0.4810910676	TRUE	0.6652	0.124	0.4317	0.0952	0.6034	0.454	0.4512	0.4329	left
sess_qw3oth54b	NCNU_User_1774320473951	2026-03-24T02:49:23.923Z	B	Victory	0	0.3688779249	0.4020084321	0.3568482187	TRUE	0.6285	0.1302	0.4171	0.0738	0.5983	0.4407	0.4506	0.4343	right
sess_qw3oth54b	NCNU_User_1774320473951	2026-03-24T02:49:24.204Z	B	Gull_Flap	0	0.7527108395	0	0.6510843358	TRUE	0.7855	0.2295	0.2447	0.1164	0.5994	0.4495	0.4463	0.4389	
sess_qw3oth54b	NCNU_User_1774320473951	2026-03-24T02:49:26.255Z	B	Gull_Flap	0	0.9793157909	0	0.7417263164	TRUE	0.7968	0.4638	0.2358	0.1902	0.607	0.4705	0.447	0.4525	
sess_qw3oth54b	NCNU_User_1774320473951	2026-03-24T02:49:27.114Z	B	Victory	0.009667290444	1	0	0.7524168226	TRUE	0.8141	0.6445	0.1968	0.746	0.5933	0.4812	0.4375	0.4639	right
sess_qw3oth54b	NCNU_User_1774320473951	2026-03-24T02:49:28.227Z	B	Gull_Flap	0	1	0	0.75	TRUE	0.7921	0.4281	0.2605	0.1488	0.6012	0.4677	0.4396	0.4544	
sess_qw3oth54b	NCNU_User_1774320473951	2026-03-24T02:49:28.904Z	B	Victory	0	1	0	0.75	TRUE	0.6893	1.0238	0.3979	0.9235	0.5963	0.4979	0.4386	0.5031	left
sess_qw3oth54b	NCNU_User_1774320473951	2026-03-24T02:49:32.460Z	B	Victory	0	0.9579135225	0	0.733165409	TRUE	0.5356	0.25	0.5597	0.2531	0.5917	0.4309	0.4369	0.4281	right
sess_qw3oth54b	NCNU_User_1774320473951	2026-03-24T02:49:32.806Z	B	Victory	0	0.5072318878	0.08740383445	0.5223014131	TRUE	0.5504	0.2662	0.5551	0.2619	0.594	0.4361	0.4356	0.4368	left
sess_qw3oth54b	NCNU_User_1774320473951	2026-03-24T02:49:33.675Z	B	Fireworks_Explosion	0	0.387600119	0.1805415595	0.4418505018	TRUE	0.7754	0.298	0.2534	0.3117	0.5975	0.4661	0.4289	0.4606	right
sess_qw3oth54b	NCNU_User_1774320473951	2026-03-24T02:49:34.547Z	B	Heart	0	0.6859279211	0	0.6243711684	TRUE	0.545	0.2653	0.5539	0.2693	0.5907	0.4384	0.4315	0.4277	
sess_qw3oth54b	NCNU_User_1774320473951	2026-03-24T02:49:34.812Z	B	Victory	0	0.4312952912	0.2246174467	0.4439020101	TRUE	0.5454	0.2658	0.5496	0.2547	0.5951	0.4363	0.4315	0.4298	left
sess_qw3oth54b	NCNU_User_1774320473951	2026-03-24T02:49:35.292Z	B	Gull_Flap	0	0.7812382002	0.02512878875	0.653700204	TRUE	0.8466	0.422	0.2046	0.4694	0.5969	0.4765	0.4301	0.4739	
sess_qw3oth54b	NCNU_User_1774320473951	2026-03-24T02:49:36.310Z	B	Heart	0	0.7255511906	0.1437117702	0.5899213567	TRUE	0.544	0.3025	0.5579	0.3001	0.5992	0.4409	0.4359	0.4315	
sess_qw3oth54b	NCNU_User_1774320473951	2026-03-24T02:49:36.863Z	B	Gull_Flap	0	0.5874865918	0.2239930007	0.5065970865	TRUE	0.8189	0.3567	0.2243	0.3748	0.5949	0.4696	0.4256	0.4613	
sess_qw3oth54b	NCNU_User_1774320473951	2026-03-24T02:49:37.075Z	B	Victory	0	0.869606553	0.3143322445	0.5878263356	TRUE	0.8306	0.447	0.1766	0.5521	0.5947	0.4782	0.4291	0.4778	right
sess_qw3oth54b	NCNU_User_1774320473951	2026-03-24T02:49:37.562Z	B	Victory	0.1226213594	1	0.0783746949	0.7532241966	TRUE	0.7926	0.2173	0.2921	0.1442	0.5988	0.4668	0.4375	0.4461	left
sess_qw3oth54b	NCNU_User_1774320473951	2026-03-24T02:49:37.938Z	B	Heart	0	1	0	0.75	TRUE	0.552	0.2993	0.5712	0.3098	0.6021	0.4338	0.4358	0.4269	
sess_qw3oth54b	NCNU_User_1774320473951	2026-03-24T02:49:38.473Z	B	Gull_Flap	0	1	0	0.75	TRUE	0.8406	0.4029	0.2088	0.4007	0.5966	0.4751	0.43	0.4744	
sess_qw3oth54b	NCNU_User_1774320473951	2026-03-24T02:49:39.451Z	B	Victory	0	1	0.1516362443	0.6969273145	TRUE	0.5676	0.2188	0.5836	0.2222	0.5852	0.4345	0.4351	0.4335	right
sess_qw3oth54b	NCNU_User_1774320473951	2026-03-24T02:49:39.833Z	B	Victory	0	1	0	0.75	TRUE	0.578	0.2901	0.5596	0.2932	0.6036	0.4477	0.4344	0.449	left
sess_qw3oth54b	NCNU_User_1774320473951	2026-03-24T02:49:40.172Z	B	Gull_Flap	0	0.9472389454	0	0.7288955782	TRUE	0.816	0.2913	0.2529	0.2668	0.5956	0.4666	0.4329	0.4534	
sess_qw3oth54b	NCNU_User_1774320473951	2026-03-24T02:49:41.339Z	B	Dance_Continuous	0	1	0	0.75	TRUE	0.5869	0.4394	0.592	0.2998	0.5913	0.4561	0.439	0.4423	30s_Interval_AutoLog
sess_qw3oth54b	NCNU_User_1774320473951	2026-03-24T02:49:41.678Z	B	Victory	0	1	0.07455603632	0.7239053873	TRUE	0.5745	0.3107	0.576	0.3049	0.6069	0.4558	0.4432	0.452	right
sess_qw3oth54b	NCNU_User_1774320473951	2026-03-24T02:49:43.582Z	B	Fireworks_Explosion	0.4969277855	0.6859394408	0.4717490023	0.5834955719	TRUE	0.6966	0.9928	0.3802	0.1279	0.5941	0.4769	0.436	0.4522	right
sess_qw3oth54b	NCNU_User_1774320473951	2026-03-24T02:49:44.446Z	B	Victory	0.7383636838	0.3107997259	0.2796589569	0.5610301764	TRUE	0.706	0.9825	0.3988	0.1089	0.5948	0.4866	0.4444	0.4403	right
sess_qw3oth54b	NCNU_User_1774320473951	2026-03-24T02:49:45.956Z	B	Fireworks_Explosion	0.572948764	0.3090600262	0.3974561801	0.4777515384	TRUE	0.6996	0.9729	0.3672	0.0747	0.5805	0.4807	0.4212	0.4571	right
sess_qw3oth54b	NCNU_User_1774320473951	2026-03-24T02:49:48.218Z	B	Fireworks_Explosion	0.5533707191	0.6703211118	0.5807778628	0.5531988725	TRUE	0.6897	0.9812	0.4316	0.0988	0.5812	0.4782	0.4239	0.4469	right
sess_qw3oth54b	NCNU_User_1774320473951	2026-03-24T02:49:50.359Z	B	Victory	0.5161997837	0.4672894546	0.6208510003	0.4486678776	TRUE	0.6977	0.9818	0.4474	0.1808	0.5864	0.482	0.4322	0.4486	right
sess_qw3oth54b	NCNU_User_1774320473951	2026-03-24T02:49:52.639Z	B	Fireworks_Explosion	0	0.9391390723	0	0.7256556289	TRUE	0.8302	0.6436	0.4235	0.6979	0.571	0.4813	0.4034	0.4718	right
sess_qw3oth54b	NCNU_User_1774320473951	2026-03-24T02:49:53.545Z	B	Gull_Flap	0	1	0	0.75	TRUE	0.771	0.2527	0.1807	0.1035	0.5571	0.4373	0.3925	0.4276	
sess_dzrg5cjnh	NCNU_User_1774320600526	2026-03-24T02:50:02.248Z	B	Heart	0.5	0.5	0.5	0.5	FALSE	0.0584	0.8148	0.0349	0.7759	0.0633	0.6666	0.011	0.67	
sess_dzrg5cjnh	NCNU_User_1774320600526	2026-03-24T02:50:05.303Z	B	Heart	0.5	0.5	0.5	0.5	FALSE	0.4488	0.7168	0.447	0.7129	0.4738	0.6307	0.4341	0.6355	
sess_dzrg5cjnh	NCNU_User_1774320600526	2026-03-24T02:50:07.950Z	B	Victory	0.5	0.5	0.5	0.5	FALSE	0.4593	0.746	0.4705	0.7362	0.4782	0.632	0.4368	0.6334	left
sess_dzrg5cjnh	NCNU_User_1774320600526	2026-03-24T02:50:10.287Z	B	Baseline_End	0.255695378	0.4812402552	0.2621608292	0.5146636564	TRUE	0.4606	0.7277	0.4695	0.7204	0.4768	0.637	0.4367	0.6349	baseline calibrated
sess_dzrg5cjnh	NCNU_User_1774320600526	2026-03-24T02:50:11.362Z	B	Dance_Continuous	0.2926858516	0.3607478838	0.5912007623	0.3605503496	TRUE	0.4717	0.6722	0.4597	0.6752	0.4758	0.6352	0.4372	0.6351	30s_Interval_AutoLog
sess_dzrg5cjnh	NCNU_User_1774320600526	2026-03-24T02:50:36.123Z	B	Fireworks_Explosion	0.03469911267	0.1948266626	0.8178493152	0.1503581829	TRUE	0.4632	0.7213	0.4659	0.7222	0.478	0.6386	0.4389	0.6321	right
sess_dzrg5cjnh	NCNU_User_1774320600526	2026-03-24T02:50:41.382Z	B	Dance_Continuous	0.1156149096	0.274040402	0.5643343193	0.2910028765	TRUE	0.464	0.7208	0.4652	0.7189	0.4779	0.6364	0.4388	0.6304	30s_Interval_AutoLog
sess_dzrg5cjnh	NCNU_User_1774320600526	2026-03-24T02:50:52.502Z	B	Fireworks_Explosion	0.03469931689	0.1473601568	0.9991096325	0.06793052057	TRUE	0.4631	0.7208	0.466	0.7225	0.4776	0.6364	0.4378	0.6331	right
sess_dzrg5cjnh	NCNU_User_1774320600526	2026-03-24T02:51:11.412Z	B	Dance_Continuous	0.1430033118	0.27316752	0.6888058726	0.2539357805	TRUE	0.4639	0.7235	0.4635	0.7218	0.477	0.6383	0.4375	0.6329	30s_Interval_AutoLog
sess_dzrg5cjnh	NCNU_User_1774320600526	2026-03-24T02:51:21.310Z	B	Fireworks_Explosion	1	1	0.2441798371	0.914537057	TRUE	0.6034	1.0094	0.4691	0.3127	0.4922	0.356	0.2967	0.3154	right
sess_dzrg5cjnh	NCNU_User_1774320600526	2026-03-24T02:51:22.838Z	B	Fireworks_Explosion	1	1	0.1779857567	0.9377049851	TRUE	0.6033	0.9967	0.4816	0.3525	0.4899	0.3538	0.3003	0.3068	right
sess_dzrg5cjnh	NCNU_User_1774320600526	2026-03-24T02:51:23.989Z	B	Fireworks_Explosion	1	1	0.3852786041	0.8651524886	TRUE	0.6112	1.0041	0.4753	0.343	0.492	0.3549	0.3003	0.3007	right
sess_dzrg5cjnh	NCNU_User_1774320600526	2026-03-24T02:51:24.462Z	B	Victory	1	0.7095210283	0.4595487011	0.722966366	TRUE	0.6254	0.993	0.4392	0.324	0.4911	0.3571	0.2942	0.3117	right
sess_dzrg5cjnh	NCNU_User_1774320600526	2026-03-24T02:51:25.179Z	B	Heart	1	1	0.02510103	0.9912146395	TRUE	0.4133	0.2379	0.4063	0.2141	0.4899	0.331	0.2873	0.3094	
sess_dzrg5cjnh	NCNU_User_1774320600526	2026-03-24T02:51:26.877Z	B	Heart	0.2068182482	0.7425048571	0.06047523412	0.677540173	TRUE	0.4138	0.2893	0.4168	0.2771	0.4779	0.3497	0.2749	0.3133	
sess_dzrg5cjnh	NCNU_User_1774320600526	2026-03-24T02:51:27.421Z	B	Heart	0.1459521961	0.6648031835	0.1349714031	0.6051693314	TRUE	0.426	0.2882	0.4249	0.2791	0.4803	0.34	0.2759	0.3122	
sess_dzrg5cjnh	NCNU_User_1774320600526	2026-03-24T02:51:28.767Z	B	Gull_Flap	1	1	0	1	TRUE	0.7435	0.3048	0.0337	0.1252	0.4901	0.3448	0.2937	0.3204	
sess_dzrg5cjnh	NCNU_User_1774320600526	2026-03-24T02:51:32.616Z	B	Gull_Flap	1	1	0.3961437311	0.8613496941	TRUE	0.0549	0.1051	0.1068	0.0898	0.1102	0.1917	0.1291	0.2171	
sess_dzrg5cjnh	NCNU_User_1774320600526	2026-03-24T02:51:32.963Z	B	Heart	1	1	0.491248408	0.8280630572	TRUE	0.1267	0.7254	0.0838	0.723	0.1469	0.6428	0.1018	0.646	
sess_dzrg5cjnh	NCNU_User_1774320600526	2026-03-24T02:51:40.992Z	B	Heart	0.5626778088	1	0	0.8906694522	TRUE	0.6088	0.7001	0.6108	0.7044	0.6279	0.6106	0.5928	0.6115	
sess_dzrg5cjnh	NCNU_User_1774320600526	2026-03-24T02:51:41.468Z	B	Dance_Continuous	0.2737011259	0.7308555446	0.1333595156	0.6640916688	TRUE	0.6124	0.7155	0.6141	0.7101	0.6277	0.6109	0.5926	0.6116	30s_Interval_AutoLog
sess_dzrg5cjnh	NCNU_User_1774320600526	2026-03-24T02:51:43.829Z	B	Victory	0.06924689935	0.2101320029	0.7721749704	0.1811032864	TRUE	0.6117	0.7171	0.6087	0.7151	0.628	0.6124	0.5929	0.6119	right
sess_dzrg5cjnh	NCNU_User_1774320600526	2026-03-24T02:51:46.855Z	B	Victory	0.07249845643	0.3274863582	0.462645593	0.3371931998	TRUE	0.618	0.7125	0.6187	0.713	0.6367	0.6104	0.6016	0.6094	right
sess_dzrg5cjnh	NCNU_User_1774320600526	2026-03-24T02:51:48.366Z	B	Heart	1	1	0.04519942333	0.9841802018	TRUE	0.8278	0.8131	0.8281	0.8132	1.0618	0.6471	0.9395	0.6847	
sess_dzrg5cjnh	NCNU_User_1774320600526	2026-03-24T02:52:02.651Z	B	Victory	0.9035190344	1	0.4054886505	0.8339587309	TRUE	0.7752	0.3436	0.7979	0.4758	0.8998	0.2596	0.796	0.2815	left
sess_dzrg5cjnh	NCNU_User_1774320600526	2026-03-24T02:52:03.086Z	B	Heart	0.7641449072	1	0.4551814674	0.7817227132	TRUE	0.0895	0.8865	0.1173	0.8675	0.0984	0.5576	-0.0172	0.5617	
sess_dzrg5cjnh	NCNU_User_1774320600526	2026-03-24T02:52:09.014Z	B	Heart	0.3629559792	1	0.004923833018	0.8390156532	TRUE	0.2127	0.5391	0.2205	0.5051	0.1941	0.572	0.1807	0.4967	
sess_dzrg5cjnh	NCNU_User_1774320600526	2026-03-24T02:52:11.508Z	B	Dance_Continuous	0.980708409	1	0.1761257535	0.9335330885	TRUE	0.6275	0.2803	0.7785	0.1586	0.5952	0.1929	0.5796	0.3935	30s_Interval_AutoLog
sess_dzrg5cjnh	NCNU_User_1774320600526	2026-03-24T02:52:17.119Z	B	Victory	0.9829490882	0.8627698556	0.3114943944	0.8318221762	TRUE	0.6832	0.9414	0.3181	0.5267	0.6777	0.3875	0.3871	0.3258	right
sess_dzrg5cjnh	NCNU_User_1774320600526	2026-03-24T02:52:18.643Z	B	Victory	1	1	0	1	TRUE	0.7039	0.4684	0.3581	0.2955	0.6365	0.3323	0.3492	0.3065	left
sess_dzrg5cjnh	NCNU_User_1774320600526	2026-03-24T02:52:23.092Z	B	Victory	1	0.9321143816	0.2986691005	0.8683115675	TRUE	0.7508	0.3217	0.286	0.2454	0.546	0.3446	0.2826	0.334	right
sess_dzrg5cjnh	NCNU_User_1774320600526	2026-03-24T02:52:24.224Z	B	Heart	0.5835500093	0.7030342604	0.3386256834	0.6585822173	TRUE	0.4754	0.2967	0.4718	0.295	0.5243	0.3392	0.2862	0.3432	
sess_gdjowb7lg	NCNU_User_1774320744746	2026-03-24T02:52:33.642Z	B	Victory	0.5	0.5	0.5	0.5	FALSE	0.4613	0.2196	0.4509	0.2257	0.5306	0.3545	0.2833	0.359	left
sess_gdjowb7lg	NCNU_User_1774320744746	2026-03-24T02:52:34.709Z	B	Baseline_End	0.6493846001	0.4998677943	0.3587722041	0.5867229963	TRUE	0.5363	0.1577	0.3366	0.0687	0.5274	0.3667	0.2871	0.3681	baseline calibrated
sess_gdjowb7lg	NCNU_User_1774320744746	2026-03-24T02:52:35.676Z	B	Victory	0.02105155352	0.1282128628	0.6004536189	0.1963892669	TRUE	0.4631	0.2539	0.4628	0.258	0.5339	0.3228	0.2795	0.3276	left
sess_gdjowb7lg	NCNU_User_1774320744746	2026-03-24T02:52:37.183Z	B	Heart	0	0.4950320104	0.452067067	0.3897893307	TRUE	0.453	0.2659	0.4539	0.266	0.5336	0.3434	0.2776	0.3456	
sess_gdjowb7lg	NCNU_User_1774320744746	2026-03-24T02:52:25.256Z	B	Victory	0.5	0.5	0.5	0.5	FALSE	0.5496	0.3015	0.5468	0.2976	0.5326	0.3695	0.283	0.3979	left
sess_gdjowb7lg	NCNU_User_1774320744746	2026-03-24T02:52:27.477Z	B	Victory	0.5	0.5	0.5	0.5	FALSE	0.5812	0.2413	0.4025	0.2491	0.5451	0.338	0.2934	0.3372	left
sess_gdjowb7lg	NCNU_User_1774320744746	2026-03-24T02:52:28.656Z	B	Heart	0.5	0.5	0.5	0.5	FALSE	0.501	0.293	0.5067	0.3265	0.5226	0.3676	0.284	0.3804	
sess_gdjowb7lg	NCNU_User_1774320744746	2026-03-24T02:52:30.114Z	B	Victory	0.5	0.5	0.5	0.5	FALSE	0.5903	0.1856	0.3679	0.1078	0.5416	0.3361	0.2959	0.3526	right
sess_gdjowb7lg	NCNU_User_1774320744746	2026-03-24T02:52:31.140Z	B	Victory	0.5	0.5	0.5	0.5	FALSE	0.4895	0.2383	0.4785	0.2378	0.5219	0.3098	0.2874	0.3199	left
sess_gdjowb7lg	NCNU_User_1774320744746	2026-03-24T02:52:37.454Z	B	Victory	0	0.4241643628	0.414570657	0.3745660152	TRUE	0.4907	0.59	0.4272	0.2996	0.5464	0.2966	0.274	0.317	right
sess_gdjowb7lg	NCNU_User_1774320744746	2026-03-24T02:52:41.513Z	B	Dance_Continuous	1	1	0	1	TRUE	0.8457	0.8586	0.0974	0.5531	0.5321	0.3253	0.2668	0.3275	30s_Interval_AutoLog
sess_gdjowb7lg	NCNU_User_1774320744746	2026-03-24T02:52:54.908Z	B	Victory	1	1	0.31215752	0.890744868	TRUE	0.5459	0.5649	0.3963	0.332	0.5537	0.3284	0.322	0.3277	right
sess_gdjowb7lg	NCNU_User_1774320744746	2026-03-24T02:52:56.623Z	B	Victory	0.8292935654	0.5632992979	0.08933131791	0.7513771493	TRUE	0.551	0.2758	0.3787	0.4415	0.5263	0.3184	0.3259	0.323	left
sess_gdjowb7lg	NCNU_User_1774320744746	2026-03-24T02:52:56.943Z	B	Victory	0.5640854787	0.3477472418	0.2812259365	0.5316911886	TRUE	0.4584	0.531	0.4724	0.3185	0.5278	0.3202	0.3198	0.332	right
sess_gdjowb7lg	NCNU_User_1774320744746	2026-03-24T02:52:58.995Z	B	Heart	0	0.4109604632	0.4131179396	0.3697929064	TRUE	0.4685	0.3003	0.4715	0.2922	0.5423	0.3108	0.3199	0.3215	
sess_gdjowb7lg	NCNU_User_1774320744746	2026-03-24T02:52:59.362Z	B	Victory	0.318645412	0.3512071946	0.3674127321	0.4415497746	TRUE	0.4618	0.5585	0.4756	0.3375	0.5403	0.2969	0.3197	0.3202	right
sess_gdjowb7lg	NCNU_User_1774320744746	2026-03-24T02:52:59.649Z	B	Victory	0.6582253179	0.5592170034	0.4723205332	0.5729309442	TRUE	0.6049	0.315	0.3114	0.4883	0.5427	0.3103	0.3211	0.3172	left
sess_gdjowb7lg	NCNU_User_1774320744746	2026-03-24T02:53:00.570Z	B	Heart	0	0.1456380942	0.7741366745	0.1373074016	TRUE	0.4777	0.2738	0.483	0.2664	0.5439	0.32	0.3348	0.3214	
sess_gdjowb7lg	NCNU_User_1774320744746	2026-03-24T02:53:00.976Z	B	Heart	0	0.09373446806	0.7676994312	0.1187989863	TRUE	0.4791	0.3152	0.481	0.3049	0.545	0.3073	0.3315	0.3183	
sess_gdjowb7lg	NCNU_User_1774320744746	2026-03-24T02:53:01.997Z	B	Victory	0.2259425257	0.5595797921	0	0.6303175483	TRUE	0.525	0.2435	0.4082	0.2048	0.5469	0.31	0.3324	0.3198	left
sess_gdjowb7lg	NCNU_User_1774320744746	2026-03-24T02:53:02.218Z	B	Victory	0	0.289761844	0.170475614	0.4062382727	TRUE	0.5031	0.3502	0.4845	0.3077	0.5444	0.3167	0.3342	0.3224	right
sess_gdjowb7lg	NCNU_User_1774320744746	2026-03-24T02:53:02.487Z	B	Heart	0	0.1528346427	0.5809594994	0.2077980323	TRUE	0.486	0.2928	0.4855	0.2965	0.5487	0.312	0.335	0.3184	
sess_gdjowb7lg	NCNU_User_1774320744746	2026-03-24T02:53:04.246Z	B	Victory	0	0.5020974722	0.1667647183	0.4924713375	TRUE	0.4974	0.3096	0.4932	0.3026	0.5425	0.3129	0.3357	0.3161	left
sess_gdjowb7lg	NCNU_User_1774320744746	2026-03-24T02:53:06.272Z	B	Victory	0.4846989771	0.5178807347	0.7154249818	0.4279282945	TRUE	0.4948	0.2563	0.4919	0.2515	0.5399	0.3042	0.3309	0.3216	left
sess_gdjowb7lg	NCNU_User_1774320744746	2026-03-24T02:53:07.084Z	B	Victory	0	0.229106633	1	0.09164265318	TRUE	0.4763	0.3149	0.4756	0.3161	0.5398	0.3084	0.3273	0.3326	right
sess_gdjowb7lg	NCNU_User_1774320744746	2026-03-24T02:53:08.779Z	B	Victory	0	0.2838989423	0.4080834763	0.3207303602	TRUE	0.4506	0.3767	0.4663	0.3879	0.5518	0.3191	0.3305	0.3356	left
sess_gdjowb7lg	NCNU_User_1774320744746	2026-03-24T02:53:09.905Z	B	Victory	0	0.6131284881	0.173750461	0.5344387339	TRUE	0.4303	0.3275	0.435	0.3394	0.5328	0.3189	0.3226	0.3302	right
sess_gdjowb7lg	NCNU_User_1774320744746	2026-03-24T02:53:11.516Z	B	Dance_Continuous	1	1	0.09608879187	0.9663689228	TRUE	0.5427	1.0236	0.2213	0.4077	0.5679	0.3431	0.3443	0.3505	30s_Interval_AutoLog
sess_gdjowb7lg	NCNU_User_1774320744746	2026-03-24T02:53:16.646Z	B	Heart	1	1	0	1	TRUE	0.3055	0.7561	0.3268	0.7198	0.3169	0.5507	0.2436	0.5731	
sess_gdjowb7lg	NCNU_User_1774320744746	2026-03-24T02:53:19.650Z	B	Heart	0	1	0	0.75	TRUE	0.7034	0.662	0.7022	0.6517	0.6943	0.4585	0.6186	0.4717	
sess_gdjowb7lg	NCNU_User_1774320744746	2026-03-24T02:53:20.316Z	B	Heart	0	1	0	0.75	TRUE	0.6019	0.6748	0.6204	0.6617	0.6053	0.4642	0.5358	0.486	
sess_gdjowb7lg	NCNU_User_1774320744746	2026-03-24T02:53:24.807Z	B	Heart	1	1	0.2803835031	0.9018657739	TRUE	0.5967	0.852	0.573	0.8939	0.5399	0.6041	0.4522	0.6188	
sess_gdjowb7lg	NCNU_User_1774320744746	2026-03-24T02:53:26.646Z	B	Heart	0.05527491418	1	0	0.7638187285	TRUE	0.7154	0.8639	0.6904	0.9211	0.6395	0.5479	0.5393	0.5762	
sess_gdjowb7lg	NCNU_User_1774320744746	2026-03-24T02:53:30.288Z	B	Heart	0	0.2177780459	1	0.08711121838	TRUE	0.6951	0.8942	0.6731	0.9386	0.6287	0.5824	0.5322	0.6029	
sess_gdjowb7lg	NCNU_User_1774320744746	2026-03-24T02:53:37.085Z	B	Fireworks_Explosion	1	0.3651674034	0.6140858817	0.5311369027	TRUE	0.629	0.6523	0.6714	0.9397	0.6344	0.5908	0.5264	0.606	left
sess_gdjowb7lg	NCNU_User_1774320744746	2026-03-24T02:53:37.638Z	B	Heart	1	0.8604865116	0.2418786653	0.8595370718	TRUE	0.676	0.8608	0.6745	0.9288	0.6333	0.592	0.5292	0.6025	
sess_gdjowb7lg	NCNU_User_1774320744746	2026-03-24T02:53:41.525Z	B	Dance_Continuous	1	0	1	0.25	TRUE	0.788	0.9634	0.531	0.9335	0.6941	0.6113	0.5767	0.6002	30s_Interval_AutoLog
sess_gdjowb7lg	NCNU_User_1774320744746	2026-03-24T02:53:54.663Z	B	Victory	1	1	0	1	TRUE	0.5798	0.2604	0.4425	0.5129	0.6245	0.2832	0.519	0.3033	right
sess_gdjowb7lg	NCNU_User_1774320744746	2026-03-24T02:53:59.265Z	B	Victory	1	0.463649054	0.4741099102	0.619521153	TRUE	0.5615	0.2409	0.4566	0.2184	0.5357	0.2491	0.4203	0.2778	right
sess_gdjowb7lg	NCNU_User_1774320744746	2026-03-24T02:53:59.534Z	B	Heart	0.9586755748	1	0	0.9896688937	TRUE	0.5043	0.2071	0.4812	0.2959	0.5317	0.2368	0.4207	0.263	
sess_gdjowb7lg	NCNU_User_1774320744746	2026-03-24T02:54:00.002Z	B	Heart	0	1	0	0.75	TRUE	0.5215	0.1925	0.5049	0.1926	0.5341	0.2477	0.426	0.2631	
sess_gdjowb7lg	NCNU_User_1774320744746	2026-03-24T02:54:00.398Z	B	Victory	0	1	0	0.75	TRUE	0.522	0.1751	0.4913	0.1842	0.5283	0.2502	0.4231	0.2669	left
sess_gdjowb7lg	NCNU_User_1774320744746	2026-03-24T02:54:02.407Z	B	Victory	0	0.182392849	0.8815745954	0.1144060312	TRUE	0.4837	0.2131	0.4917	0.194	0.5235	0.2349	0.4137	0.2682	right
sess_g9qmb3sao	NCNU_User_1774320843185	2026-03-24T02:54:06.437Z	B	Victory	0.5	0.5	0.5	0.5	FALSE	0.5117	0.2385	0.506	0.231	0.529	0.2302	0.4165	0.2563	right
sess_g9qmb3sao	NCNU_User_1774320843185	2026-03-24T02:54:07.237Z	B	Heart	0.5	0.5	0.5	0.5	FALSE	0.52	0.2364	0.5139	0.2342	0.5256	0.2398	0.4162	0.2572	
sess_g9qmb3sao	NCNU_User_1774320843185	2026-03-24T02:54:07.835Z	B	Heart	0.5	0.5	0.5	0.5	FALSE	0.5074	0.2567	0.5124	0.2473	0.5264	0.2315	0.414	0.2577	
sess_g9qmb3sao	NCNU_User_1774320843185	2026-03-24T02:54:08.574Z	B	Victory	0.5	0.5	0.5	0.5	FALSE	0.5307	0.2604	0.4717	0.3216	0.53	0.2559	0.4152	0.264	left
sess_g9qmb3sao	NCNU_User_1774320843185	2026-03-24T02:54:10.891Z	B	Heart	0.5	0.5	0.5	0.5	FALSE	0.5219	0.29	0.4786	0.3084	0.5313	0.2202	0.4178	0.267	
sess_g9qmb3sao	NCNU_User_1774320843185	2026-03-24T02:54:13.240Z	B	Baseline_End	1	0.8406109825	0.3568493588	0.8113471174	TRUE	0.5244	0.2678	0.4494	0.1522	0.5262	0.2709	0.4171	0.2774	baseline calibrated
sess_g9qmb3sao	NCNU_User_1774320843185	2026-03-24T02:54:16.288Z	B	Victory	1	0.1601076866	1	0.3140430746	TRUE	0.5283	0.2047	0.4586	0.1931	0.5255	0.2467	0.4116	0.2748	left
sess_g9qmb3sao	NCNU_User_1774320843185	2026-03-24T02:54:18.560Z	B	Victory	0.3748917773	0.8670575642	0.1644670195	0.7329825132	TRUE	0.529	0.26	0.5019	0.2246	0.5266	0.2456	0.4156	0.2612	right
sess_g9qmb3sao	NCNU_User_1774320843185	2026-03-24T02:54:21.029Z	B	Victory	1	0.3950299686	0.9344915565	0.4309399427	TRUE	0.5391	0.1454	0.5104	0.3683	0.5238	0.2459	0.4134	0.2843	left
sess_g9qmb3sao	NCNU_User_1774320843185	2026-03-24T02:54:23.222Z	B	Victory	1	0.3384097476	1	0.3853638991	TRUE	0.547	0.2247	0.4801	0.2359	0.5361	0.2297	0.4131	0.2725	right
sess_g9qmb3sao	NCNU_User_1774320843185	2026-03-24T02:54:24.028Z	B	Heart	1	0.472632994	0.3638751013	0.6616969121	TRUE	0.4952	0.2752	0.4772	0.3368	0.525	0.2535	0.4178	0.267	
sess_g9qmb3sao	NCNU_User_1774320843185	2026-03-24T02:54:24.359Z	B	Victory	1	1	0.1366370385	0.9521770365	TRUE	0.5595	0.1997	0.4674	0.304	0.5299	0.246	0.4186	0.2774	left
sess_g9qmb3sao	NCNU_User_1774320843185	2026-03-24T02:54:25.573Z	B	Fireworks_Explosion	1	0.5789961396	0.4586089851	0.6710853111	TRUE	0.5429	0.1896	0.4888	0.2025	0.526	0.256	0.4155	0.2816	left
sess_g9qmb3sao	NCNU_User_1774320843185	2026-03-24T02:54:27.132Z	B	Victory	1	0.2582196365	0.9647894245	0.365611556	TRUE	0.5532	0.2306	0.4841	0.2195	0.5292	0.2663	0.4142	0.2746	left
sess_g9qmb3sao	NCNU_User_1774320843185	2026-03-24T02:54:28.265Z	B	Victory	1	0.2281147523	0.9195689395	0.3693967721	TRUE	0.5667	0.2539	0.4703	0.2318	0.5292	0.2663	0.4154	0.2795	right
sess_g9qmb3sao	NCNU_User_1774320843185	2026-03-24T02:54:29.952Z	B	Victory	1	0.2028919287	0.7828003599	0.4071766455	TRUE	0.5508	0.2214	0.4795	0.2122	0.5333	0.2711	0.4182	0.2765	left
sess_g9qmb3sao	NCNU_User_1774320843185	2026-03-24T02:54:32.665Z	B	Heart	0.9184617339	0.3745372574	0.6127443424	0.5149698166	TRUE	0.4994	0.2945	0.4828	0.3346	0.5325	0.253	0.4188	0.2666	
sess_g9qmb3sao	NCNU_User_1774320843185	2026-03-24T02:54:33.869Z	B	Heart	0.8998247979	0.5644636202	0.5491078832	0.6085538884	TRUE	0.5189	0.2659	0.5247	0.2729	0.5321	0.2607	0.4199	0.2648	
sess_g9qmb3sao	NCNU_User_1774320843185	2026-03-24T02:54:34.198Z	B	Victory	0.4160413211	0.1997983025	0.7873758856	0.2583480913	TRUE	0.5237	0.2516	0.5173	0.2668	0.533	0.258	0.4202	0.2655	right
sess_g9qmb3sao	NCNU_User_1774320843185	2026-03-24T02:54:34.730Z	B	Heart	0.6705069469	1	0.2223601318	0.8398006906	TRUE	0.5013	0.2906	0.5276	0.2824	0.5334	0.2576	0.4187	0.2729	
sess_g9qmb3sao	NCNU_User_1774320843185	2026-03-24T02:54:36.217Z	B	Victory	0.4022098074	0.6241803626	0.5175673125	0.5190760375	TRUE	0.5535	0.3284	0.507	0.2505	0.5357	0.2557	0.4158	0.2656	right
sess_g9qmb3sao	NCNU_User_1774320843185	2026-03-24T02:54:36.499Z	B	Heart	0.5950538642	0.9946406667	0.2034846883	0.8254000918	TRUE	0.5521	0.3361	0.5306	0.3461	0.5367	0.2522	0.4187	0.2733	
sess_g9qmb3sao	NCNU_User_1774320843185	2026-03-24T02:54:43.254Z	B	Dance_Continuous	1	0.3641687725	0.7428545696	0.4856684097	TRUE	0.5516	0.3097	0.4697	0.3156	0.5349	0.2755	0.4182	0.2915	30s_Interval_AutoLog
sess_g9qmb3sao	NCNU_User_1774320843185	2026-03-24T02:54:43.872Z	B	Fireworks_Explosion	1	0.9473447095	0.3986541119	0.8394089446	TRUE	0.5462	0.3521	0.5139	0.2629	0.5293	0.2766	0.4185	0.2822	right
sess_g9qmb3sao	NCNU_User_1774320843185	2026-03-24T02:54:46.391Z	B	Heart	1	0.5346343341	0.4524291072	0.6555035461	TRUE	0.5249	0.358	0.4802	0.39	0.5221	0.2741	0.4173	0.2983	
sess_g9qmb3sao	NCNU_User_1774320843185	2026-03-24T02:54:46.930Z	B	Heart	0.8417903348	0.4596347693	0.2025664313	0.6734032405	TRUE	0.4784	0.3507	0.4932	0.3476	0.4865	0.2721	0.3849	0.2904	
sess_ku27wkp27	NCNU_User_1774320891926	2026-03-24T02:54:52.596Z	B	Heart	0.5	0.5	0.5	0.5	FALSE	0.2064	0.4164	0.1814	0.384	0.1533	0.1156	0.0392	0.1687	
sess_ku27wkp27	NCNU_User_1774320891926	2026-03-24T02:54:53.728Z	B	Heart	0.5	0.5	0.5	0.5	FALSE	0.2053	0.2553	0.1873	0.2179	0.1706	0.1167	0.0391	0.1662	
sess_ku27wkp27	NCNU_User_1774320891926	2026-03-24T02:54:54.530Z	B	Heart	0.5	0.5	0.5	0.5	FALSE	0.1469	0.2413	0.1861	0.2144	0.1769	0.1205	0.0407	0.1702	
sess_ku27wkp27	NCNU_User_1774320891926	2026-03-24T02:54:55.481Z	B	Victory	0.5	0.5	0.5	0.5	FALSE	0.1866	0.4045	0.2201	0.36	0.169	0.1244	0.0398	0.1626	left
sess_ku27wkp27	NCNU_User_1774320891926	2026-03-24T02:54:57.668Z	B	Victory	0.5	0.5	0.5	0.5	FALSE	0.1901	0.4074	0.223	0.3594	0.1682	0.1315	0.0341	0.1714	left
sess_ku27wkp27	NCNU_User_1774320891926	2026-03-24T02:55:00.130Z	B	Victory	0.5	0.5	0.5	0.5	FALSE	0.1991	0.405	0.223	0.3604	0.1674	0.1397	0.0341	0.1733	left
sess_ku27wkp27	NCNU_User_1774320891926	2026-03-24T02:55:01.975Z	B	Baseline_End	0.4126899243	0.6914111351	0.415555873	0.5842923795	TRUE	0.1954	0.3958	0.2237	0.3609	0.1584	0.1324	0.0353	0.164	baseline calibrated
sess_ku27wkp27	NCNU_User_1774320891926	2026-03-24T02:55:04.516Z	B	Victory	0.485075505	0.4335368032	0.5969149211	0.4357633752	TRUE	0.1884	0.4075	0.2219	0.3603	0.1586	0.1293	0.0361	0.168	left
sess_ku27wkp27	NCNU_User_1774320891926	2026-03-24T02:55:06.687Z	B	Victory	0.3638700897	0.9702022449	0.1233192435	0.7858866852	TRUE	0.1867	0.407	0.2216	0.3609	0.1592	0.1283	0.037	0.1686	left
sess_ku27wkp27	NCNU_User_1774320891926	2026-03-24T02:55:09.633Z	B	Victory	0.4731771847	0.3390708835	0.3714924276	0.4739002999	TRUE	0.1973	0.3947	0.2269	0.3504	0.1731	0.1525	0.046	0.1584	left
sess_ku27wkp27	NCNU_User_1774320891926	2026-03-24T02:55:13.651Z	B	Dance_Continuous	1	0.3675046663	0.5788668006	0.5443984863	TRUE	0.3332	0.3053	0.1463	0.3855	0.3089	0.1351	0.1888	0.1292	30s_Interval_AutoLog
sess_se2jix0r4	anonymous	2026-03-24T02:55:50.154Z	B	Heart	0.5	0.5	0.5	0.5	FALSE	0.3814	0.739	0.4318	0.7286	0.4052	0.304	0.2804	0.3368	
sess_se2jix0r4	anonymous	2026-03-24T02:55:50.725Z	B	Heart	0.5	0.5	0.5	0.5	FALSE	0.4765	0.7686	0.496	0.7647	0.5354	0.3319	0.4118	0.3328	
sess_se2jix0r4	anonymous	2026-03-24T02:55:52.323Z	B	Baseline_End	0.3413098042	0.4646784021	0.2481777404	0.5343366027	TRUE	0.5286	0.6729	0.5653	0.658	0.6308	0.2376	0.4943	0.2458	baseline calibrated
sess_se2jix0r4	anonymous	2026-03-24T02:55:54.364Z	B	Heart	0.5019127093	0.6665382239	0.3816318112	0.608522333	TRUE	0.5404	0.8119	0.539	0.8093	0.5871	0.401	0.4752	0.4024	
sess_se2jix0r4	anonymous	2026-03-24T02:55:58.659Z	B	Heart	0.4619037604	0.2936126035	0.4732015719	0.4173004313	TRUE	0.5204	0.8326	0.5596	0.8059	0.6126	0.3997	0.5002	0.3996	
sess_se2jix0r4	anonymous	2026-03-24T02:56:01.133Z	B	Victory	1	0.5795994087	0.473235845	0.6662072177	TRUE	0.6055	0.8196	0.5294	0.3867	0.5985	0.3642	0.4878	0.3578	right
sess_se2jix0r4	anonymous	2026-03-24T02:56:01.580Z	B	Dance_Continuous	1	0.4242092517	0.4618243352	0.6080451834	TRUE	0.6056	0.8268	0.5369	0.3998	0.6011	0.3663	0.4933	0.354	30s_Interval_AutoLog
sess_se2jix0r4	anonymous	2026-03-24T02:56:22.940Z	B	Victory	1	0.7086854748	0.2304362939	0.8028214871	TRUE	0.4691	0.3664	0.2688	0.4405	0.4676	0.1032	0.3487	0.0913	right
sess_se2jix0r4	anonymous	2026-03-24T02:56:26.177Z	B	Victory	0.7155855774	0.6690119289	0.2126307667	0.7220803976	TRUE	0.481	0.3968	0.5186	0.329	0.4637	0.1986	0.3431	0.1513	right
sess_se2jix0r4	anonymous	2026-03-24T02:56:27.327Z	B	Fireworks_Explosion	0.8177128998	0.451637323	0.387654751	0.5994039913	TRUE	0.4241	0.1745	0.424	0.1701	0.4647	0.1857	0.3476	0.1376	left
sess_se2jix0r4	anonymous	2026-03-24T02:56:29.222Z	B	Heart	0.5547722392	0.3286742991	0.4243306299	0.471647059	TRUE	0.2111	0.7776	0.2012	0.7123	0.2609	0.4549	0.1296	0.4735	
sess_se2jix0r4	anonymous	2026-03-24T02:56:31.590Z	B	Dance_Continuous	0.3657868559	0.1998872231	0.7549769655	0.2571596653	TRUE	0.21	0.7763	0.2313	0.7465	0.2492	0.4474	0.1236	0.4745	30s_Interval_AutoLog
sess_se2jix0r4	NCNU_User_1774320993841	2026-03-24T02:56:34.466Z	B	Fireworks_Explosion	0.5	0.5	0.5	0.5	FALSE	0.2205	0.7234	0.1931	0.7186	0.2503	0.4451	0.1226	0.4768	left
sess_se2jix0r4	NCNU_User_1774320993841	2026-03-24T02:56:35.819Z	B	Fireworks_Explosion	0.5	0.5	0.5	0.5	FALSE	0.2356	0.6983	0.1781	0.7003	0.25	0.4447	0.1203	0.4776	left
sess_583lintiq	NCNU_User_1774320993841	2026-03-24T02:56:37.677Z	B	Fireworks_Explosion	0.5	0.5	0.5	0.5	FALSE	0.1752	0.3827	0.1635	0.729	0.2436	0.4378	0.1204	0.478	right
sess_583lintiq	NCNU_User_1774320993841	2026-03-24T02:56:39.399Z	B	Victory	0.5	0.5	0.5	0.5	FALSE	0.1283	0.5973	0.1251	0.728	0.2148	0.4361	0.079	0.48	left
sess_583lintiq	NCNU_User_1774320993841	2026-03-24T02:56:40.003Z	B	Fireworks_Explosion	0.5	0.5	0.5	0.5	FALSE	0.199	0.7216	0.1199	0.7473	0.2067	0.4484	0.0676	0.4798	right
sess_583lintiq	NCNU_User_1774320993841	2026-03-24T02:56:41.936Z	B	Fireworks_Explosion	0.5	0.5	0.5	0.5	FALSE	0.6867	0.5732	0.447	0.2265	0.5833	0.3725	0.4537	0.3837	right
sess_pp60os06z	NCNU_User_1774321007346	2026-03-24T02:56:52.476Z	B	Victory	0.5	0.5	0.5	0.5	FALSE	0.5723	0.4656	0.4672	0.3849	0.6257	0.3605	0.4767	0.3468	right
sess_pp60os06z	NCNU_User_1774321007346	2026-03-24T02:56:55.351Z	B	Victory	0.5	0.5	0.5	0.5	FALSE	0.5527	0.3565	0.4559	0.326	0.6201	0.3519	0.4701	0.3337	right
sess_pp60os06z	NCNU_User_1774321007346	2026-03-24T02:56:55.557Z	B	Heart	0.5	0.5	0.5	0.5	FALSE	0.5173	0.3658	0.4826	0.3433	0.6115	0.3485	0.4723	0.3435	
sess_pp60os06z	NCNU_User_1774321007346	2026-03-24T02:56:55.903Z	B	Victory	0.5	0.5	0.5	0.5	FALSE	0.5576	0.3539	0.4451	0.3212	0.6229	0.3518	0.4709	0.3438	left
sess_pp60os06z	NCNU_User_1774321007346	2026-03-24T02:56:57.420Z	B	Baseline_End	0.2276386255	0.686588526	0	0.6815450668	TRUE	0.53	0.3946	0.4857	0.3756	0.6187	0.3543	0.4695	0.3438	baseline calibrated
sess_pp60os06z	NCNU_User_1774321007346	2026-03-24T02:56:57.623Z	B	Victory	0.2136697477	0.6103048121	0.08040537153	0.6193974817	TRUE	0.5536	0.3501	0.4492	0.3173	0.6193	0.3522	0.4666	0.3476	right
sess_pp60os06z	NCNU_User_1774321007346	2026-03-24T02:56:58.143Z	B	Victory	0.2272332809	0.5517318249	0.0809710042	0.5991611987	TRUE	0.5665	0.3298	0.4603	0.3275	0.6196	0.3511	0.4689	0.3455	left
sess_pp60os06z	NCNU_User_1774321007346	2026-03-24T02:57:00.167Z	B	Victory	0.1884894378	0.996099721	0.1081559521	0.7577076646	TRUE	0.518	0.3392	0.469	0.348	0.6123	0.3449	0.473	0.3444	left
sess_pp60os06z	NCNU_User_1774321007346	2026-03-24T02:57:00.570Z	B	Heart	0.1315309905	0.9958770157	0	0.7812335539	TRUE	0.5012	0.3706	0.476	0.3663	0.6083	0.3422	0.4737	0.3358	
sess_pp60os06z	NCNU_User_1774321007346	2026-03-24T02:57:01.100Z	B	Victory	0.2547090216	1	0	0.8136772554	TRUE	0.5651	0.4587	0.4288	0.3015	0.615	0.3471	0.4747	0.3397	right
sess_pp60os06z	NCNU_User_1774321007346	2026-03-24T02:57:01.639Z	B	Dance_Continuous	0.2746426058	0.7695530307	0.2026753691	0.6555454846	TRUE	0.5203	0.4427	0.4542	0.3832	0.6166	0.3442	0.4766	0.3404	30s_Interval_AutoLog
sess_pp60os06z	NCNU_User_1774321007346	2026-03-24T02:57:02.180Z	B	Victory	0.1823421457	0.9880878436	0.04500737669	0.775068092	TRUE	0.5377	0.3467	0.4573	0.3066	0.6161	0.3541	0.4763	0.3502	left
sess_pp60os06z	NCNU_User_1774321007346	2026-03-24T02:57:03.212Z	B	Victory	0.2350221244	1	0	0.8087555311	TRUE	0.5469	0.3275	0.4456	0.314	0.6184	0.3611	0.4782	0.3476	right
sess_pp60os06z	NCNU_User_1774321007346	2026-03-24T02:57:03.475Z	B	Heart	0.1126254713	1	0	0.7781563678	TRUE	0.5254	0.3201	0.4739	0.3144	0.6149	0.354	0.4771	0.3497	
sess_pp60os06z	NCNU_User_1774321007346	2026-03-24T02:57:04.001Z	B	Heart	0.1532466078	1	0	0.788311652	TRUE	0.5008	0.3499	0.4817	0.3167	0.6168	0.3553	0.4762	0.3517	
sess_pp60os06z	NCNU_User_1774321007346	2026-03-24T02:57:04.609Z	B	Victory	0.260922165	1	0	0.8152305413	TRUE	0.5254	0.3363	0.5189	0.3421	0.6193	0.3535	0.479	0.3439	left
sess_pp60os06z	NCNU_User_1774321007346	2026-03-24T02:57:05.203Z	B	Heart	0.3622975251	1	0	0.8405743813	TRUE	0.5075	0.3865	0.4804	0.4778	0.6165	0.3522	0.4766	0.3451	
sess_pp60os06z	NCNU_User_1774321007346	2026-03-24T02:57:07.266Z	B	Fireworks_Explosion	0.1837736306	0.8493846005	0.06284824309	0.7137003628	TRUE	0.5547	0.3194	0.4699	0.3295	0.6242	0.3548	0.4746	0.3517	right
sess_pp60os06z	NCNU_User_1774321007346	2026-03-24T02:57:09.357Z	B	Fireworks_Explosion	0.2133073006	0.8314058381	0.1345863384	0.688783942	TRUE	0.5495	0.3284	0.4698	0.3341	0.6223	0.3523	0.477	0.351	left
sess_pp60os06z	NCNU_User_1774321007346	2026-03-24T02:57:09.639Z	B	Victory	0.1706294772	0.6172812504	0.02733817274	0.630001509	TRUE	0.5359	0.3848	0.46	0.3773	0.6203	0.3521	0.4758	0.351	left
sess_pp60os06z	NCNU_User_1774321007346	2026-03-24T02:57:10.247Z	B	Heart	0.1486268168	0.8375884144	0.03421931151	0.7102153109	TRUE	0.5048	0.3954	0.4879	0.4063	0.6203	0.3516	0.4765	0.3477	
sess_pp60os06z	NCNU_User_1774321007346	2026-03-24T02:57:10.771Z	B	Heart	0.08431029563	1	0	0.7710775739	TRUE	0.5179	0.3544	0.4699	0.3633	0.6157	0.3478	0.4747	0.3465	
sess_pp60os06z	NCNU_User_1774321007346	2026-03-24T02:57:11.236Z	B	Heart	0.06330128759	0.9742390366	0	0.7555209365	TRUE	0.5164	0.383	0.4871	0.3899	0.6185	0.3507	0.4751	0.3454	
sess_pp60os06z	NCNU_User_1774321007346	2026-03-24T02:57:15.569Z	B	Heart	0.1072129393	0.661255315	0.1778247196	0.579066709	TRUE	0.536	0.3729	0.4844	0.3783	0.6191	0.3405	0.4762	0.3416	
sess_pp60os06z	NCNU_User_1774321007346	2026-03-24T02:57:17.676Z	B	Fireworks_Explosion	0.2020323826	1	0.07362140115	0.7747406052	TRUE	0.5524	0.3178	0.4666	0.3182	0.6211	0.3504	0.4767	0.3493	right
sess_pp60os06z	NCNU_User_1774321007346	2026-03-24T02:57:19.212Z	B	Fireworks_Explosion	0.3998018083	1	0	0.8499504521	TRUE	0.53	0.4576	0.4753	0.5511	0.6265	0.3587	0.4833	0.3487	right
sess_pp60os06z	NCNU_User_1774321007346	2026-03-24T02:57:19.610Z	B	Fireworks_Explosion	0.3653951314	0.904785441	0	0.8032629592	TRUE	0.5259	0.6358	0.4717	0.4764	0.6259	0.3573	0.486	0.3491	left
sess_pp60os06z	NCNU_User_1774321007346	2026-03-24T02:57:21.602Z	B	Heart	0.2617125636	0.7628652188	0.03843215916	0.7071229727	TRUE	0.5151	0.5244	0.4719	0.4905	0.6257	0.3574	0.4862	0.3505	
sess_pp60os06z	NCNU_User_1774321007346	2026-03-24T02:57:23.055Z	B	Heart	0.1477102677	0.8712326764	0	0.7354206375	TRUE	0.5416	0.4717	0.4922	0.4467	0.6281	0.3556	0.4881	0.3512	
sess_pp60os06z	NCNU_User_1774321007346	2026-03-24T02:57:24.357Z	B	Heart	0.1231197848	1	0	0.7807799462	TRUE	0.5545	0.5909	0.528	0.5364	0.6285	0.3602	0.4834	0.3563	
sess_pp60os06z	NCNU_User_1774321007346	2026-03-24T02:57:24.887Z	B	Fireworks_Explosion	0.06899775046	0.9345911611	0.03027586467	0.7304893494	TRUE	0.5859	0.3888	0.5466	0.3888	0.6339	0.3623	0.4844	0.3545	left
sess_pp60os06z	NCNU_User_1774321007346	2026-03-24T02:57:25.286Z	B	Heart	0.05772630773	0.9528927365	0.067575567	0.7219372231	TRUE	0.5902	0.405	0.5551	0.3897	0.6341	0.3619	0.4868	0.3507	
sess_pp60os06z	NCNU_User_1774321007346	2026-03-24T02:57:26.036Z	B	Fireworks_Explosion	0.01459019503	0.8564287048	0.03000114772	0.685718629	TRUE	0.5703	0.5392	0.5304	0.5243	0.6297	0.36	0.4854	0.3533	right
sess_pp60os06z	NCNU_User_1774321007346	2026-03-24T02:57:27.911Z	B	Heart	0.08919984722	0.8611640048	0	0.7167655637	TRUE	0.5309	0.4282	0.4853	0.4386	0.6262	0.3545	0.4853	0.3585	
sess_pp60os06z	NCNU_User_1774321007346	2026-03-24T02:57:28.196Z	B	Heart	0.03008228936	0.7913610235	0	0.6740649818	TRUE	0.5047	0.4616	0.5286	0.4888	0.6221	0.3549	0.4964	0.3522	
sess_pp60os06z	NCNU_User_1774321007346	2026-03-24T02:57:28.953Z	B	Heart	0.1078988037	1	0.02452994042	0.7683892218	TRUE	0.4995	0.5506	0.4799	0.4972	0.6178	0.3498	0.5014	0.3379	
sess_pp60os06z	NCNU_User_1774321007346	2026-03-24T02:57:30.164Z	B	Heart	0	1	0	0.75	TRUE	0.4993	0.5174	0.4967	0.5214	0.6156	0.3605	0.4955	0.3479	
sess_pp60os06z	NCNU_User_1774321007346	2026-03-24T02:57:31.665Z	B	Dance_Continuous	0.02082442525	1	0	0.7552061063	TRUE	0.4931	0.6208	0.4958	0.543	0.6208	0.3591	0.5	0.3504	30s_Interval_AutoLog
sess_pp60os06z	NCNU_User_1774321007346	2026-03-24T02:57:45.201Z	B	Victory	1	0.9075513275	0.4599777877	0.8020283053	TRUE	0.677	0.7394	0.3663	0.2951	0.6425	0.3545	0.4976	0.3159	left
sess_pp60os06z	NCNU_User_1774321007346	2026-03-24T02:57:45.463Z	B	Fireworks_Explosion	1	1	0.1630210661	0.9429426268	TRUE	0.7088	0.6611	0.3357	0.5529	0.639	0.3544	0.4937	0.3309	right
sess_pp60os06z	NCNU_User_1774321007346	2026-03-24T02:57:47.739Z	B	Victory	1	1	0	1	TRUE	0.6672	0.6059	0.3852	0.5621	0.637	0.3475	0.493	0.3343	left
sess_pp60os06z	NCNU_User_1774321007346	2026-03-24T02:57:57.817Z	B	Victory	1	1	0	1	TRUE	0.6571	0.491	0.5034	0.4055	0.6345	0.3491	0.517	0.3286	left
sess_pp60os06z	NCNU_User_1774321007346	2026-03-24T02:57:58.842Z	B	Heart	0.3734508613	1	0	0.8433627153	TRUE	0.5334	0.3687	0.4872	0.4181	0.6203	0.3418	0.4974	0.3261	
sess_pp60os06z	NCNU_User_1774321007346	2026-03-24T02:58:00.282Z	B	Heart	0.1780294181	0.9642721427	0	0.7802162116	TRUE	0.5438	0.3455	0.4957	0.3553	0.6273	0.3458	0.4855	0.3299	
sess_pp60os06z	NCNU_User_1774321007346	2026-03-24T02:58:01.253Z	B	Heart	0.19491154	1	0.04479754423	0.7830487445	TRUE	0.5374	0.3555	0.5079	0.3366	0.6251	0.3439	0.4864	0.3433	
sess_pp60os06z	NCNU_User_1774321007346	2026-03-24T02:58:01.516Z	B	Fireworks_Explosion	0.5190830026	0.9937200304	0.07485165074	0.851060685	TRUE	0.6642	0.3785	0.4071	0.4511	0.6345	0.3503	0.4846	0.3473	left
sess_pp60os06z	NCNU_User_1774321007346	2026-03-24T02:58:01.778Z	B	Victory	0.4822448874	0.7667005185	0.1404945814	0.7280683258	TRUE	0.5221	0.3149	0.5324	0.3385	0.6238	0.3414	0.4904	0.3446	left
sess_pp60os06z	NCNU_User_1774321007346	2026-03-24T02:58:03.985Z	B	Fireworks_Explosion	0.2634309955	0.9132623832	0	0.7811627022	TRUE	0.5689	0.3126	0.4882	0.3494	0.635	0.3449	0.4869	0.3482	left
sess_pp60os06z	NCNU_User_1774321007346	2026-03-24T02:58:04.401Z	B	Victory	0.1560167574	0.9478268335	0	0.7681349227	TRUE	0.5649	0.2852	0.4735	0.2867	0.6328	0.3463	0.4869	0.3361	right
sess_pp60os06z	NCNU_User_1774321007346	2026-03-24T02:58:04.681Z	B	Heart	0.06600907552	1	0	0.7665022689	TRUE	0.5315	0.3671	0.5124	0.3618	0.6264	0.3425	0.4866	0.3432	
sess_pp60os06z	NCNU_User_1774321007346	2026-03-24T02:58:07.098Z	B	Fireworks_Explosion	0.2973866264	0.983538912	0	0.8177622214	TRUE	0.5638	0.3238	0.4769	0.3489	0.6342	0.3444	0.4859	0.3467	right
sess_pp60os06z	NCNU_User_1774321007346	2026-03-24T02:58:12.047Z	B	Victory	0.1944949001	1	0	0.798623725	TRUE	0.5419	0.3857	0.5039	0.3823	0.6292	0.3464	0.4881	0.3447	right
sess_pp60os06z	NCNU_User_1774321007346	2026-03-24T02:58:12.255Z	B	Heart	0.1489200318	1	0	0.7872300079	TRUE	0.5438	0.3723	0.4957	0.3596	0.6286	0.3463	0.4892	0.3456	
sess_pp60os06z	NCNU_User_1774321007346	2026-03-24T02:58:13.968Z	B	Heart	0.1522211274	1	0	0.7880552818	TRUE	0.4782	0.4232	0.452	0.4608	0.6062	0.3307	0.4725	0.3373	
sess_pp60os06z	NCNU_User_1774321007346	2026-03-24T02:58:15.243Z	B	Heart	0.1403779498	1	0	0.7850944875	TRUE	0.5413	0.4116	0.5023	0.3606	0.6236	0.3411	0.4869	0.3519	
sess_pp60os06z	NCNU_User_1774321007346	2026-03-24T02:58:16.971Z	B	Victory	0.0160242187	1	0	0.7540060547	TRUE	0.6145	0.3365	0.5695	0.3138	0.6313	0.3513	0.4929	0.3535	left
sess_pp60os06z	NCNU_User_1774321007346	2026-03-24T02:58:19.036Z	B	Victory	0.4166947656	1	0.1400890611	0.80514252	TRUE	0.6509	0.3338	0.5745	0.3472	0.6933	0.3488	0.5648	0.3177	left
sess_vdmb704jn	NCNU_User_1774321099497	2026-03-24T02:58:20.866Z	B	Heart	0.5	0.5	0.5	0.5	FALSE	0.1766	0.6509	0.1345	0.6396	0.3178	0.4838	0.1772	0.4786	
sess_vdmb704jn	NCNU_User_1774321099497	2026-03-24T02:58:21.374Z	B	Heart	0.5	0.5	0.5	0.5	FALSE	0.2002	0.5145	0.163	0.4648	0.3297	0.3507	0.1856	0.3682	
sess_vdmb704jn	NCNU_User_1774321099497	2026-03-24T02:58:22.696Z	B	Heart	0.5	0.5	0.5	0.5	FALSE	0.2908	0.6436	0.2572	0.6306	0.4313	0.3509	0.2987	0.3629	
sess_vdmb704jn	NCNU_User_1774321099497	2026-03-24T02:58:23.430Z	B	Heart	0.5	0.5	0.5	0.5	FALSE	0.2286	0.5106	0.2457	0.4715	0.4113	0.3406	0.2866	0.3361	
sess_vdmb704jn	NCNU_User_1774321099497	2026-03-24T02:58:23.893Z	B	Heart	0.5	0.5	0.5	0.5	FALSE	0.2584	0.4773	0.2308	0.4419	0.4159	0.3545	0.273	0.3182	
sess_vdmb704jn	NCNU_User_1774321099497	2026-03-24T02:58:24.701Z	B	Fireworks_Explosion	0.5	0.5	0.5	0.5	FALSE	0.3457	0.7029	0.2696	0.6898	0.4255	0.4034	0.297	0.4046	left
sess_vdmb704jn	NCNU_User_1774321099497	2026-03-24T02:58:26.054Z	B	Heart	0.5	0.5	0.5	0.5	FALSE	0.1332	0.5288	0.0973	0.5063	0.2531	0.2935	0.0829	0.2215	
sess_vdmb704jn	NCNU_User_1774321099497	2026-03-24T02:58:28.834Z	B	Fireworks_Explosion	0.5	0.5	0.5	0.5	FALSE	0.1246	0.7294	0.0652	0.686	0.2598	0.4451	0.1127	0.3878	left
sess_vdmb704jn	NCNU_User_1774321099497	2026-03-24T02:58:30.062Z	B	Fireworks_Explosion	0.5	0.5	0.5	0.5	FALSE	0.1498	0.4443	0.0378	0.5501	0.2325	0.2914	0.0531	0.2447	left
sess_vdmb704jn	NCNU_User_1774321099497	2026-03-24T02:58:30.404Z	B	Heart	0.5	0.5	0.5	0.5	FALSE	0.02	0.4596	0.0162	0.4655	0.176	0.4471	0.0351	0.4633	
sess_vdmb704jn	NCNU_User_1774321099497	2026-03-24T02:58:30.665Z	B	Baseline_End	0.4116553633	1	1	0.5029138408	TRUE	-0.0264	0.5255	0.0098	0.5063	0.1648	0.4464	0.023	0.4603	baseline calibrated
sess_vdmb704jn	NCNU_User_1774321099497	2026-03-24T02:58:31.119Z	B	Fireworks_Explosion	1	0.3690460152	0.8080165113	0.4648126271	TRUE	0.1075	0.5021	0.0157	0.6624	0.166	0.45	0.0141	0.4723	left
sess_vdmb704jn	NCNU_User_1774321099497	2026-03-24T02:58:31.723Z	B	Dance_Continuous	1	0.3356731231	1	0.3842692493	TRUE	-0.5857	0.4967	-0.6799	0.4763	0.6934	1.1329	0.7037	1.4269	30s_Interval_AutoLog
sess_vdmb704jn	NCNU_User_1774321099497	2026-03-24T02:58:37.717Z	B	Victory	1	0	1	0.25	TRUE	0.4464	0.5005	0.3441	0.5252	0.4542	0.4242	0.344	0.4224	right
sess_vdmb704jn	NCNU_User_1774321099497	2026-03-24T02:58:40.614Z	B	Victory	1	0	0.5325406794	0.4136107622	TRUE	0.455	0.5116	0.3568	0.5294	0.4679	0.4557	0.3575	0.4462	right
sess_hommymj0s	NCNU_User_1774321123947	2026-03-24T02:58:44.987Z	B	Fireworks_Explosion	0.5	0.5	0.5	0.5	FALSE	0.4137	0.5767	0.3609	0.6082	0.4538	0.4226	0.3481	0.42	right
sess_hommymj0s	NCNU_User_1774321123947	2026-03-24T02:58:47.224Z	B	Victory	0.5	0.5	0.5	0.5	FALSE	0.4425	0.478	0.3544	0.494	0.4542	0.4231	0.3469	0.4196	right
sess_hommymj0s	NCNU_User_1774321123947	2026-03-24T02:58:50.284Z	B	Victory	0.5	0.5	0.5	0.5	FALSE	0.429	0.4589	0.3774	0.4718	0.4519	0.4197	0.3431	0.4068	left
sess_hommymj0s	NCNU_User_1774321123947	2026-03-24T02:58:50.523Z	B	Heart	0.5	0.5	0.5	0.5	FALSE	0.4173	0.4376	0.3775	0.4367	0.4512	0.4171	0.3416	0.4101	
sess_hommymj0s	NCNU_User_1774321123947	2026-03-24T02:58:50.840Z	B	Victory	0.5	0.5	0.5	0.5	FALSE	0.4046	0.431	0.3927	0.4352	0.4494	0.4097	0.343	0.4092	right
sess_hommymj0s	NCNU_User_1774321123947	2026-03-24T02:58:52.685Z	B	Victory	0.5	0.5	0.5	0.5	FALSE	0.4005	0.4361	0.3891	0.4242	0.4507	0.4112	0.3445	0.4124	left
sess_hommymj0s	NCNU_User_1774321123947	2026-03-24T02:58:54.766Z	B	Victory	0.5	0.5	0.5	0.5	FALSE	0.4052	0.4278	0.3518	0.4914	0.4503	0.4117	0.3439	0.4132	left
sess_hommymj0s	NCNU_User_1774321123947	2026-03-24T02:58:55.084Z	B	Baseline_End	0.1429573108	0.7752197503	0.2393679695	0.6120484385	TRUE	0.4014	0.4293	0.3807	0.4236	0.4499	0.4134	0.3439	0.4125	baseline calibrated
sess_hommymj0s	NCNU_User_1774321123947	2026-03-24T02:58:57.079Z	B	Victory	0	0.2638297775	0.6699945039	0.2210338347	TRUE	0.4028	0.4491	0.3961	0.4451	0.4507	0.4152	0.3433	0.4131	left
sess_hommymj0s	NCNU_User_1774321123947	2026-03-24T02:58:58.206Z	B	Victory	0.104054876	0.723259687	0.2808215391	0.5670300551	TRUE	0.4104	0.4382	0.3885	0.4328	0.4505	0.4133	0.3438	0.4133	right
sess_hommymj0s	NCNU_User_1774321123947	2026-03-24T02:58:59.129Z	B	Victory	0.09760561603	0.6880783572	0.1927235902	0.5821794903	TRUE	0.4075	0.4348	0.3849	0.4312	0.451	0.413	0.3437	0.4121	left
sess_hommymj0s	NCNU_User_1774321123947	2026-03-24T02:59:01.113Z	B	Victory	0.1548173256	0.3422079699	0.6384130897	0.302142938	TRUE	0.4161	0.4023	0.3586	0.403	0.4477	0.4094	0.3388	0.4087	right
sess_hommymj0s	NCNU_User_1774321123947	2026-03-24T02:59:01.711Z	B	Victory	0.5539845617	0.6661489125	0.5591558246	0.5592511668	TRUE	0.4417	0.3766	0.3492	0.3781	0.4512	0.4074	0.3402	0.4025	left
sess_hommymj0s	NCNU_User_1774321123947	2026-03-24T02:59:02.850Z	B	Fireworks_Explosion	0.7700536362	0.5116602138	0.5087874543	0.5691018856	TRUE	0.4404	0.3837	0.3459	0.3842	0.4525	0.409	0.3434	0.4066	right
sess_hommymj0s	NCNU_User_1774321123947	2026-03-24T02:59:03.770Z	B	Victory	0.8031639508	0.3560395344	0.6237230545	0.4749037324	TRUE	0.4394	0.3979	0.3408	0.4081	0.4514	0.4117	0.3416	0.4079	left
sess_hommymj0s	NCNU_User_1774321123947	2026-03-24T02:59:04.076Z	B	Victory	0.8387701832	0.2761893697	0.7384424607	0.4117134324	TRUE	0.438	0.4043	0.3399	0.394	0.4523	0.4126	0.3446	0.4069	right
sess_hommymj0s	NCNU_User_1774321123947	2026-03-24T02:59:10.919Z	B	Fireworks_Explosion	0.9679601537	0.2874174782	0.6839529866	0.4675734844	TRUE	0.4542	0.4279	0.3262	0.4076	0.4507	0.4112	0.3458	0.4012	right
sess_hommymj0s	NCNU_User_1774321123947	2026-03-24T02:59:11.913Z	B	Victory	0.8911673464	0.657823057	0.2927411975	0.7334616403	TRUE	0.445	0.3993	0.3433	0.3966	0.4495	0.4126	0.3448	0.4001	left
sess_hommymj0s	NCNU_User_1774321123947	2026-03-24T02:59:13.764Z	B	Heart	0.6074995023	0.7240926282	0.334896512	0.6742981476	TRUE	0.3965	0.3659	0.3487	0.3668	0.449	0.4013	0.3486	0.3915	
sess_hommymj0s	NCNU_User_1774321123947	2026-03-24T02:59:14.647Z	B	Victory	0.6761118114	0.5408094614	0.1548509411	0.681153908	TRUE	0.4378	0.3979	0.3382	0.3718	0.4517	0.4162	0.342	0.4057	right
sess_hommymj0s	NCNU_User_1774321123947	2026-03-24T02:59:16.081Z	B	Victory	0.7928868988	0.3463275832	0.6383827947	0.4633187799	TRUE	0.4305	0.4039	0.3333	0.3803	0.4531	0.413	0.3416	0.4078	left
sess_hommymj0s	NCNU_User_1774321123947	2026-03-24T02:59:17.130Z	B	Victory	0.7561355547	0.3179402446	0.718597847	0.4147007401	TRUE	0.4287	0.3916	0.3393	0.3738	0.4536	0.4102	0.3396	0.4065	right
sess_hommymj0s	NCNU_User_1774321123947	2026-03-24T02:59:18.963Z	B	Victory	0.7450193017	0.3218268225	0.5902876468	0.458384878	TRUE	0.4276	0.3966	0.3354	0.3993	0.4549	0.4124	0.341	0.4115	left
sess_hommymj0s	NCNU_User_1774321123947	2026-03-24T02:59:20.318Z	B	Victory	0.7216424132	0.3158930569	0.7317878331	0.4006420845	TRUE	0.4245	0.3904	0.3306	0.3814	0.4539	0.4084	0.3418	0.4026	right
sess_hommymj0s	NCNU_User_1774321123947	2026-03-24T02:59:21.142Z	B	Victory	0.759359546	0.3050168892	0.566548023	0.4635548341	TRUE	0.4367	0.4038	0.3283	0.3883	0.4539	0.4117	0.34	0.411	left
sess_hommymj0s	NCNU_User_1774321123947	2026-03-24T02:59:24.050Z	B	Victory	0.89937468	0.9072909061	0.1407345506	0.8885029397	TRUE	0.4526	0.4221	0.3449	0.4062	0.4604	0.4224	0.3494	0.4049	right
sess_hommymj0s	NCNU_User_1774321123947	2026-03-24T02:59:24.769Z	B	Victory	0.8033128375	0.4864394644	0.2561739013	0.6557431297	TRUE	0.4196	0.3997	0.3291	0.407	0.4576	0.4174	0.3456	0.4099	left
sess_hommymj0s	NCNU_User_1774321123947	2026-03-24T02:59:29.559Z	B	Fireworks_Explosion	0.6393457093	0.9046911619	0.08970832106	0.8403149797	TRUE	0.4268	0.4786	0.3478	0.5402	0.4609	0.4189	0.3509	0.4137	right
sess_hommymj0s	NCNU_User_1774321123947	2026-03-24T02:59:30.742Z	B	Victory	0.8240108301	0.9170801871	0.1574718703	0.8677196278	TRUE	0.4195	0.402	0.3168	0.4165	0.4542	0.4106	0.3443	0.4109	right
sess_hommymj0s	NCNU_User_1774321123947	2026-03-24T02:59:31.857Z	B	Dance_Continuous	0.8237835937	0.6868798094	0.1456082223	0.7797349444	TRUE	0.4272	0.4185	0.3254	0.4243	0.4588	0.4117	0.3478	0.4089	30s_Interval_AutoLog
sess_hommymj0s	NCNU_User_1774321123947	2026-03-24T02:59:33.762Z	B	Victory	0.8794061258	0.7250000877	0	0.8598515665	TRUE	0.434	0.4568	0.3314	0.4133	0.4595	0.4143	0.3479	0.4069	right
sess_hommymj0s	NCNU_User_1774321123947	2026-03-24T02:59:34.661Z	B	Heart	0.5575254725	0.5852529971	0.2290680662	0.6433087438	TRUE	0.392	0.3931	0.3797	0.4211	0.4547	0.4069	0.3497	0.3908	
sess_hommymj0s	NCNU_User_1774321123947	2026-03-24T02:59:34.880Z	B	Victory	0.5844736202	0.9447547413	0.06267348841	0.8520845806	TRUE	0.4136	0.3877	0.3436	0.3633	0.4551	0.4034	0.3499	0.3886	left
sess_hommymj0s	NCNU_User_1774321123947	2026-03-24T02:59:35.635Z	B	Heart	0.5530194088	1	0.03603965127	0.8756409743	TRUE	0.4015	0.375	0.3695	0.371	0.4562	0.4106	0.3537	0.3984	
sess_hommymj0s	NCNU_User_1774321123947	2026-03-24T02:59:36.026Z	B	Heart	0.4249543576	1	0	0.8562385894	TRUE	0.3918	0.398	0.3789	0.4006	0.4548	0.4107	0.3524	0.4	
sess_hommymj0s	NCNU_User_1774321123947	2026-03-24T02:59:37.031Z	B	Victory	0.1562882181	0.7879711558	0.1558100539	0.649726998	TRUE	0.3996	0.3964	0.3727	0.3941	0.4568	0.4138	0.3514	0.4037	left
sess_hommymj0s	NCNU_User_1774321123947	2026-03-24T02:59:39.203Z	B	Victory	0.2324835491	0.6634938822	0	0.6735184402	TRUE	0.4004	0.3988	0.3394	0.4497	0.4571	0.4104	0.3498	0.4023	left
sess_hommymj0s	NCNU_User_1774321123947	2026-03-24T02:59:39.600Z	B	Victory	0.2628357146	1	0	0.8157089286	TRUE	0.3811	0.439	0.3616	0.4264	0.4551	0.4132	0.3478	0.4053	right
sess_hommymj0s	NCNU_User_1774321123947	2026-03-24T02:59:41.846Z	B	Victory	0.107341583	0.9566785647	0	0.7595068216	TRUE	0.416	0.4542	0.4178	0.4559	0.4622	0.4179	0.3524	0.4082	right
sess_hommymj0s	NCNU_User_1774321123947	2026-03-24T02:59:43.438Z	B	Victory	0.130952954	1	0	0.7827382385	TRUE	0.3731	0.4447	0.3797	0.4628	0.4537	0.4131	0.3468	0.4065	left
sess_hommymj0s	NCNU_User_1774321123947	2026-03-24T02:59:50.909Z	B	Fireworks_Explosion	0.0954327978	0.9723141088	0.1587246464	0.7072302167	TRUE	0.3858	0.5152	0.3505	0.5482	0.452	0.4153	0.3456	0.4115	left
sess_y0g6o093p	NCNU_User_1774321196293	2026-03-24T02:59:58.908Z	B	Victory	0.5	0.5	0.5	0.5	FALSE	0.5139	0.4475	0.2926	0.6495	0.4498	0.3775	0.3236	0.4103	left
sess_y0g6o093p	NCNU_User_1774321196293	2026-03-24T03:00:04.205Z	B	Victory	0.5	0.5	0.5	0.5	FALSE	0.4892	0.9884	0.2496	0.376	0.4643	0.4486	0.2985	0.4516	right
sess_y0g6o093p	NCNU_User_1774321196293	2026-03-24T03:00:05.659Z	B	Baseline_End	0.7884572569	0.498307278	0.3584025726	0.620996325	TRUE	0.5335	0.9906	0.2904	0.5606	0.4923	0.4568	0.3309	0.4399	baseline calibrated
sess_y0g6o093p	NCNU_User_1774321196293	2026-03-24T03:00:14.504Z	B	Victory	0.1086958891	0.3080502197	0.07447721282	0.4743270357	TRUE	0.526	0.9827	0.3086	1.0296	0.4799	0.4579	0.319	0.4588	left
sess_y0g6o093p	NCNU_User_1774321196293	2026-03-24T03:00:18.859Z	B	Victory	0.04285844969	0.9316209507	0	0.7333629927	TRUE	0.5626	0.5	0.3806	0.6647	0.569	0.4637	0.4011	0.4487	left
sess_y0g6o093p	NCNU_User_1774321196293	2026-03-24T03:00:28.769Z	B	Heart	0	0.9701117772	0.06027111767	0.7169498197	TRUE	0.4139	0.6696	0.4557	0.6579	0.5198	0.4579	0.3451	0.4628	
sess_y0g6o093p	NCNU_User_1774321196293	2026-03-24T03:00:24.150Z	B	Victory	0.192108654	0.2814073704	0.1479582698	0.4588047172	TRUE	0.6108	1.0221	0.304	0.9744	0.5681	0.4715	0.4056	0.4573	right
sess_y0g6o093p	NCNU_User_1774321196293	2026-03-24T03:00:27.657Z	B	Victory	0.120941757	0.07225285927	1	0.05913658296	TRUE	0.6094	1.0201	0.3459	1.0195	0.575	0.4723	0.4086	0.4558	right
sess_ac72ltsox	NCNU_User_1774321230453	2026-03-24T03:00:30.918Z	B	Heart	0.5	0.5	0.5	0.5	FALSE	0.4752	0.7056	0.4922	0.6788	0.5514	0.4571	0.3799	0.4513	
sess_ac72ltsox	NCNU_User_1774321230453	2026-03-24T03:00:32.449Z	B	Heart	0.5	0.5	0.5	0.5	FALSE	0.413	0.7466	0.4156	0.671	0.5165	0.4374	0.3456	0.4537	
sess_ac72ltsox	NCNU_User_1774321230453	2026-03-24T03:00:35.939Z	B	Heart	0.5	0.5	0.5	0.5	FALSE	0.4353	0.6797	0.4525	0.6648	0.548	0.4542	0.3839	0.4558	
sess_ac72ltsox	NCNU_User_1774321230453	2026-03-24T03:00:38.567Z	B	Heart	0.5	0.5	0.5	0.5	FALSE	0.4097	0.7223	0.4124	0.7325	0.5339	0.4612	0.3653	0.4616	
sess_ac72ltsox	NCNU_User_1774321230453	2026-03-24T03:00:39.146Z	B	Heart	0.5	0.5	0.5	0.5	FALSE	0.4493	0.7054	0.4577	0.6922	0.515	0.4523	0.3438	0.4612	
sess_ac72ltsox	NCNU_User_1774321230453	2026-03-24T03:00:39.637Z	B	Heart	0.5	0.5	0.5	0.5	FALSE	0.4513	0.7038	0.4743	0.6823	0.5559	0.458	0.3874	0.4621	
sess_ac72ltsox	NCNU_User_1774321230453	2026-03-24T03:00:40.611Z	B	Heart	0.5	0.5	0.5	0.5	FALSE	0.4471	0.6936	0.4228	0.6787	0.5867	0.4713	0.4198	0.4575	
sess_ac72ltsox	NCNU_User_1774321230453	2026-03-24T03:00:41.520Z	B	Heart	0.5	0.5	0.5	0.5	FALSE	0.4008	0.7209	0.4311	0.7079	0.5588	0.456	0.3928	0.4577	
sess_ac72ltsox	NCNU_User_1774321230453	2026-03-24T03:00:41.854Z	B	Baseline_End	1	0.8340725217	0.1579263862	0.8783547735	TRUE	0.396	0.7032	0.3991	0.5986	0.5354	0.453	0.3646	0.4581	baseline calibrated
sess_ac72ltsox	NCNU_User_1774321230453	2026-03-24T03:00:42.419Z	B	Victory	0.7290737289	0.9310051127	0.2789180334	0.8070491656	TRUE	0.3515	0.7216	0.4108	0.6398	0.5061	0.4493	0.337	0.4602	left
sess_ac72ltsox	NCNU_User_1774321230453	2026-03-24T03:00:58.196Z	B	Victory	1	0.8794958373	0.4919339112	0.779621466	TRUE	0.5342	0.5759	0.347	0.4765	0.5548	0.456	0.3798	0.4499	right
sess_ac72ltsox	NCNU_User_1774321230453	2026-03-24T03:00:59.356Z	B	Victory	1	0.9148256996	0.1938894587	0.8980689693	TRUE	0.6298	0.5474	0.3157	0.544	0.5748	0.458	0.4033	0.4443	left
sess_ac72ltsox	NCNU_User_1774321230453	2026-03-24T03:01:01.248Z	B	Heart	1	0.7929312446	0.6241040604	0.6987360767	TRUE	0.4613	0.5508	0.4759	0.5406	0.5532	0.4514	0.3844	0.4488	
sess_ac72ltsox	NCNU_User_1774321230453	2026-03-24T03:01:01.450Z	B	Victory	1	0.9475202028	0.4268958893	0.8295945199	TRUE	0.4598	0.5462	0.4618	0.5342	0.5622	0.4542	0.3911	0.4516	right
sess_ac72ltsox	NCNU_User_1774321230453	2026-03-24T03:01:02.145Z	B	Heart	1	0.8847838847	0.5413379755	0.7644452625	TRUE	0.462	0.5883	0.4475	0.6535	0.5727	0.4572	0.4046	0.4499	
sess_ac72ltsox	NCNU_User_1774321230453	2026-03-24T03:01:03.144Z	B	Heart	1	0.6761995055	0.585037977	0.6657165103	TRUE	0.3981	0.6251	0.4324	0.5665	0.5372	0.4506	0.3699	0.4507	
sess_ac72ltsox	NCNU_User_1774321230453	2026-03-24T03:01:03.547Z	B	Fireworks_Explosion	1	0.9642022667	0.4221428583	0.8379309063	TRUE	0.4075	0.8263	0.3781	0.7503	0.5245	0.4529	0.3562	0.4601	right
sess_ac72ltsox	NCNU_User_1774321230453	2026-03-24T03:01:03.953Z	B	Victory	1	0.9968722899	0.2562453868	0.9090630306	TRUE	0.4653	0.5757	0.3175	0.4503	0.525	0.4557	0.3532	0.4625	right
sess_ac72ltsox	NCNU_User_1774321230453	2026-03-24T03:01:04.227Z	B	Heart	1	0.7568610893	0.5547789808	0.7085717925	TRUE	0.4195	0.6213	0.4355	0.552	0.5405	0.4497	0.3694	0.4541	
sess_ac72ltsox	NCNU_User_1774321230453	2026-03-24T03:01:04.643Z	B	Fireworks_Explosion	0.687809108	0.7696434508	0.5249254214	0.6460857598	TRUE	0.5076	0.7281	0.4869	0.7285	0.5679	0.456	0.3974	0.4573	right
sess_ac72ltsox	NCNU_User_1774321230453	2026-03-24T03:01:05.982Z	B	Victory	1	1	0.2065578245	0.9277047614	TRUE	0.5899	0.5783	0.3099	0.39	0.5419	0.4516	0.3688	0.4486	right
sess_ac72ltsox	NCNU_User_1774321230453	2026-03-24T03:01:07.247Z	B	Victory	1	1	0.5905553458	0.793305629	TRUE	0.7183	0.4113	0.2192	0.4027	0.5721	0.4509	0.3836	0.4439	left
sess_ac72ltsox	NCNU_User_1774321230453	2026-03-24T03:01:09.152Z	B	Heart	1	0.7213812258	0.2460162974	0.8024467862	TRUE	0.4564	0.6942	0.4654	0.6618	0.5719	0.4593	0.4024	0.4507	
sess_ac72ltsox	NCNU_User_1774321230453	2026-03-24T03:01:11.046Z	B	Fireworks_Explosion	1	1	0.1786559463	0.9374704188	TRUE	0.6487	0.6691	0.1856	0.7169	0.5455	0.4494	0.3807	0.4529	right
sess_ac72ltsox	NCNU_User_1774321230453	2026-03-24T03:01:11.898Z	B	Dance_Continuous	1	1	0.5003053998	0.8248931101	TRUE	0.6846	0.7971	0.3004	0.6983	0.5795	0.4599	0.4104	0.449	30s_Interval_AutoLog
sess_ac72ltsox	NCNU_User_1774321230453	2026-03-24T03:01:12.723Z	B	Victory	1	1	0.4074217881	0.8574023742	TRUE	0.5467	0.5988	0.2581	0.6489	0.5457	0.4526	0.3754	0.447	left
sess_ac72ltsox	NCNU_User_1774321230453	2026-03-24T03:01:14.278Z	B	Victory	1	0.8346719024	0.7163155714	0.683158311	TRUE	0.6205	1.0178	0.2314	0.3181	0.5698	0.4641	0.3998	0.4573	right
sess_ac72ltsox	NCNU_User_1774321230453	2026-03-24T03:01:15.746Z	B	Victory	1	1	0.449053771	0.8428311802	TRUE	0.7056	0.2617	0.2538	0.7482	0.5381	0.4439	0.3695	0.4462	left
sess_ac72ltsox	NCNU_User_1774321230453	2026-03-24T03:01:16.873Z	B	Victory	1	0.9929005375	0.2729363107	0.9016325063	TRUE	0.579	0.4747	0.1955	0.4947	0.5459	0.4481	0.3693	0.4488	right
sess_ac72ltsox	NCNU_User_1774321230453	2026-03-24T03:01:19.465Z	B	Victory	1	0.5993682441	0.9078619653	0.5219956098	TRUE	0.3729	0.5333	0.2841	0.9141	0.5121	0.4328	0.3476	0.4563	left
sess_ac72ltsox	NCNU_User_1774321230453	2026-03-24T03:01:21.209Z	B	Victory	1	0.5978290285	0.8347129283	0.5469820865	TRUE	0.5312	0.9256	0.3602	0.4858	0.5633	0.4578	0.3904	0.4457	right
sess_ac72ltsox	NCNU_User_1774321230453	2026-03-24T03:01:23.607Z	B	Heart	1	0.6530022608	0.5951948009	0.652882724	TRUE	0.4757	0.7924	0.4349	0.8073	0.5504	0.4548	0.3717	0.4462	
sess_ac72ltsox	NCNU_User_1774321230453	2026-03-24T03:01:25.787Z	B	Victory	1	1	0.5611860255	0.8035848911	TRUE	0.5895	0.4689	0.3618	0.9272	0.5749	0.4454	0.4025	0.4403	left
sess_ac72ltsox	NCNU_User_1774321230453	2026-03-24T03:01:33.912Z	B	Victory	1	1	0.3157265452	0.8894957092	TRUE	0.482	0.674	0.3745	0.4983	0.5613	0.4582	0.3887	0.4551	right
sess_ac72ltsox	NCNU_User_1774321230453	2026-03-24T03:01:34.906Z	B	Heart	1	0.6447071749	0.584951155	0.6531499657	TRUE	0.4515	0.6825	0.4859	0.6197	0.5672	0.4523	0.3947	0.4516	
sess_ac72ltsox	NCNU_User_1774321230453	2026-03-24T03:01:35.919Z	B	Heart	1	0.6858070028	0.2816454572	0.7757468911	TRUE	0.4223	0.5672	0.4403	0.5851	0.5655	0.4607	0.3934	0.453	
sess_ac72ltsox	NCNU_User_1774321230453	2026-03-24T03:01:36.244Z	B	Fireworks_Explosion	1	0.9477187178	0.1878492244	0.9133402586	TRUE	0.4861	0.8047	0.3687	0.8088	0.5463	0.4602	0.3719	0.457	left
sess_ac72ltsox	NCNU_User_1774321230453	2026-03-24T03:01:36.911Z	B	Heart	1	0.803644238	0.8065045695	0.6391810959	TRUE	0.4438	0.5936	0.4282	0.6134	0.5502	0.4442	0.3859	0.4403	
sess_ac72ltsox	NCNU_User_1774321230453	2026-03-24T03:01:37.972Z	B	Heart	1	0.7386980515	1	0.5454792206	TRUE	0.4066	0.6271	0.378	0.6402	0.5483	0.4459	0.3804	0.4498	
sess_ac72ltsox	NCNU_User_1774321230453	2026-03-24T03:01:39.738Z	B	Victory	1	0.7229127864	0.561353214	0.6926914897	TRUE	0.4531	0.6593	0.4807	0.6106	0.5928	0.4708	0.4165	0.4643	right
sess_ac72ltsox	NCNU_User_1774321230453	2026-03-24T03:01:40.970Z	B	Heart	1	0.6382298448	0.4333925171	0.7036045569	TRUE	0.4448	0.7753	0.4772	0.7536	0.5609	0.4614	0.3796	0.4591	
sess_ac72ltsox	NCNU_User_1774321230453	2026-03-24T03:01:41.946Z	B	Dance_Continuous	1	0.6381465162	0.5880938318	0.6494257654	TRUE	0.5795	0.782	0.3694	0.218	0.636	0.4545	0.4736	0.4026	30s_Interval_AutoLog
sess_ac72ltsox	NCNU_User_1774321230453	2026-03-24T03:01:43.585Z	B	Victory	1	0.6240429895	0.9355946312	0.5221590749	TRUE	0.646	1.0302	0.4033	0.4719	0.6039	0.4699	0.421	0.464	right
sess_ac72ltsox	NCNU_User_1774321230453	2026-03-24T03:01:46.953Z	B	Gull_Flap	1	0.7586652472	0.6618444474	0.6718205423	TRUE	0.8818	0.3393	0.1919	0.3407	0.623	0.4497	0.4432	0.4446	
sess_ac72ltsox	NCNU_User_1774321230453	2026-03-24T03:01:53.014Z	B	Victory	1	1	1	0.65	TRUE	0.5736	0.453	0.568	0.4559	0.64	0.4485	0.4721	0.4559	left
sess_ac72ltsox	NCNU_User_1774321230453	2026-03-24T03:01:54.222Z	B	Heart	0.9566131997	0.5608299148	0.9358965038	0.4859214895	TRUE	0.4811	0.46	0.4464	0.4472	0.5751	0.452	0.4091	0.4514	
sess_ac72ltsox	NCNU_User_1774321230453	2026-03-24T03:01:55.480Z	B	Victory	1	0.3376085715	1	0.3850434286	TRUE	0.555	0.3077	0.4302	0.3296	0.5993	0.3733	0.435	0.3899	left
sess_ac72ltsox	NCNU_User_1774321230453	2026-03-24T03:01:56.596Z	B	Victory	1	0.2073164056	1	0.3329265622	TRUE	0.4994	0.3404	0.4971	0.3455	0.6027	0.4399	0.4414	0.442	right
sess_ac72ltsox	NCNU_User_1774321230453	2026-03-24T03:01:57.473Z	B	Fireworks_Explosion	0.7473527677	0.6409740022	0.5578647026	0.5979751469	TRUE	0.4507	0.7492	0.4825	0.747	0.5804	0.4566	0.4204	0.4606	right
sess_ac72ltsox	NCNU_User_1774321230453	2026-03-24T03:01:58.011Z	B	Fireworks_Explosion	0.1753553544	1	0.2342480154	0.7118520332	TRUE	0.5178	0.711	0.5737	0.706	0.6178	0.451	0.4554	0.4551	right
sess_ac72ltsox	NCNU_User_1774321230453	2026-03-24T03:01:59.072Z	B	Heart	0.1090336989	0.8258773487	0.2210383629	0.6302459372	TRUE	0.4764	0.5947	0.4887	0.621	0.5704	0.4573	0.399	0.4594	
sess_ac72ltsox	NCNU_User_1774321230453	2026-03-24T03:01:59.883Z	B	Victory	1	0.6670844896	0.4095204158	0.7235016503	TRUE	0.8445	0.3591	0.2918	0.3767	0.6568	0.456	0.4735	0.4481	left
sess_ac72ltsox	NCNU_User_1774321230453	2026-03-24T03:00:48.960Z	B	Victory	1	0.9306232796	0.3657474947	0.8442376887	TRUE	0.548	0.7556	0.4155	0.512	0.589	0.4583	0.4203	0.4465	right
sess_ac72ltsox	NCNU_User_1774321230453	2026-03-24T03:02:00.583Z	B	Heart	1	0.9437527246	0.4676517088	0.8138229918	TRUE	0.5542	0.7574	0.5693	0.7433	0.6555	0.4575	0.4791	0.4375	
sess_ac72ltsox	NCNU_User_1774321230453	2026-03-24T03:02:01.551Z	B	Heart	1	0.8101448793	0.1842104506	0.859584294	TRUE	0.4644	0.6968	0.4789	0.6894	0.5806	0.4505	0.4074	0.4573	
sess_ac72ltsox	NCNU_User_1774321230453	2026-03-24T03:02:02.343Z	B	Fireworks_Explosion	1	0.8811196172	0.258009605	0.8621444851	TRUE	0.6262	0.6039	0.4448	0.2714	0.6526	0.4518	0.4832	0.434	right
sess_ac72ltsox	NCNU_User_1774321230453	2026-03-24T03:02:03.005Z	B	Victory	1	1	0.2125490508	0.9256078322	TRUE	0.6488	0.5523	0.4054	0.9073	0.6537	0.4518	0.4886	0.446	right
sess_ac72ltsox	NCNU_User_1774321230453	2026-03-24T03:02:04.512Z	B	Victory	1	0.7045405266	0.6525150337	0.6534359488	TRUE	0.5891	0.9031	0.5372	0.8193	0.6271	0.4582	0.4568	0.4561	left
sess_ac72ltsox	NCNU_User_1774321230453	2026-03-24T03:02:04.771Z	B	Heart	1	0.8074997754	0.8263965397	0.6337611212	TRUE	0.5236	0.5995	0.5705	0.6191	0.6446	0.4563	0.4722	0.4579	
sess_ac72ltsox	NCNU_User_1774321230453	2026-03-24T03:02:09.379Z	B	Victory	1	1	0.4790455566	0.8323340552	TRUE	0.6665	0.448	0.5799	0.4266	0.6395	0.4497	0.4677	0.449	right
sess_ac72ltsox	NCNU_User_1774321230453	2026-03-24T03:02:11.575Z	B	Victory	1	0.8032164884	0.4174213347	0.7751891282	TRUE	0.557	0.6623	0.3781	0.1165	0.6124	0.4394	0.4498	0.4246	right
sess_ac72ltsox	NCNU_User_1774321230453	2026-03-24T03:02:11.980Z	B	Dance_Continuous	1	1	0.7651492661	0.7321977569	TRUE	0.684	0.0793	0.5122	0.8503	0.6596	0.4149	0.4913	0.4505	30s_Interval_AutoLog
sess_ac72ltsox	NCNU_User_1774321230453	2026-03-24T03:02:13.907Z	B	Victory	1	1	0.2904341669	0.8983480416	TRUE	0.8217	0.7032	0.2613	0.7634	0.6174	0.4541	0.4476	0.462	left
sess_ac72ltsox	NCNU_User_1774321230453	2026-03-24T03:02:15.078Z	B	Victory	1	1	0.5605257772	0.803815978	TRUE	0.8277	0.4101	0.2617	0.4429	0.6494	0.4562	0.4686	0.4545	right
sess_ac72ltsox	NCNU_User_1774321230453	2026-03-24T03:02:16.512Z	B	Heart	1	1	0.3869583932	0.8645645624	TRUE	0.4936	0.4954	0.5165	0.5261	0.6052	0.4532	0.4403	0.4545	
sess_ac72ltsox	NCNU_User_1774321230453	2026-03-24T03:02:17.508Z	B	Victory	1	0.8869494705	0.2629736533	0.8627390095	TRUE	0.6587	0.6744	0.4135	0.4801	0.6543	0.4455	0.4821	0.4514	right
sess_ac72ltsox	NCNU_User_1774321230453	2026-03-24T03:02:17.973Z	B	Heart	1	0.7890647179	0.3061156357	0.8084854147	TRUE	0.479	0.6642	0.5104	0.612	0.6122	0.4559	0.4348	0.4586	
sess_ac72ltsox	NCNU_User_1774321230453	2026-03-24T03:02:19.133Z	B	Heart	1	0.8492255271	0.5765086069	0.7379121985	TRUE	0.6408	0.5845	0.6714	0.5662	0.6847	0.4457	0.5097	0.4424	
sess_ac72ltsox	NCNU_User_1774321230453	2026-03-24T03:02:20.500Z	B	Heart	1	0.4741637206	0.6181983291	0.573296073	TRUE	0.4023	0.7213	0.409	0.6502	0.5926	0.4401	0.4421	0.467	
sess_ac72ltsox	NCNU_User_1774321230453	2026-03-24T03:02:20.849Z	B	Victory	1	0.5257734774	0.8783804847	0.5028762213	TRUE	0.5649	0.2994	0.4535	0.307	0.6214	0.4151	0.4599	0.4103	left
sess_ac72ltsox	NCNU_User_1774321230453	2026-03-24T03:02:21.189Z	B	Heart	0.7327355099	0.7312459564	0.764562266	0.558085467	TRUE	0.6336	0.6191	0.6127	0.5376	0.6689	0.4414	0.4935	0.4508	
sess_ac72ltsox	NCNU_User_1774321230453	2026-03-24T03:02:21.512Z	B	Victory	0.2003037389	0.4792686413	0.6205701569	0.3745838363	TRUE	0.5838	0.595	0.6209	0.5657	0.6985	0.457	0.5225	0.4505	right
sess_ac72ltsox	NCNU_User_1774321230453	2026-03-24T03:02:23.983Z	B	Victory	1	1	0.6225972407	0.7820909657	TRUE	0.9027	0.6017	0.6589	0.4748	0.682	0.4573	0.5215	0.4424	left
sess_ac72ltsox	NCNU_User_1774321230453	2026-03-24T03:02:25.503Z	B	Heart	1	0.9225266106	0.6458938235	0.7429478061	TRUE	0.3334	0.831	0.3502	0.8138	0.5989	0.4324	0.4477	0.4515	
sess_ac72ltsox	NCNU_User_1774321230453	2026-03-24T03:02:25.905Z	B	Heart	1	0.5507402643	1	0.4702961057	TRUE	0.5175	0.7781	0.5425	0.8666	0.6474	0.4403	0.4771	0.4577	
sess_ac72ltsox	NCNU_User_1774321230453	2026-03-24T03:02:26.527Z	B	Heart	0.8710966549	0.9809050494	0.7178021263	0.7089054393	TRUE	0.6172	0.7178	0.6311	0.6719	0.6741	0.4549	0.505	0.4445	
sess_4luybdt66	NCNU_User_1774321350691	2026-03-24T03:02:32.101Z	B	Victory	0.5	0.5	0.5	0.5	FALSE	0.3812	1.0037	0.1635	0.7769	0.4045	0.5832	0.2801	0.5605	left
sess_4luybdt66	NCNU_User_1774321350691	2026-03-24T03:02:34.080Z	B	Heart	0.5	0.5	0.5	0.5	FALSE	0.6063	1.0376	0.575	1.0505	0.6843	0.5926	0.4989	0.5815	
sess_t3q3il099	NCNU_User_1774321354875	2026-03-24T03:02:34.948Z	B	Fireworks_Explosion	0.5	0.5	0.5	0.5	FALSE	0.6481	1.0256	0.4481	0.8095	0.6478	0.6006	0.4643	0.5974	left
sess_t3q3il099	NCNU_User_1774321354875	2026-03-24T03:02:36.550Z	B	Victory	0.5	0.5	0.5	0.5	FALSE	0.6664	0.5509	0.4493	0.5482	0.6617	0.5554	0.4814	0.5307	left
sess_t3q3il099	NCNU_User_1774321354875	2026-03-24T03:02:36.878Z	B	Heart	0.5	0.5	0.5	0.5	FALSE	0.5365	0.7568	0.5076	0.7271	0.6585	0.5633	0.4858	0.5497	
sess_t3q3il099	NCNU_User_1774321354875	2026-03-24T03:02:37.210Z	B	Victory	0.5	0.5	0.5	0.5	FALSE	0.6658	0.6116	0.4242	0.5701	0.6533	0.5739	0.4711	0.5541	right
sess_t3q3il099	NCNU_User_1774321354875	2026-03-24T03:02:37.550Z	B	Heart	0.5	0.5	0.5	0.5	FALSE	0.5397	0.7633	0.5513	0.7519	0.6567	0.5672	0.4696	0.5549	
sess_t3q3il099	NCNU_User_1774321354875	2026-03-24T03:02:37.889Z	B	Fireworks_Explosion	0.5	0.5	0.5	0.5	FALSE	0.6239	0.6541	0.4802	0.6419	0.6558	0.5637	0.469	0.5511	right
sess_t3q3il099	NCNU_User_1774321354875	2026-03-24T03:02:38.112Z	B	Heart	0.5	0.5	0.5	0.5	FALSE	0.5398	0.8208	0.5522	0.8287	0.656	0.569	0.4719	0.5557	
sess_t3q3il099	NCNU_User_1774321354875	2026-03-24T03:02:38.754Z	B	Heart	0.5	0.5	0.5	0.5	FALSE	0.6013	0.9042	0.5716	0.9752	0.6565	0.5747	0.4717	0.5661	
sess_t3q3il099	NCNU_User_1774321354875	2026-03-24T03:02:41.473Z	B	Victory	0.5	0.5	0.5	0.5	FALSE	0.6828	0.569	0.4062	0.5532	0.6552	0.5666	0.4691	0.5564	right
sess_t3q3il099	NCNU_User_1774321354875	2026-03-24T03:02:41.807Z	B	Heart	0.5	0.5	0.5	0.5	FALSE	0.543	0.8892	0.5279	0.8768	0.6528	0.5788	0.4718	0.5642	
sess_t3q3il099	NCNU_User_1774321354875	2026-03-24T03:02:42.942Z	B	Heart	0.5	0.5	0.5	0.5	FALSE	0.5477	0.8899	0.5395	0.918	0.6578	0.5796	0.4773	0.5647	
sess_t3q3il099	NCNU_User_1774321354875	2026-03-24T03:02:44.679Z	B	Victory	0.5	0.5	0.5	0.5	FALSE	0.7054	0.9155	0.3425	0.9567	0.6637	0.5802	0.4844	0.5632	right
sess_t3q3il099	NCNU_User_1774321354875	2026-03-24T03:02:45.079Z	B	Baseline_End	0.5088367227	0.2863939	0.8061692965	0.3096074869	TRUE	0.5741	0.9313	0.5115	0.9205	0.6607	0.5655	0.4842	0.5545	baseline calibrated
sess_t3q3il099	NCNU_User_1774321354875	2026-03-24T03:02:47.549Z	B	Fireworks_Explosion	0.5137030646	0.3311491051	0.6295546051	0.3905412964	TRUE	0.7403	0.9532	0.4389	0.9697	0.6621	0.5725	0.4813	0.5593	right
sess_t3q3il099	NCNU_User_1774321354875	2026-03-24T03:02:49.329Z	B	Victory	0.623908567	0.3059866664	0.4982109535	0.4539979746	TRUE	0.692	0.9085	0.4032	0.9114	0.6668	0.5832	0.4846	0.5687	right
sess_t3q3il099	NCNU_User_1774321354875	2026-03-24T03:02:52.380Z	B	Heart	0.151331527	0.04788423464	0.4418601292	0.2523355304	TRUE	0.5371	0.6818	0.5484	0.6892	0.6566	0.5756	0.4723	0.5659	
sess_t3q3il099	NCNU_User_1774321354875	2026-03-24T03:02:52.720Z	B	Fireworks_Explosion	0.2701706493	0.1543988151	0.2889063674	0.3781849598	TRUE	0.6744	0.5634	0.4109	0.5574	0.6621	0.5787	0.4749	0.5634	right
sess_t3q3il099	NCNU_User_1774321354875	2026-03-24T03:02:53.076Z	B	Heart	0.1362080517	0.1024972549	0.04481186061	0.4093667637	TRUE	0.5331	0.6752	0.5364	0.6461	0.655	0.5788	0.4717	0.5708	
sess_t3q3il099	NCNU_User_1774321354875	2026-03-24T03:02:53.281Z	B	Fireworks_Explosion	0.2375714936	0.2304014947	0	0.5015534713	TRUE	0.6834	0.5912	0.4182	0.5774	0.6596	0.5793	0.4744	0.5629	left
sess_t3q3il099	NCNU_User_1774321354875	2026-03-24T03:02:53.963Z	B	Fireworks_Explosion	0.2491953264	0	0.4927716419	0.2398287569	TRUE	0.6731	0.5799	0.4368	0.5699	0.665	0.5778	0.4763	0.5535	left
sess_t3q3il099	NCNU_User_1774321354875	2026-03-24T03:02:54.242Z	B	Heart	0.1304050251	0.001413116284	0.1855881894	0.3182106365	TRUE	0.5689	0.6721	0.5684	0.6675	0.6649	0.5727	0.476	0.5551	
sess_t3q3il099	NCNU_User_1774321354875	2026-03-24T03:02:54.778Z	B	Heart	0.05821061242	0	0.7583103196	0.09914404126	TRUE	0.5823	0.6893	0.5633	0.6621	0.6682	0.5761	0.4801	0.5485	
sess_t3q3il099	NCNU_User_1774321354875	2026-03-24T03:02:55.451Z	B	Heart	0.1706660273	0.2317588833	0.3420347213	0.3656579077	TRUE	0.5766	0.6773	0.5449	0.6716	0.6608	0.5692	0.4711	0.5544	
sess_t3q3il099	NCNU_User_1774321354875	2026-03-24T03:02:56.015Z	B	Fireworks_Explosion	0.1396371631	0.3704434253	0.04058999005	0.5188801644	TRUE	0.6103	0.7853	0.5048	0.724	0.6581	0.575	0.4738	0.5608	left
sess_t3q3il099	NCNU_User_1774321354875	2026-03-24T03:03:00.241Z	B	Victory	0.6413256515	0.8306194732	0.2474546043	0.7559700907	TRUE	0.6807	0.4573	0.4294	0.4321	0.6587	0.56	0.4769	0.5582	right
sess_t3q3il099	NCNU_User_1774321354875	2026-03-24T03:03:01.647Z	B	Fireworks_Explosion	0.7143308442	0.8894006088	0.2497709902	0.796923108	TRUE	0.6931	0.4544	0.4235	0.4702	0.6612	0.5681	0.4753	0.5565	right
sess_t3q3il099	NCNU_User_1774321354875	2026-03-24T03:03:02.048Z	B	Heart	0.3008899324	0.3714168093	0.06578271223	0.5507652575	TRUE	0.5673	0.6006	0.5335	0.6021	0.658	0.5707	0.4723	0.5661	
sess_t3q3il099	NCNU_User_1774321354875	2026-03-24T03:03:02.589Z	B	Heart	0.153504556	0.1457858543	0.08381895125	0.4173538478	TRUE	0.579	0.6062	0.5451	0.61	0.6602	0.5677	0.4738	0.565	
sess_t3q3il099	NCNU_User_1774321354875	2026-03-24T03:03:04.106Z	B	Heart	0.09397221447	0.0912553121	0.09595174089	0.3764120691	TRUE	0.5781	0.6617	0.5308	0.6698	0.6587	0.5733	0.4724	0.5668	
sess_t3q3il099	NCNU_User_1774321354875	2026-03-24T03:03:04.974Z	B	Heart	0.03293768215	0.3070150384	0.1205538025	0.438846605	TRUE	0.5699	0.7411	0.5308	0.715	0.6578	0.5653	0.4725	0.5636	
sess_t3q3il099	NCNU_User_1774321354875	2026-03-24T03:03:05.310Z	B	Fireworks_Explosion	0.1613557693	0.610516688	0	0.6345456175	TRUE	0.6478	0.5425	0.4494	0.5641	0.6584	0.5729	0.4724	0.5645	left
sess_t3q3il099	NCNU_User_1774321354875	2026-03-24T03:03:05.986Z	B	Victory	0.193667749	0.2086467035	0.4538366856	0.3230327787	TRUE	0.6604	0.5663	0.4525	0.5948	0.6601	0.5782	0.4759	0.565	left
sess_t3q3il099	NCNU_User_1774321354875	2026-03-24T03:03:06.384Z	B	Heart	0.06369432665	0	0.5546075385	0.1718109432	TRUE	0.5358	0.5958	0.5583	0.5968	0.6572	0.5744	0.4707	0.5778	
sess_t3q3il099	NCNU_User_1774321354875	2026-03-24T03:03:06.975Z	B	Heart	0.009479696921	0	0.3930084933	0.2148169516	TRUE	0.5785	0.5777	0.5465	0.5853	0.66	0.5822	0.4761	0.5765	
sess_t3q3il099	NCNU_User_1774321354875	2026-03-24T03:03:07.438Z	B	Heart	0.01026368467	0.1071550053	0.2415065247	0.3109006396	TRUE	0.5389	0.6655	0.5586	0.6711	0.6613	0.5819	0.4748	0.571	
sess_t3q3il099	NCNU_User_1774321354875	2026-03-24T03:03:11.993Z	B	Fireworks_Explosion	0.5374020392	0.5792271854	0.4318553263	0.5648920198	TRUE	0.6081	0.8644	0.4457	0.5437	0.6555	0.5876	0.4728	0.5655	right
sess_t3q3il099	NCNU_User_1774321354875	2026-03-24T03:03:12.728Z	B	Fireworks_Explosion	0.5200584466	1	0.1631202767	0.8229225148	TRUE	0.6057	0.8668	0.4523	0.8355	0.6557	0.5889	0.4743	0.5674	left
sess_t3q3il099	NCNU_User_1774321354875	2026-03-24T03:03:15.094Z	B	Dance_Continuous	0.5044938895	0.2561684885	1	0.2285908678	TRUE	0.5735	0.9272	0.4564	0.9085	0.6599	0.5893	0.4777	0.5553	30s_Interval_AutoLog
sess_t3q3il099	NCNU_User_1774321354875	2026-03-24T03:03:17.562Z	B	Victory	1	0.4496915876	0.09219086102	0.7476098337	TRUE	0.8207	0.9065	0.2776	0.9368	0.655	0.5914	0.4773	0.5727	right
sess_t3q3il099	NCNU_User_1774321354875	2026-03-24T03:03:21.430Z	B	Victory	0.3813225855	0.1766883813	1	0.1660059989	TRUE	0.6799	0.5122	0.4356	0.493	0.6594	0.5808	0.4741	0.5624	left
sess_t3q3il099	NCNU_User_1774321354875	2026-03-24T03:03:23.508Z	B	Victory	0.6690259485	0.6728336312	0.5909322281	0.5795636598	TRUE	0.6908	0.5182	0.4	0.5637	0.6576	0.5832	0.475	0.5666	left
sess_t3q3il099	NCNU_User_1774321354875	2026-03-24T03:03:26.582Z	B	Heart	0.1405920723	0.535172706	0	0.5992171005	TRUE	0.5605	0.8841	0.5281	0.8821	0.6504	0.5956	0.4761	0.5693	
sess_t3q3il099	NCNU_User_1774321354875	2026-03-24T03:03:30.482Z	B	Victory	0.9433130268	0.3236646457	0.9943735881	0.3672633592	TRUE	0.7528	0.8937	0.3376	0.9168	0.6546	0.5853	0.4849	0.5614	right
sess_t3q3il099	NCNU_User_1774321354875	2026-03-24T03:03:43.567Z	B	Victory	0.384699119	0.1951149655	0.1768638471	0.4623184195	TRUE	0.69	0.8667	0.4026	0.9583	0.6659	0.5981	0.4835	0.5658	right
sess_t3q3il099	NCNU_User_1774321354875	2026-03-24T03:03:43.903Z	B	Victory	0.5229107725	0	0.6894197141	0.2394307932	TRUE	0.6692	0.4095	0.4527	0.4688	0.6625	0.5614	0.4783	0.5633	left
sess_t3q3il099	NCNU_User_1774321354875	2026-03-24T03:03:45.137Z	B	Dance_Continuous	0.4989416861	0	0.8916126074	0.1626710089	TRUE	0.6971	0.8228	0.44	0.8207	0.657	0.5902	0.4829	0.5646	30s_Interval_AutoLog
sess_t3q3il099	NCNU_User_1774321354875	2026-03-24T03:03:46.005Z	B	Victory	0.575125682	0	1	0.1437814205	TRUE	0.6947	0.4777	0.4306	0.4864	0.6617	0.582	0.4746	0.5705	left
sess_t3q3il099	NCNU_User_1774321354875	2026-03-24T03:03:47.005Z	B	Heart	0.406398859	0.4664061367	0.1013941867	0.6026742041	TRUE	0.5774	0.6118	0.5484	0.6496	0.6539	0.584	0.4727	0.5695	
sess_t3q3il099	NCNU_User_1774321354875	2026-03-24T03:03:48.207Z	B	Victory	0.2187021466	0.05738621035	0.08573512637	0.3976227266	TRUE	0.6474	0.5475	0.4333	0.572	0.6582	0.5842	0.4701	0.5659	left
sess_t3q3il099	NCNU_User_1774321354875	2026-03-24T03:03:48.540Z	B	Heart	0.1109875022	0	0.02661665909	0.3684310449	TRUE	0.5743	0.654	0.5479	0.6686	0.6587	0.5887	0.4746	0.5708	
sess_t3q3il099	NCNU_User_1774321354875	2026-03-24T03:03:49.080Z	B	Heart	0.07034992801	0	0.2483276573	0.280672802	TRUE	0.587	0.6286	0.5623	0.6434	0.6605	0.5826	0.475	0.5672	
sess_t3q3il099	NCNU_User_1774321354875	2026-03-24T03:03:50.264Z	B	Victory	0.1442921214	0	0.08474470112	0.356412385	TRUE	0.6489	0.5853	0.457	0.5864	0.6631	0.5829	0.477	0.5628	left
sess_t3q3il099	NCNU_User_1774321354875	2026-03-24T03:03:51.475Z	B	Heart	0.06805255836	0.342255556	0.4831481075	0.3348135244	TRUE	0.5309	0.9029	0.5552	0.9025	0.6556	0.5919	0.4753	0.5683	
sess_8d2y7ky7w	NCNU_User_1774321434964	2026-03-24T03:03:56.568Z	B	Heart	0.5	0.5	0.5	0.5	FALSE	0.7067	0.658	0.6642	0.6684	0.6895	0.4553	0.6184	0.4792	
sess_8d2y7ky7w	NCNU_User_1774321434964	2026-03-24T03:04:02.634Z	B	Victory	0.5	0.5	0.5	0.5	FALSE	0.6185	0.7539	0.4205	0.9428	0.58	0.3482	0.4016	0.3774	right
sess_8d2y7ky7w	NCNU_User_1774321434964	2026-03-24T03:04:05.868Z	B	Baseline_End	0.5377287654	1	0	0.8844321914	TRUE	0.6499	0.9131	0.475	0.9415	0.6502	0.3469	0.4704	0.3572	baseline calibrated
sess_zvtagb8vm	NCNU_User_1774321447299	2026-03-24T03:04:08.542Z	B	Victory	0.5	0.5	0.5	0.5	FALSE	0.616	0.9346	0.4504	0.9175	0.6471	0.342	0.4744	0.354	right
sess_janpl7l97	NCNU_User_1774321452675	2026-03-24T03:04:14.403Z	B	Victory	0.5	0.5	0.5	0.5	FALSE	0.7796	0.8754	0.3284	0.8984	0.6535	0.3513	0.4703	0.3581	left
sess_janpl7l97	NCNU_User_1774321452675	2026-03-24T03:04:24.025Z	B	Baseline_End	0.244327549	0.2569222709	0.8671106112	0.2103620817	TRUE	0.6597	0.9218	0.475	0.9421	0.6492	0.3436	0.4689	0.353	baseline calibrated
sess_janpl7l97	NCNU_User_1774321452675	2026-03-24T03:04:30.306Z	B	Heart	0.1245474964	0.3840300414	0.5149189315	0.3545272646	TRUE	0.7341	0.6848	0.7523	0.6747	0.7604	0.5409	0.6968	0.537	
sess_janpl7l97	NCNU_User_1774321452675	2026-03-24T03:04:54.033Z	B	Dance_Continuous	0	0.2332518118	0.9797842457	0.1003762387	TRUE	0.7335	0.687	0.7486	0.6765	0.7604	0.5428	0.6965	0.5348	30s_Interval_AutoLog
sess_janpl7l97	NCNU_User_1774321452675	2026-03-24T03:04:57.175Z	B	Heart	0.2115398606	0.5576667231	0.6091896875	0.4127352638	TRUE	0.7332	0.6877	0.7517	0.6771	0.7597	0.5417	0.6966	0.5356	
sess_wkabiktqx	NCNU_User_1774321507963	2026-03-24T03:05:18.420Z	B	Baseline_End	0.7018616208	1	0.3992721319	0.785720159	TRUE	0.606	0.7699	0.111	0.7292	0.4624	0.3637	0.3042	0.386	baseline calibrated
sess_wkabiktqx	NCNU_User_1774321507963	2026-03-24T03:05:23.562Z	B	Heart	0.2563361943	1	0.4555744976	0.6546329744	TRUE	0.4194	0.2861	0.4083	0.2929	0.4892	0.3396	0.3447	0.3347	
sess_wkabiktqx	NCNU_User_1774321507963	2026-03-24T03:05:24.084Z	B	Dance_Continuous	0.1017678393	1	0.1890658202	0.7092689228	TRUE	0.4753	0.3203	0.3558	0.2871	0.496	0.3469	0.3402	0.3608	30s_Interval_AutoLog
sess_wkabiktqx	NCNU_User_1774321507963	2026-03-24T03:05:24.732Z	B	Victory	0.0995619809	0.6735908897	0.8622633645	0.3425346735	TRUE	0.438	0.2904	0.373	0.2458	0.4875	0.3404	0.3445	0.3364	left
sess_wkabiktqx	NCNU_User_1774321507963	2026-03-24T03:05:26.161Z	B	Victory	0.3729537295	1	0.3890377757	0.7070752109	TRUE	0.4447	0.3231	0.3506	0.3685	0.4866	0.3586	0.3439	0.3634	right
sess_wkabiktqx	NCNU_User_1774321507963	2026-03-24T03:05:27.161Z	B	Heart	0	0.473776645	0.5641368222	0.3420627702	TRUE	0.4193	0.2859	0.4017	0.271	0.4849	0.3458	0.3434	0.3407	
sess_wkabiktqx	NCNU_User_1774321507963	2026-03-24T03:05:28.917Z	B	Gull_Flap	1	0.3388839897	0.9809191822	0.3922318821	TRUE	0.6704	0.2708	0.1499	0.245	0.4985	0.3592	0.3451	0.3636	
sess_wkabiktqx	NCNU_User_1774321507963	2026-03-24T03:05:31.685Z	B	Victory	0.7162712308	0.905089746	0.6717917482	0.6559765942	TRUE	0.6348	0.4089	0.1958	0.2753	0.5064	0.3581	0.3549	0.3608	right
sess_wkabiktqx	NCNU_User_1774321507963	2026-03-24T03:05:32.760Z	B	Victory	0.4455544487	0.8881985594	0.2589327544	0.7260415719	TRUE	0.4559	0.3777	0.5054	0.4913	0.4948	0.3553	0.3729	0.3445	left
sess_wkabiktqx	NCNU_User_1774321507963	2026-03-24T03:05:33.819Z	B	Victory	1	1	0	1	TRUE	0.6108	0.2706	0.1136	0.3357	0.4736	0.3566	0.3231	0.3643	right
sess_wkabiktqx	NCNU_User_1774321507963	2026-03-24T03:05:35.568Z	B	Victory	0.4108299805	0.8803426432	0.3853695061	0.6699652253	TRUE	0.5876	0.213	0.2536	0.1685	0.4838	0.3579	0.3313	0.3528	left
sess_wkabiktqx	NCNU_User_1774321507963	2026-03-24T03:05:39.096Z	B	Heart	0.007290076512	1	0	0.7518225191	TRUE	0.4466	0.513	0.4138	0.5152	0.4927	0.3572	0.3422	0.3684	
sess_wkabiktqx	NCNU_User_1774321507963	2026-03-24T03:05:39.389Z	B	Fireworks_Explosion	0	1	0.2477853537	0.6632751262	TRUE	0.4238	0.5627	0.4014	0.5128	0.4802	0.3495	0.3306	0.3669	left
sess_wkabiktqx	NCNU_User_1774321507963	2026-03-24T03:05:39.663Z	B	Victory	0	1	0.09857832843	0.715497585	TRUE	0.3882	0.582	0.4132	0.5842	0.4646	0.3524	0.3158	0.3758	right
sess_wkabiktqx	NCNU_User_1774321507963	2026-03-24T03:05:40.819Z	B	Fireworks_Explosion	0	1	0.1792576406	0.6872598258	TRUE	0.4469	0.6207	0.4566	0.5862	0.4996	0.3516	0.3552	0.3775	right
sess_wkabiktqx	NCNU_User_1774321507963	2026-03-24T03:05:42.097Z	B	Victory	0	1	0.3719541102	0.6198160614	TRUE	0.5252	0.1714	0.4426	0.1835	0.5319	0.342	0.3856	0.3345	right
sess_wkabiktqx	NCNU_User_1774321507963	2026-03-24T03:05:42.386Z	B	Victory	0.08898081745	1	0.3870939488	0.6367623223	TRUE	0.649	0.0822	0.3147	0.0407	0.5221	0.3464	0.3644	0.3398	left
sess_wkabiktqx	NCNU_User_1774321507963	2026-03-24T03:05:42.796Z	B	Gull_Flap	0.6785786126	0.7456011264	0.7570729984	0.5529095543	TRUE	0.7614	0.1966	0.1498	0.1121	0.5161	0.3548	0.3529	0.3566	
sess_wkabiktqx	NCNU_User_1774321507963	2026-03-24T03:05:46.298Z	B	Fireworks_Explosion	0	1	0.1397712948	0.7010800468	TRUE	0.4146	0.6706	0.4154	0.6697	0.4818	0.3499	0.3353	0.3691	right
sess_wkabiktqx	NCNU_User_1774321507963	2026-03-24T03:05:46.585Z	B	Victory	0	1	0.07080146578	0.725219487	TRUE	0.4399	0.4562	0.441	0.4748	0.5017	0.3535	0.3593	0.3659	left
sess_wkabiktqx	NCNU_User_1774321507963	2026-03-24T03:05:47.551Z	B	Heart	0	1	0.1322157223	0.7037244972	TRUE	0.474	0.4945	0.4453	0.5352	0.5216	0.3581	0.3793	0.3621	
sess_wkabiktqx	NCNU_User_1774321507963	2026-03-24T03:05:50.512Z	B	Heart	0	1	0.197257581	0.6809598466	TRUE	0.4522	0.3194	0.4267	0.3036	0.503	0.3514	0.3628	0.3485	
sess_wkabiktqx	NCNU_User_1774321507963	2026-03-24T03:05:54.143Z	B	Dance_Continuous	0.2877924084	1	0.4483507663	0.6650253339	TRUE	0.4946	0.2466	0.365	0.2196	0.5061	0.3301	0.3627	0.3281	30s_Interval_AutoLog
sess_wkabiktqx	NCNU_User_1774321507963	2026-03-24T03:05:54.527Z	B	Heart	0.07911322108	1	0.2614158763	0.6782827486	TRUE	0.4404	0.4336	0.4069	0.4489	0.5044	0.3564	0.3573	0.3645	
sess_wkabiktqx	NCNU_User_1774321507963	2026-03-24T03:05:54.860Z	B	Fireworks_Explosion	0	1	0.2235575744	0.671754849	TRUE	0.4566	0.2362	0.3906	0.2339	0.4948	0.3309	0.3563	0.313	left
sess_wkabiktqx	NCNU_User_1774321507963	2026-03-24T03:05:55.663Z	B	Victory	0.0133268042	1	0.2806258681	0.6551126472	TRUE	0.4657	0.2824	0.3876	0.298	0.4919	0.335	0.3538	0.332	left
sess_wkabiktqx	NCNU_User_1774321507963	2026-03-24T03:05:56.218Z	B	Fireworks_Explosion	0	1	0.2708707361	0.6551952424	TRUE	0.4585	0.2617	0.3966	0.2686	0.4943	0.3406	0.3572	0.3339	right
sess_wkabiktqx	NCNU_User_1774321507963	2026-03-24T03:05:56.905Z	B	Heart	0	1	0.3521355176	0.6267525688	TRUE	0.4519	0.5298	0.418	0.5342	0.506	0.3595	0.3637	0.3628	
sess_wkabiktqx	NCNU_User_1774321507963	2026-03-24T03:06:00.956Z	B	Gull_Flap	1	1	0.03558154175	0.9875464604	TRUE	0.6961	0.292	0.0908	0.2475	0.5123	0.3616	0.3489	0.3527	
sess_wkabiktqx	NCNU_User_1774321507963	2026-03-24T03:06:01.476Z	B	Victory	0.9698746965	1	0.2233229543	0.9143056401	TRUE	0.5135	0.2571	0.3002	0.2245	0.485	0.3614	0.3319	0.3531	right
sess_wkabiktqx	NCNU_User_1774321507963	2026-03-24T03:06:03.191Z	B	Fireworks_Explosion	0.3319738941	0.8955692993	0.4092052571	0.6479993533	TRUE	0.4492	0.1305	0.3231	0.2524	0.4972	0.3364	0.3473	0.3497	left
sess_wkabiktqx	NCNU_User_1774321507963	2026-03-24T03:06:07.072Z	B	Victory	0.5200437011	0.9475865919	0.8010373446	0.5786824914	TRUE	0.6322	0.3822	0.2225	0.3112	0.5077	0.3526	0.3564	0.3668	right
sess_wkabiktqx	NCNU_User_1774321507963	2026-03-24T03:06:08.136Z	B	Heart	0.3639238543	1	0.3638018945	0.7136503005	TRUE	0.4482	0.3469	0.4348	0.3561	0.5151	0.3429	0.3684	0.3346	
sess_wkabiktqx	NCNU_User_1774321507963	2026-03-24T03:06:09.187Z	B	Victory	0.2514520619	0.6622987748	0.4292239286	0.5275541504	TRUE	0.6393	0.1644	0.2627	0.1653	0.509	0.3559	0.3515	0.3568	left
sess_wkabiktqx	NCNU_User_1774321507963	2026-03-24T03:06:11.582Z	B	Victory	1	1	0.2211689604	0.9225908639	TRUE	0.7323	0.3566	0.0535	0.3065	0.4647	0.3628	0.3047	0.3651	left
sess_wkabiktqx	NCNU_User_1774321507963	2026-03-24T03:06:13.110Z	B	Victory	1	1	0.1523130816	0.9466904214	TRUE	0.7952	0.2848	0.1937	0.2943	0.5727	0.3652	0.4151	0.3655	right
sess_wkabiktqx	NCNU_User_1774321507963	2026-03-24T03:06:17.887Z	B	Victory	0.2591346138	1	0	0.8147836535	TRUE	0.7267	0.3879	0.6091	0.4057	0.558	0.3646	0.4211	0.3615	left
sess_wkabiktqx	NCNU_User_1774321507963	2026-03-24T03:06:18.285Z	B	Victory	0.1930784714	1	0	0.7982696179	TRUE	0.629	0.7312	0.4644	0.7174	0.5224	0.3814	0.3765	0.3626	right
sess_wkabiktqx	NCNU_User_1774321507963	2026-03-24T03:06:20.159Z	B	Victory	0.3000419546	1	0.324830442	0.7113198339	TRUE	0.6815	0.7702	0.5529	0.7401	0.5564	0.3986	0.4216	0.3716	left
sess_wkabiktqx	NCNU_User_1774321507963	2026-03-24T03:06:21.586Z	B	Fireworks_Explosion	0.2657775704	1	0.2345635312	0.7343471567	TRUE	0.4342	0.3093	0.2636	0.3402	0.4705	0.3458	0.3196	0.3665	left
sess_wkabiktqx	NCNU_User_1774321507963	2026-03-24T03:06:23.400Z	B	Victory	0	0.6850866036	0.6015641896	0.4134871751	TRUE	0.3478	0.3686	0.308	0.4299	0.4636	0.3508	0.3108	0.3664	left
sess_wkabiktqx	NCNU_User_1774321507963	2026-03-24T03:06:24.181Z	B	Dance_Continuous	0.4276285854	0.9050533336	0.7837532455	0.5446148439	TRUE	0.5928	0.7219	0.2903	0.7696	0.5122	0.3796	0.3614	0.3727	30s_Interval_AutoLog
sess_wkabiktqx	NCNU_User_1774321507963	2026-03-24T03:06:26.451Z	B	Victory	0.2480873406	1	0	0.8120218352	TRUE	0.6588	0.2607	0.4256	0.2169	0.5127	0.3573	0.3618	0.3489	left
sess_wkabiktqx	NCNU_User_1774321507963	2026-03-24T03:06:28.016Z	B	Heart	0.008823108303	1	0.03266669494	0.7407724338	TRUE	0.1593	0.5166	0.1524	0.5041	0.455	0.3353	0.3331	0.3704	
sess_wkabiktqx	NCNU_User_1774321507963	2026-03-24T03:06:28.558Z	B	Victory	0.09767806487	1	0.1914683171	0.7074056052	TRUE	0.4082	0.6989	0.174	0.7037	0.5057	0.348	0.3567	0.3706	right
sess_wkabiktqx	NCNU_User_1774321507963	2026-03-24T03:06:29.091Z	B	Victory	0.2952163738	1	0.4647505623	0.6611413967	TRUE	0.5516	0.2359	0.4295	0.2936	0.5443	0.3448	0.3968	0.3555	left
sess_wkabiktqx	NCNU_User_1774321507963	2026-03-24T03:06:30.077Z	B	Heart	0.08703304354	1	0.2252560024	0.6929186601	TRUE	0.6115	0.5568	0.6094	0.4485	0.521	0.364	0.4103	0.3458	
sess_wkabiktqx	NCNU_User_1774321507963	2026-03-24T03:06:35.262Z	B	Victory	0.1328267369	1	0.2057624359	0.7111898316	TRUE	0.2633	0.2649	0.1619	0.367	0.4435	0.3335	0.3036	0.3733	right
sess_wkabiktqx	NCNU_User_1774321507963	2026-03-24T03:06:37.426Z	B	Heart	0.1160219046	1	0.2891248893	0.6778117649	TRUE	0.6213	0.6235	0.6064	0.5913	0.5349	0.3884	0.429	0.337	
sess_wkabiktqx	NCNU_User_1774321507963	2026-03-24T03:06:37.754Z	B	Heart	0	1	0.1298027579	0.7045690347	TRUE	0.7007	0.6403	0.7096	0.645	0.5376	0.3923	0.419	0.3376	
sess_wkabiktqx	NCNU_User_1774321507963	2026-03-24T03:06:39.872Z	B	Victory	0.2106391195	1	0.2066301384	0.7303392314	TRUE	0.3142	0.3341	0.1863	0.3416	0.4992	0.3447	0.3605	0.3578	right
sess_wkabiktqx	NCNU_User_1774321507963	2026-03-24T03:06:41.274Z	B	Victory	0.1754293182	1	0.3390013822	0.6752068458	TRUE	0.5934	0.2656	0.4015	0.2405	0.5503	0.3509	0.4041	0.3398	left
sess_wkabiktqx	NCNU_User_1774321507963	2026-03-24T03:06:43.364Z	B	Heart	0.4166666651	1	0.1574607226	0.7990554134	TRUE	0.3445	0.3705	0.321	0.4371	0.4389	0.3393	0.3041	0.3662	
sess_wkabiktqx	NCNU_User_1774321507963	2026-03-24T03:06:43.691Z	B	Fireworks_Explosion	0.3220174582	1	0.4052676929	0.688660672	TRUE	0.5372	0.7855	0.328	0.8121	0.491	0.3555	0.3494	0.3707	left
sess_wkabiktqx	NCNU_User_1774321507963	2026-03-24T03:06:44.342Z	B	Victory	0.2793602096	0.9385294999	0.6253198038	0.576389921	TRUE	0.5566	0.2844	0.4524	0.3036	0.5607	0.3451	0.4135	0.3588	right
sess_wkabiktqx	NCNU_User_1774321507963	2026-03-24T03:06:47.364Z	B	Victory	0.7488921859	0.7974913197	0.6165351754	0.640432263	TRUE	0.7601	0.6259	0.2098	0.6188	0.5331	0.3701	0.383	0.3831	left
sess_wkabiktqx	NCNU_User_1774321507963	2026-03-24T03:06:50.289Z	B	Victory	0.8590821268	0.7812658472	0.4217012376	0.7296814374	TRUE	0.6202	0.6754	0.2332	0.7233	0.5258	0.3704	0.3783	0.3579	right
sess_wkabiktqx	NCNU_User_1774321507963	2026-03-24T03:06:51.017Z	B	Victory	0.8787547489	0.8537462649	0.3534233217	0.7874890306	TRUE	0.5755	0.4865	0.1457	0.4579	0.4857	0.3622	0.336	0.3672	left
sess_wkabiktqx	NCNU_User_1774321507963	2026-03-24T03:06:51.582Z	B	Gull_Flap	1	0.9235721867	0.1749350705	0.9082016	TRUE	0.6452	0.2474	0.1082	0.3463	0.4657	0.3519	0.3187	0.3681	
sess_wkabiktqx	NCNU_User_1774321507963	2026-03-24T03:06:53.492Z	B	Heart	0.4169212725	1	0.1369555251	0.8062958843	TRUE	0.4246	0.3344	0.4257	0.3996	0.5152	0.3376	0.3842	0.3541	
sess_wkabiktqx	NCNU_User_1774321507963	2026-03-24T03:06:54.238Z	B	Dance_Continuous	0	0.5298115034	0.6121191441	0.3476829009	TRUE	0.398	0.3209	0.4081	0.3547	0.4961	0.3302	0.3702	0.3525	30s_Interval_AutoLog
sess_wkabiktqx	NCNU_User_1774321507963	2026-03-24T03:06:55.060Z	B	Gull_Flap	0.4183712507	0.8309278622	0.2042254547	0.7154850484	TRUE	0.7383	0.2596	0.1461	0.2536	0.5094	0.3536	0.348	0.3639	
sess_wkabiktqx	NCNU_User_1774321507963	2026-03-24T03:06:57.421Z	B	Victory	1	1	0.05298308272	0.981455921	TRUE	0.7168	0.6455	0.1783	0.6707	0.5407	0.3678	0.386	0.367	left
sess_wkabiktqx	NCNU_User_1774321507963	2026-03-24T03:06:58.640Z	B	Gull_Flap	1	1	0.08118532501	0.9715851362	TRUE	0.6514	0.3446	0.1157	0.3633	0.4703	0.3562	0.3174	0.3666	
sess_wkabiktqx	NCNU_User_1774321507963	2026-03-24T03:07:00.183Z	B	Gull_Flap	1	1	0.7713892804	0.7300137519	TRUE	0.7403	0.1701	0.2193	0.139	0.5585	0.3529	0.3973	0.3525	
sess_wkabiktqx	NCNU_User_1774321507963	2026-03-24T03:07:00.426Z	B	Victory	1	0.6517371983	0.7682783078	0.5917974716	TRUE	0.6564	0.5446	0.1932	0.6762	0.5333	0.3672	0.3779	0.3559	right
sess_wkabiktqx	NCNU_User_1774321507963	2026-03-24T03:07:02.145Z	B	Heart	0.157312308	1	0.6079103766	0.5765594452	TRUE	0.4922	0.3882	0.4622	0.3816	0.5336	0.3562	0.3972	0.3428	
sess_wkabiktqx	NCNU_User_1774321507963	2026-03-24T03:07:02.687Z	B	Victory	0.2249183451	1	0.434696181	0.6540859229	TRUE	0.6618	0.3127	0.2869	0.3003	0.5329	0.3631	0.3756	0.3579	right
sess_wkabiktqx	NCNU_User_1774321507963	2026-03-24T03:07:02.954Z	B	Victory	0.5127564583	1	0.1961469485	0.8095376826	TRUE	0.6747	0.262	0.2355	0.2512	0.5117	0.3544	0.3586	0.3589	left
sess_wkabiktqx	NCNU_User_1774321507963	2026-03-24T03:07:06.713Z	B	Gull_Flap	0.5457368879	1	0.08072971229	0.8581788227	TRUE	0.7056	0.3014	0.1437	0.307	0.482	0.3484	0.3297	0.3671	
sess_wkabiktqx	NCNU_User_1774321507963	2026-03-24T03:07:09.514Z	B	Heart	0.02657291073	0.9290171104	0.7499863786	0.4657548393	TRUE	0.4682	0.4575	0.4402	0.4674	0.5281	0.3614	0.3818	0.3719	
sess_wkabiktqx	NCNU_User_1774321507963	2026-03-24T03:07:09.916Z	B	Fireworks_Explosion	0	0.9143780431	0.8019623082	0.4350644094	TRUE	0.4357	0.275	0.4386	0.2711	0.5149	0.3557	0.375	0.3534	left
sess_wkabiktqx	NCNU_User_1774321507963	2026-03-24T03:07:11.185Z	B	Victory	0	1	0.1410503197	0.7006323881	TRUE	0.3688	0.4586	0.4398	0.4351	0.4743	0.3442	0.3341	0.3725	left
sess_wkabiktqx	NCNU_User_1774321507963	2026-03-24T03:07:19.445Z	B	Victory	0.2916366137	1	0.2908292478	0.7211189167	TRUE	0.7541	0.2863	0.5704	0.335	0.5504	0.3489	0.4076	0.3561	left
sess_wkabiktqx	NCNU_User_1774321507963	2026-03-24T03:07:23.524Z	B	Victory	0.3104088133	1	0.03296967934	0.8160628156	TRUE	0.3081	0.6801	0.16	0.7423	0.4464	0.3722	0.3336	0.3806	right
sess_wkabiktqx	NCNU_User_1774321507963	2026-03-24T03:07:24.299Z	B	Dance_Continuous	0.1114304587	1	0.09560644599	0.7443953586	TRUE	0.268	0.2861	0.177	0.262	0.4537	0.3316	0.3381	0.3592	30s_Interval_AutoLog
sess_wkabiktqx	NCNU_User_1774321507963	2026-03-24T03:07:25.838Z	B	Heart	0	1	0.5097537432	0.5715861899	TRUE	0.6646	0.637	0.649	0.6861	0.5793	0.3989	0.4541	0.3472	
sess_wkabiktqx	NCNU_User_1774321507963	2026-03-24T03:07:26.826Z	B	Victory	0.06376232087	1	0.4765841818	0.5991361166	TRUE	0.316	0.2301	0.225	0.31	0.4447	0.326	0.2997	0.3602	right
sess_wkabiktqx	NCNU_User_1774321507963	2026-03-24T03:07:27.467Z	B	Victory	0.07435189718	1	0.09370932048	0.7357897121	TRUE	0.2259	0.7522	0.2741	0.7042	0.4139	0.35	0.3287	0.3662	left
sess_wkabiktqx	NCNU_User_1774321507963	2026-03-24T03:07:29.641Z	B	Victory	0.1665227258	1	0.6723154737	0.5563202657	TRUE	0.6062	0.5358	0.4888	0.3683	0.4872	0.3698	0.3457	0.3537	right
sess_wkabiktqx	NCNU_User_1774321507963	2026-03-24T03:07:32.548Z	B	Victory	0.3024239733	1	0.2695187393	0.7312744346	TRUE	0.6124	0.8581	0.4246	0.8396	0.5944	0.3791	0.4436	0.3552	left
sess_wkabiktqx	NCNU_User_1774321507963	2026-03-24T03:07:33.457Z	B	Heart	0.1024957822	1	0.2978241268	0.6713855012	TRUE	0.2996	0.3183	0.2787	0.3461	0.4874	0.3345	0.3502	0.3421	
sess_wkabiktqx	NCNU_User_1774321507963	2026-03-24T03:07:33.869Z	B	Victory	0	0.8276873489	0.2851855255	0.5812600056	TRUE	0.2531	0.3744	0.1751	0.3543	0.4586	0.3267	0.3336	0.3694	right
sess_wkabiktqx	NCNU_User_1774321507963	2026-03-24T03:07:37.221Z	B	Victory	1	1	0.1299006684	0.9545347661	TRUE	0.3555	0.8212	0.4043	0.5984	0.4106	0.3921	0.484	0.3715	left
sess_s274b7irk	NCNU_User_1774321661437	2026-03-24T03:07:41.713Z	B	Fireworks_Explosion	0.5	0.5	0.5	0.5	FALSE	0.0633	0.7026	0.0766	0.7969	0.0652	0.6536	0.0432	0.6564	right
sess_s274b7irk	NCNU_User_1774321661437	2026-03-24T03:07:48.960Z	B	Heart	0.5	0.5	0.5	0.5	FALSE	0.0848	0.8084	0.0806	0.7859	0.0922	0.8059	0.0953	0.7248	
sess_s274b7irk	NCNU_User_1774321661437	2026-03-24T03:07:53.701Z	B	Baseline_End	0.347802676	0.1916068619	0.8804069015	0.2054509982	TRUE	0.5012	0.9485	0.3031	0.9443	0.4847	0.4165	0.3323	0.4036	baseline calibrated
sess_s274b7irk	NCNU_User_1774321661437	2026-03-24T03:07:54.350Z	B	Dance_Continuous	0.5907212325	1	0.2362817347	0.814981701	TRUE	0.568	0.9436	0.2614	0.915	0.4809	0.418	0.3284	0.4052	30s_Interval_AutoLog
sess_s274b7irk	NCNU_User_1774321661437	2026-03-24T03:07:55.106Z	B	Heart	0.05335779595	1	0.1188676912	0.7217357571	TRUE	0.4271	0.9026	0.385	0.9004	0.4815	0.4096	0.3338	0.3917	
sess_s274b7irk	NCNU_User_1774321661437	2026-03-24T03:07:55.424Z	B	Victory	0.2996522258	0.8555647782	0	0.7671389677	TRUE	0.5593	0.9327	0.2786	0.8603	0.4854	0.4179	0.3351	0.3991	left
sess_s274b7irk	NCNU_User_1774321661437	2026-03-24T03:08:02.280Z	B	Gull_Flap	1	1	0.2141718339	0.9250398581	TRUE	0.7012	0.2665	0.0643	0.2114	0.5065	0.368	0.3395	0.3622	
sess_rw7kcxk8s	NCNU_User_1774321683547	2026-03-24T03:08:03.624Z	B	Gull_Flap	0.5	0.5	0.5	0.5	FALSE	0.7463	0.2646	0.0588	0.2233	0.5099	0.3772	0.3446	0.3712	
sess_rw7kcxk8s	NCNU_User_1774321683547	2026-03-24T03:08:04.457Z	B	Victory	0.5	0.5	0.5	0.5	FALSE	0.5823	0.7756	0.2271	0.8416	0.5021	0.4195	0.3493	0.4003	right
sess_rw7kcxk8s	NCNU_User_1774321683547	2026-03-24T03:08:05.009Z	B	Gull_Flap	0.5	0.5	0.5	0.5	FALSE	0.7705	0.257	0.0502	0.2409	0.5149	0.3776	0.3474	0.3697	
sess_rw7kcxk8s	NCNU_User_1774321683547	2026-03-24T03:08:06.513Z	B	Gull_Flap	0.5	0.5	0.5	0.5	FALSE	0.766	0.2591	0.0604	0.2422	0.5183	0.379	0.3515	0.3762	
sess_rw7kcxk8s	NCNU_User_1774321683547	2026-03-24T03:08:11.306Z	B	Victory	0.5	0.5	0.5	0.5	FALSE	0.5141	0.9285	0.2403	0.1345	0.5006	0.4151	0.3475	0.383	right
sess_rw7kcxk8s	NCNU_User_1774321683547	2026-03-24T03:08:14.109Z	B	Baseline_End	1	0.125099274	0.3402870613	0.5309392382	TRUE	0.4925	0.9247	0.1628	0.0385	0.502	0.4101	0.3523	0.3482	baseline calibrated
sess_rw7kcxk8s	NCNU_User_1774321683547	2026-03-24T03:08:14.616Z	B	Victory	1	0.1569832197	0.5209686587	0.4804542573	TRUE	0.4903	0.9315	0.2215	-0.0535	0.5016	0.4178	0.352	0.3577	right
sess_rw7kcxk8s	NCNU_User_1774321683547	2026-03-24T03:08:16.546Z	B	Victory	0.2252842241	0.6287576182	0.3243289339	0.5443089764	TRUE	0.534	0.2951	0.3301	0.9306	0.4917	0.4009	0.334	0.4063	left
sess_rw7kcxk8s	NCNU_User_1774321683547	2026-03-24T03:08:18.855Z	B	Heart	0	0.6837329746	0.8432695198	0.3283488579	TRUE	0.4281	0.4575	0.4292	0.4634	0.4937	0.3868	0.3591	0.3747	
sess_rw7kcxk8s	NCNU_User_1774321683547	2026-03-24T03:08:19.810Z	B	Gull_Flap	0.1210578445	0.6515216775	0.9925384458	0.2934846761	TRUE	0.6784	0.3578	0.199	0.2857	0.5113	0.4002	0.363	0.3842	
sess_rw7kcxk8s	NCNU_User_1774321683547	2026-03-24T03:08:20.681Z	B	Heart	0	0.4746376486	0.5318341202	0.3537131174	TRUE	0.4112	0.9007	0.4108	0.9011	0.506	0.4144	0.3581	0.3884	
sess_rw7kcxk8s	NCNU_User_1774321683547	2026-03-24T03:08:21.790Z	B	Victory	0.05453103906	0.4396697764	0.8990786786	0.2248231328	TRUE	0.7175	0.6096	0.1084	0.5812	0.4936	0.4113	0.3437	0.3989	left
sess_rw7kcxk8s	NCNU_User_1774321683547	2026-03-24T03:08:24.155Z	B	Victory	0.3906751894	0.9297970107	0	0.8195876016	TRUE	0.6246	0.8634	0.1876	0.8362	0.4941	0.4114	0.3447	0.3983	right
sess_rw7kcxk8s	NCNU_User_1774321683547	2026-03-24T03:08:24.613Z	B	Victory	0.3521154104	0.9524039236	0	0.8189904221	TRUE	0.6806	0.6646	0.1374	0.6227	0.4957	0.4137	0.3476	0.3953	left
sess_rw7kcxk8s	NCNU_User_1774321683547	2026-03-24T03:08:26.561Z	B	Gull_Flap	0.3669273553	0.5952018476	0.007462164182	0.6772008204	TRUE	0.6764	0.4018	0.1533	0.3716	0.4932	0.4144	0.3453	0.3893	
sess_rw7kcxk8s	NCNU_User_1774321683547	2026-03-24T03:08:27.347Z	B	Victory	0.170539707	0.6262551109	0	0.6431369711	TRUE	0.4988	0.9355	0.2894	0.903	0.5005	0.4155	0.3534	0.3981	right
sess_rw7kcxk8s	NCNU_User_1774321683547	2026-03-24T03:08:29.553Z	B	Victory	0.5890829745	0.3502127563	1	0.2873558462	TRUE	0.5055	0.93	0.1744	0.5588	0.5027	0.4136	0.3526	0.3948	left
sess_rw7kcxk8s	NCNU_User_1774321683547	2026-03-24T03:08:32.048Z	B	Victory	0.3854710267	0.4789767224	1	0.2879584456	TRUE	0.6296	0.8992	0.2355	0.9291	0.498	0.4217	0.3435	0.4028	right
sess_rw7kcxk8s	NCNU_User_1774321683547	2026-03-24T03:08:32.615Z	B	Victory	0	0.6510176952	1	0.2604070781	TRUE	0.426	0.5479	0.4422	0.5669	0.494	0.3955	0.3509	0.3889	left
sess_rw7kcxk8s	NCNU_User_1774321683547	2026-03-24T03:08:34.782Z	B	Heart	0	0.1588393757	1	0.06353575029	TRUE	0.4595	0.8177	0.4256	0.8151	0.4922	0.4168	0.349	0.3964	
sess_365ec1efq	NCNU_User_1774321717120	2026-03-24T03:08:38.118Z	B	Heart	0.5	0.5	0.5	0.5	FALSE	0.5084	0.7658	0.4813	0.756	0.5456	0.5002	0.4936	0.5124	
sess_365ec1efq	NCNU_User_1774321717120	2026-03-24T03:08:40.008Z	B	Victory	0.5	0.5	0.5	0.5	FALSE	0.5725	0.761	0.5296	0.7625	0.5448	0.6346	0.488	0.6175	left
sess_365ec1efq	NCNU_User_1774321717120	2026-03-24T03:08:41.344Z	B	Victory	0.5	0.5	0.5	0.5	FALSE	0.5237	0.7786	0.5274	0.7824	0.5457	0.6223	0.4855	0.6176	right
sess_365ec1efq	NCNU_User_1774321717120	2026-03-24T03:08:44.422Z	B	Heart	0.5	0.5	0.5	0.5	FALSE	0.5572	0.7511	0.5172	0.7383	0.5583	0.6339	0.5002	0.6162	
sess_365ec1efq	NCNU_User_1774321717120	2026-03-24T03:08:44.971Z	B	Victory	0.5	0.5	0.5	0.5	FALSE	0.4668	0.7825	0.4629	0.7556	0.4997	0.6276	0.4429	0.6142	left
sess_365ec1efq	NCNU_User_1774321717120	2026-03-24T03:08:45.772Z	B	Victory	0.5	0.5	0.5	0.5	FALSE	0.4224	0.7863	0.428	0.7847	0.4476	0.6347	0.3863	0.6291	right
sess_365ec1efq	NCNU_User_1774321717120	2026-03-24T03:08:48.164Z	B	Baseline_End	0.2190587466	0.312766013	0.6343885711	0.307835092	TRUE	0.4197	0.7815	0.4271	0.7834	0.4394	0.632	0.3885	0.6229	baseline calibrated
sess_365ec1efq	NCNU_User_1774321717120	2026-03-24T03:08:54.384Z	B	Dance_Continuous	1	0.7629463869	0.2822069492	0.8064061225	TRUE	0.8852	0.7815	0.6856	0.7922	0.8568	0.4464	0.7558	0.471	30s_Interval_AutoLog
sess_i3ygy9nml	NCNU_User_1774321756774	2026-03-24T03:09:22.653Z	B	Victory	0.5	0.5	0.5	0.5	FALSE	0.6507	0.7914	0.3755	0.8059	0.5485	0.5019	0.4493	0.4939	left
sess_i3ygy9nml	NCNU_User_1774321756774	2026-03-24T03:09:24.635Z	B	Victory	0.5	0.5	0.5	0.5	FALSE	0.6944	0.7065	0.2752	0.7378	0.5452	0.5011	0.4448	0.4962	right
sess_i3ygy9nml	NCNU_User_1774321756774	2026-03-24T03:09:26.344Z	B	Gull_Flap	0.5	0.5	0.5	0.5	FALSE	0.7275	0.4337	0.2556	0.4425	0.5531	0.4875	0.4405	0.49	
sess_i3ygy9nml	NCNU_User_1774321756774	2026-03-24T03:09:26.878Z	B	Baseline_End	1	0.12139732	0.9534469483	0.3148524961	TRUE	0.7305	0.5126	0.2512	0.4783	0.5471	0.493	0.443	0.4909	baseline calibrated
sess_i3ygy9nml	NCNU_User_1774321756774	2026-03-24T03:09:33.005Z	B	Victory	0.1666339383	0.4604356291	0.5077085345	0.3981347491	TRUE	0.6027	0.8303	0.4864	0.8064	0.5433	0.4989	0.4412	0.5009	left
sess_i3ygy9nml	NCNU_User_1774321756774	2026-03-24T03:09:38.530Z	B	Heart	0.01917717826	0.5657241873	0.373164655	0.4504763402	TRUE	0.521	0.6957	0.4859	0.67	0.5431	0.4954	0.4418	0.4954	
sess_i3ygy9nml	NCNU_User_1774321756774	2026-03-24T03:09:39.342Z	B	Victory	0.0820598956	0.7091889665	0.3433861288	0.5340054154	TRUE	0.5871	0.4944	0.4291	0.5131	0.5408	0.496	0.4393	0.4959	right
sess_i3ygy9nml	NCNU_User_1774321756774	2026-03-24T03:09:39.651Z	B	Victory	0.1933075801	0.4156856926	0.5618706227	0.3679464541	TRUE	0.6211	0.5004	0.4216	0.5351	0.5408	0.4949	0.4413	0.4946	left
sess_i3ygy9nml	NCNU_User_1774321756774	2026-03-24T03:09:41.171Z	B	Heart	0	0.3123832743	0.523508326	0.2917253956	TRUE	0.5371	0.4538	0.5137	0.4323	0.5511	0.4924	0.4502	0.4926	
sess_i3ygy9nml	NCNU_User_1774321756774	2026-03-24T03:09:41.495Z	B	Victory	0	0.694794031	0.4371061245	0.4749304688	TRUE	0.5646	0.4466	0.4672	0.4186	0.5523	0.4942	0.4519	0.4881	right
sess_i3ygy9nml	NCNU_User_1774321756774	2026-03-24T03:09:41.735Z	B	Heart	0	0.6181431002	0.355280139	0.4729091915	TRUE	0.5416	0.4488	0.496	0.4168	0.5529	0.4903	0.4526	0.4868	
sess_i3ygy9nml	NCNU_User_1774321756774	2026-03-24T03:09:42.317Z	B	Victory	0	0.8796795166	0.2957418817	0.5983621481	TRUE	0.5541	0.4509	0.492	0.4478	0.5567	0.4928	0.4553	0.4896	left
sess_i3ygy9nml	NCNU_User_1774321756774	2026-03-24T03:09:42.651Z	B	Heart	0	0.8440858895	0.305233558	0.5808026105	TRUE	0.5425	0.4945	0.511	0.4913	0.5533	0.4961	0.4531	0.4911	
sess_i3ygy9nml	NCNU_User_1774321756774	2026-03-24T03:09:44.125Z	B	Heart	0	0.9035594948	0.2237631815	0.6331066844	TRUE	0.513	0.5048	0.4641	0.5026	0.5539	0.4893	0.4494	0.4918	
sess_i3ygy9nml	NCNU_User_1774321756774	2026-03-24T03:09:45.247Z	B	Heart	0	0.7191550629	0.2761226662	0.541019092	TRUE	0.4949	0.5274	0.4639	0.5328	0.5526	0.4912	0.4517	0.4902	
sess_i3ygy9nml	NCNU_User_1774321756774	2026-03-24T03:09:48.974Z	B	Heart	0	0.1990141319	0.5062683685	0.2524117238	TRUE	0.4908	0.6071	0.473	0.5847	0.5504	0.4936	0.4486	0.4915	
sess_i3ygy9nml	NCNU_User_1774321756774	2026-03-24T03:09:51.971Z	B	Victory	0	0.2142978167	0.6237079405	0.2174213475	TRUE	0.541	0.5201	0.4796	0.5301	0.5428	0.4965	0.4405	0.5022	right
sess_i3ygy9nml	NCNU_User_1774321756774	2026-03-24T03:09:52.644Z	B	Victory	0	0.2111494481	0.5847946119	0.2297816651	TRUE	0.5495	0.5016	0.4763	0.486	0.5402	0.4954	0.4411	0.4995	left
sess_i3ygy9nml	NCNU_User_1774321756774	2026-03-24T03:09:54.009Z	B	Victory	0.07778760453	0.606454293	0.5900163236	0.405522905	TRUE	0.5728	0.5844	0.4783	0.4025	0.5403	0.4944	0.4398	0.5017	right
sess_i3ygy9nml	NCNU_User_1774321756774	2026-03-24T03:09:56.014Z	B	Victory	0.08661006312	0.3841836065	0.5342673498	0.338332386	TRUE	0.5535	0.4953	0.4564	0.4805	0.5458	0.4972	0.4443	0.4956	right
sess_i3ygy9nml	NCNU_User_1774321756774	2026-03-24T03:09:56.681Z	B	Victory	0.06835725454	0.3839921659	0.7068450166	0.2732904242	TRUE	0.5766	0.4678	0.4675	0.4788	0.5478	0.4989	0.4463	0.4936	left
sess_i3ygy9nml	NCNU_User_1774321756774	2026-03-24T03:10:01.107Z	B	Heart	0	0.3385068869	0.3735357625	0.3546652379	TRUE	0.5337	0.6335	0.5216	0.594	0.5521	0.4926	0.4527	0.4967	
sess_i3ygy9nml	NCNU_User_1774321756774	2026-03-24T03:10:02.975Z	B	Fireworks_Explosion	0.05056823405	0.5121520868	0.4230410187	0.4194385367	TRUE	0.5262	0.6629	0.4164	0.67	0.5512	0.4963	0.4464	0.4939	left
sess_i3ygy9nml	NCNU_User_1774321756774	2026-03-24T03:10:03.947Z	B	Victory	0.1737585177	1	0.1442787835	0.7429420552	TRUE	0.4768	0.5954	0.3339	0.7919	0.5497	0.4978	0.4473	0.498	left
sess_i3ygy9nml	NCNU_User_1774321756774	2026-03-24T03:10:05.713Z	B	Victory	0.3496261015	1	0.1363207474	0.7896942638	TRUE	0.6314	0.6523	0.4832	0.5947	0.5498	0.4972	0.4483	0.4946	right
sess_i3ygy9nml	NCNU_User_1774321756774	2026-03-24T03:10:09.924Z	B	Victory	0.9308144475	1	0.194309041	0.9146954475	TRUE	0.7331	0.5746	0.3091	0.773	0.55	0.4983	0.4483	0.4966	right
sess_i3ygy9nml	NCNU_User_1774321756774	2026-03-24T03:10:16.299Z	B	Victory	0.7000029222	1	0.1601370881	0.8689527497	TRUE	0.6603	0.6122	0.3809	0.6391	0.5473	0.4992	0.4467	0.494	left
sess_i3ygy9nml	NCNU_User_1774321756774	2026-03-24T03:10:17.599Z	B	Heart	0.08205283778	0.5287076278	0.5614064115	0.3855040166	TRUE	0.5304	0.5315	0.5017	0.5264	0.5477	0.4943	0.4482	0.4875	
sess_i3ygy9nml	NCNU_User_1774321756774	2026-03-24T03:10:20.890Z	B	Victory	0.09029779765	0.1088197048	0.9759265825	0.07452802745	TRUE	0.5862	0.5679	0.485	0.5598	0.5462	0.4969	0.4456	0.4934	right
sess_i3ygy9nml	NCNU_User_1774321756774	2026-03-24T03:10:23.586Z	B	Victory	0.0813106451	0.1485872177	0.9488710835	0.09765766912	TRUE	0.6321	0.5557	0.5206	0.5323	0.5496	0.4967	0.452	0.493	right
sess_i3ygy9nml	NCNU_User_1774321756774	2026-03-24T03:10:26.747Z	B	Victory	0.0351023706	0.7906159431	0.1414293894	0.6255216836	TRUE	0.5661	0.5976	0.4775	0.57	0.5489	0.498	0.4475	0.4983	right
sess_i3ygy9nml	NCNU_User_1774321756774	2026-03-24T03:10:34.397Z	B	Victory	0.1619178215	0.4092191054	0.5766077598	0.3523543816	TRUE	0.6297	0.5614	0.4801	0.5237	0.5469	0.4932	0.4516	0.4878	right
sess_i3ygy9nml	NCNU_User_1774321756774	2026-03-24T03:10:36.037Z	B	Victory	0.3398287888	0.6404042833	0.3942876344	0.5531182385	TRUE	0.6636	0.6861	0.4232	0.7034	0.5452	0.4925	0.4451	0.4958	left
sess_i3ygy9nml	NCNU_User_1774321756774	2026-03-24T03:10:38.443Z	B	Victory	0.001879748952	0.7977052091	0.2407601065	0.5852859836	TRUE	0.5688	0.5979	0.4331	0.6697	0.5457	0.4953	0.4418	0.4965	right
sess_i3ygy9nml	NCNU_User_1774321756774	2026-03-24T03:10:45.045Z	B	Victory	0.2332443829	0.6331721107	0.3358034604	0.5440487289	TRUE	0.6267	0.565	0.4867	0.5295	0.5481	0.4998	0.4491	0.4947	right
sess_i3ygy9nml	NCNU_User_1774321756774	2026-03-24T03:10:49.205Z	B	Victory	0.08803248371	0.4663819872	0.4410697197	0.4041865139	TRUE	0.6355	0.5182	0.5145	0.5384	0.5482	0.4985	0.4515	0.4886	right
sess_i3ygy9nml	NCNU_User_1774321756774	2026-03-24T03:10:56.950Z	B	Dance_Continuous	0.0899401991	0.3665698291	0.496338288	0.3453945806	TRUE	0.6024	0.473	0.4704	0.4385	0.5451	0.4942	0.4533	0.4752	30s_Interval_AutoLog
sess_i3ygy9nml	NCNU_User_1774321756774	2026-03-24T03:10:59.034Z	B	Fireworks_Explosion	0.09139047791	0.5945383984	0.6820246406	0.3719543546	TRUE	0.6006	0.4547	0.4675	0.4166	0.5477	0.5043	0.4478	0.4914	right
sess_i3ygy9nml	NCNU_User_1774321756774	2026-03-24T03:10:59.777Z	B	Fireworks_Explosion	0.1841866747	0.4571902481	0.5074451249	0.4013169742	TRUE	0.5925	0.4562	0.4723	0.4538	0.5491	0.502	0.4501	0.483	left
sess_i3ygy9nml	NCNU_User_1774321756774	2026-03-24T03:11:00.633Z	B	Fireworks_Explosion	0.2205149481	0.4895648758	0.5116867495	0.4218643251	TRUE	0.6204	0.3975	0.4768	0.3457	0.5482	0.4933	0.4556	0.4755	left
sess_i3ygy9nml	NCNU_User_1774321756774	2026-03-24T03:11:01.770Z	B	Fireworks_Explosion	0.2358796953	0.8972273531	0.3497143851	0.6454608303	TRUE	0.6028	0.4555	0.4578	0.4435	0.5485	0.5027	0.4472	0.49	left
sess_i3ygy9nml	NCNU_User_1774321756774	2026-03-24T03:11:03.070Z	B	Fireworks_Explosion	0.2528149197	1	0.2425799169	0.728300759	TRUE	0.6134	0.3946	0.452	0.3954	0.5477	0.4974	0.4514	0.4798	left
sess_i3ygy9nml	NCNU_User_1774321756774	2026-03-24T03:11:04.270Z	B	Fireworks_Explosion	0.3210246508	1	0.118117438	0.7889150594	TRUE	0.6279	0.3762	0.4479	0.3595	0.5486	0.4944	0.4526	0.4763	left
sess_i3ygy9nml	NCNU_User_1774321756774	2026-03-24T03:11:05.606Z	B	Fireworks_Explosion	0.3228238416	0.9595649161	0.298646971	0.710005487	TRUE	0.6235	0.4633	0.4557	0.4581	0.5475	0.5009	0.4465	0.485	left
sess_i3ygy9nml	NCNU_User_1774321756774	2026-03-24T03:11:07.190Z	B	Fireworks_Explosion	0.2972152227	0.7748003354	0.3667364223	0.605866192	TRUE	0.6173	0.4623	0.4561	0.4631	0.5469	0.5014	0.4461	0.4865	right
sess_i3ygy9nml	NCNU_User_1774321756774	2026-03-24T03:11:09.721Z	B	Victory	0.318817406	0.1103669133	0.9983979361	0.1244118392	TRUE	0.6282	0.5342	0.4348	0.5313	0.5479	0.5015	0.4448	0.4983	right
sess_i3ygy9nml	NCNU_User_1774321756774	2026-03-24T03:11:12.445Z	B	Victory	0.2476716152	0.1947301362	0.9563235919	0.1550967011	TRUE	0.6279	0.54	0.4856	0.5141	0.5479	0.5001	0.4474	0.4921	right
sess_egorond48	NCNU_User_1774321891133	2026-03-24T03:11:33.176Z	B	Victory	0.5	0.5	0.5	0.5	FALSE	0.5035	0.4626	0.335	0.4891	0.4363	0.4989	0.3399	0.4889	left
sess_egorond48	NCNU_User_1774321891133	2026-03-24T03:11:34.461Z	B	Fireworks_Explosion	0.5	0.5	0.5	0.5	FALSE	0.4719	0.6881	0.4179	0.6139	0.4514	0.5031	0.364	0.5018	left
sess_egorond48	NCNU_User_1774321891133	2026-03-24T03:11:40.414Z	B	Fireworks_Explosion	0.5	0.5	0.5	0.5	FALSE	0.3951	0.6057	0.2736	0.5833	0.4405	0.5009	0.3437	0.5019	left
sess_egorond48	NCNU_User_1774321891133	2026-03-24T03:11:43.468Z	B	Baseline_End	0.3297962564	0.6585934811	0.1605060945	0.6397093235	TRUE	0.4797	0.6157	0.3125	0.6139	0.4127	0.508	0.318	0.5089	baseline calibrated
sess_egorond48	NCNU_User_1774321891133	2026-03-24T03:11:50.867Z	B	Victory	1	0.9216689803	0.102324911	0.9328538733	TRUE	0.4985	0.4435	0.3268	0.3913	0.4628	0.4974	0.3751	0.4837	right
sess_egorond48	NCNU_User_1774321891133	2026-03-24T03:11:55.281Z	B	Heart	0.6891128914	0.5905385937	0.07628998733	0.7317921648	TRUE	0.4656	0.4875	0.4252	0.4834	0.4486	0.4976	0.3552	0.4932	
sess_egorond48	NCNU_User_1774321891133	2026-03-24T03:12:02.533Z	B	Victory	1	0.1064312	1	0.29257248	TRUE	0.5972	0.616	0.2546	0.4786	0.4776	0.5006	0.3892	0.4943	left
sess_egorond48	NCNU_User_1774321891133	2026-03-24T03:12:07.378Z	B	Heart	0	0.2934129479	0.8525546376	0.168971056	TRUE	0.4229	0.5056	0.4204	0.5046	0.441	0.4911	0.3506	0.4936	
sess_egorond48	NCNU_User_1774321891133	2026-03-24T03:12:10.201Z	B	Victory	1	0	1	0.25	TRUE	0.4655	0.7545	0.1882	0.2278	0.4082	0.4853	0.3087	0.4729	right
sess_egorond48	NCNU_User_1774321891133	2026-03-24T03:12:11.599Z	B	Fireworks_Explosion	1	0.4095246946	0.6075456314	0.5511689068	TRUE	0.5788	0.7431	0.3199	0.6141	0.4559	0.5063	0.3684	0.5032	left
sess_egorond48	NCNU_User_1774321891133	2026-03-24T03:12:13.065Z	B	Victory	1	0.1872380495	0.6579967742	0.4445963488	TRUE	0.5194	0.5595	0.2614	0.5044	0.4396	0.4928	0.3408	0.4911	right
sess_egorond48	NCNU_User_1774321891133	2026-03-24T03:12:13.472Z	B	Dance_Continuous	1	0.1241856344	0.6205136424	0.4324944789	TRUE	0.4464	0.5756	0.2554	0.565	0.4252	0.489	0.3275	0.4937	30s_Interval_AutoLog
sess_egorond48	NCNU_User_1774321891133	2026-03-24T03:12:17.045Z	B	Victory	0.3803558338	0	1	0.09508895846	TRUE	0.4476	0.3693	0.3308	0.3114	0.4189	0.484	0.3274	0.4741	right
sess_egorond48	NCNU_User_1774321891133	2026-03-24T03:12:22.896Z	B	Victory	0.3386442237	0.5740471448	0.1420307753	0.6145691425	TRUE	0.5126	0.4591	0.3593	0.5012	0.4599	0.4912	0.367	0.4774	left
sess_egorond48	NCNU_User_1774321891133	2026-03-24T03:12:24.304Z	B	Victory	0.7300250519	0.3452891136	0.8547091191	0.3714737167	TRUE	0.4673	0.4985	0.3558	0.4215	0.456	0.4928	0.3598	0.4784	right
sess_egorond48	NCNU_User_1774321891133	2026-03-24T03:12:27.634Z	B	Victory	1	0.2013117233	0.8700145991	0.3760195797	TRUE	0.5125	0.5825	0.3096	0.4904	0.4635	0.4951	0.3653	0.4882	right
sess_egorond48	NCNU_User_1774321891133	2026-03-24T03:12:28.033Z	B	Fireworks_Explosion	0.5656155682	0.3832517108	0.4118545595	0.5005554805	TRUE	0.4214	0.5825	0.3021	0.5568	0.4351	0.4842	0.3357	0.49	left
sess_egorond48	NCNU_User_1774321891133	2026-03-24T03:12:29.429Z	B	Heart	0	0.1750250868	0.4918896545	0.2478486557	TRUE	0.4768	0.6041	0.462	0.5914	0.489	0.4882	0.4012	0.4897	
sess_egorond48	NCNU_User_1774321891133	2026-03-24T03:12:31.708Z	B	Heart	0	0.3492479013	0.4081945041	0.3468310841	TRUE	0.4298	0.5395	0.4058	0.5218	0.4317	0.4983	0.3338	0.4944	
sess_egorond48	NCNU_User_1774321891133	2026-03-24T03:12:35.067Z	B	Victory	1	0.3534787011	0.7680764533	0.4725647218	TRUE	0.5663	0.4192	0.3066	0.3279	0.4497	0.4778	0.3545	0.4875	right
sess_mgyr2vy0d	NCNU_User_1774321958204	2026-03-24T03:12:39.609Z	B	Heart	0.5	0.5	0.5	0.5	FALSE	0.4211	0.7549	0.3882	0.8185	0.4305	0.5881	0.3798	0.611	
sess_mgyr2vy0d	NCNU_User_1774321958204	2026-03-24T03:12:41.296Z	B	Fireworks_Explosion	0.5	0.5	0.5	0.5	FALSE	0.428	0.751	0.4364	0.7674	0.4491	0.6261	0.3919	0.6309	left
sess_mgyr2vy0d	NCNU_User_1774321958204	2026-03-24T03:12:43.083Z	B	Fireworks_Explosion	0.5	0.5	0.5	0.5	FALSE	0.432	0.7643	0.4314	0.5334	0.4498	0.6262	0.3982	0.6131	right
sess_mgyr2vy0d	NCNU_User_1774321958204	2026-03-24T03:12:44.195Z	B	Heart	0.5	0.5	0.5	0.5	FALSE	0.4354	0.7504	0.4329	0.7458	0.45	0.6256	0.3938	0.6276	
sess_mgyr2vy0d	NCNU_User_1774321958204	2026-03-24T03:12:49.584Z	B	Baseline_End	0.4651988543	0.9134201243	0.1615962938	0.7751090605	TRUE	0.319	0.8491	0.2171	0.5818	0.5058	0.3868	0.2637	0.3343	baseline calibrated
sess_mgyr2vy0d	NCNU_User_1774321958204	2026-03-24T03:12:56.833Z	B	Heart	0.3834707764	0.4703815168	0.6272846358	0.4144706783	TRUE	0.2999	1.0176	0.3301	1.0232	0.4284	0.4063	0.1982	0.3913	
sess_mgyr2vy0d	NCNU_User_1774321958204	2026-03-24T03:13:08.247Z	B	Fireworks_Explosion	0.6975244381	0.4752490178	0.7601069683	0.4484432777	TRUE	0.4235	0.2992	0.0394	0.2494	0.4096	0.4096	0.1886	0.4011	right
sess_9ecydic1q	NCNU_User_1774321988844	2026-03-24T03:13:16.001Z	B	Victory	0.5	0.5	0.5	0.5	FALSE	0.667	0.9001	0.079	0.7981	0.5194	0.4229	0.308	0.4044	left
sess_9ecydic1q	NCNU_User_1774321988844	2026-03-24T03:13:18.473Z	B	Victory	0.5	0.5	0.5	0.5	FALSE	0.4088	0.368	0.2893	0.3447	0.417	0.4266	0.2204	0.4261	right
sess_9ecydic1q	NCNU_User_1774321988844	2026-03-24T03:13:19.077Z	B	Heart	0.5	0.5	0.5	0.5	FALSE	0.3388	0.2973	0.349	0.2763	0.4132	0.4335	0.2198	0.4243	
sess_9ecydic1q	NCNU_User_1774321988844	2026-03-24T03:13:19.413Z	B	Baseline_End	0	0	0.7855253642	0.07506612255	TRUE	0.4328	0.2784	0.2654	0.2986	0.4219	0.4314	0.2231	0.4318	baseline calibrated
sess_9ecydic1q	NCNU_User_1774321988844	2026-03-24T03:13:19.614Z	B	Dance_Continuous	0	0.07128994471	0.6400612857	0.1544945279	TRUE	0.3398	0.3723	0.3446	0.3624	0.418	0.43	0.2247	0.4246	30s_Interval_AutoLog
sess_9ecydic1q	NCNU_User_1774321988844	2026-03-24T03:13:20.614Z	B	Victory	0	0.4261892219	0	0.5204756888	TRUE	0.4732	0.2873	0.2034	0.2684	0.4116	0.4143	0.2095	0.4067	right
sess_9ecydic1q	NCNU_User_1774321988844	2026-03-24T03:13:24.022Z	B	Victory	0	0.9232708569	0.3025638735	0.613410987	TRUE	0.6403	0.2651	0.3628	0.2274	0.5518	0.4281	0.3678	0.4021	right
sess_9ecydic1q	NCNU_User_1774321988844	2026-03-24T03:13:28.345Z	B	Victory	0.6495710429	0.4038042672	0.6333257893	0.4522504413	TRUE	0.683	0.4157	0.2869	0.3047	0.5573	0.4342	0.3807	0.4194	left
sess_9ecydic1q	NCNU_User_1774321988844	2026-03-24T03:13:29.074Z	B	Victory	0.1914389391	0.4049621717	0.2652619271	0.467002929	TRUE	0.6133	0.4367	0.4115	0.3005	0.5481	0.4369	0.3794	0.4116	right
sess_9ecydic1q	NCNU_User_1774321988844	2026-03-24T03:13:31.880Z	B	Victory	0	0	0.7751876603	0.07868431889	TRUE	0.5591	0.3648	0.2608	0.4171	0.4721	0.4344	0.2812	0.4297	left
sess_9ecydic1q	NCNU_User_1774321988844	2026-03-24T03:13:33.544Z	B	Heart	0	0.3788326975	0.285835373	0.4014906985	TRUE	0.3939	0.526	0.4232	0.5333	0.4754	0.4377	0.2979	0.4272	
sess_9ecydic1q	NCNU_User_1774321988844	2026-03-24T03:13:33.807Z	B	Fireworks_Explosion	0	1	0.1088187129	0.7119134505	TRUE	0.5562	0.3216	0.2546	0.3577	0.4929	0.4434	0.3109	0.4279	right
sess_9ecydic1q	NCNU_User_1774321988844	2026-03-24T03:13:38.208Z	B	Fireworks_Explosion	0.7842441468	1	0.22295087	0.8680282322	TRUE	0.6956	0.7694	0.189	0.7846	0.5781	0.4424	0.4024	0.4195	right
sess_9ecydic1q	NCNU_User_1774321988844	2026-03-24T03:13:40.006Z	B	Victory	0.1081344662	0.1709426645	1	0.09541068235	TRUE	0.3794	0.2974	0.0951	0.3199	0.4612	0.4144	0.2808	0.4249	right
sess_9ecydic1q	NCNU_User_1774321988844	2026-03-24T03:13:43.639Z	B	Victory	0	1	0.504644986	0.5733742549	TRUE	0.5923	0.6089	0.5339	0.5822	0.5661	0.4274	0.3882	0.3977	right
sess_9ecydic1q	NCNU_User_1774321988844	2026-03-24T03:13:44.104Z	B	Heart	0	1	0.5452468043	0.5591636185	TRUE	0.4328	0.447	0.4241	0.4837	0.5165	0.4394	0.3223	0.434	
sess_9ecydic1q	NCNU_User_1774321988844	2026-03-24T03:13:45.506Z	B	Victory	0	0.669430606	0.7530521255	0.3542039985	TRUE	0.3646	0.3285	0.3661	0.3449	0.4515	0.4427	0.268	0.4495	left
sess_9ecydic1q	NCNU_User_1774321988844	2026-03-24T03:13:49.347Z	B	Heart	0	0.7973031965	0.07749593461	0.6417977015	TRUE	0.3639	0.5659	0.3754	0.6029	0.4512	0.4225	0.2629	0.4328	
sess_9ecydic1q	NCNU_User_1774321988844	2026-03-24T03:13:49.675Z	B	Dance_Continuous	0	0.8318344303	0	0.6827337721	TRUE	0.3118	0.5889	0.1327	0.5467	0.4619	0.4208	0.2744	0.4407	30s_Interval_AutoLog
sess_9ecydic1q	NCNU_User_1774321988844	2026-03-24T03:13:50.123Z	B	Victory	0	0.8533125041	0.4156191065	0.5458583144	TRUE	0.489	0.2988	0.3224	0.3382	0.5007	0.4165	0.3097	0.4166	right
sess_9ecydic1q	NCNU_User_1774321988844	2026-03-24T03:13:51.229Z	B	Victory	0.1488344906	0.08514763001	1	0.07126767464	TRUE	0.5173	0.334	0.21	0.3375	0.5321	0.4399	0.3493	0.4194	left
sess_9ecydic1q	NCNU_User_1774321988844	2026-03-24T03:13:55.334Z	B	Victory	0.5970955856	0.4650504191	0.7300213368	0.4297865962	TRUE	0.4322	0.0996	-0.0036	0.022	0.4572	0.4212	0.2704	0.4149	right
sess_9ecydic1q	NCNU_User_1774321988844	2026-03-24T03:13:58.133Z	B	Victory	0.1137808697	0.1287510171	0.8661954532	0.1267772157	TRUE	0.6021	0.3667	0.3276	0.3064	0.5189	0.4194	0.3396	0.395	left
sess_9ecydic1q	NCNU_User_1774321988844	2026-03-24T03:14:00.452Z	B	Victory	0	0.9729886592	0.5492281815	0.5469656002	TRUE	0.5899	0.3304	0.3846	0.3211	0.5346	0.4385	0.3641	0.401	right
sess_9ecydic1q	NCNU_User_1774321988844	2026-03-24T03:14:01.084Z	B	Victory	0.008398543674	0.335719461	0.8712681517	0.1814435672	TRUE	0.5113	0.4023	0.3595	0.5388	0.5168	0.4312	0.3411	0.4011	left
sess_9ecydic1q	NCNU_User_1774321988844	2026-03-24T03:14:03.985Z	B	Victory	1	1	0.67974282	0.762090013	TRUE	0.7373	0.4464	0.0155	0.3974	0.5041	0.4276	0.3183	0.4155	right
sess_9ecydic1q	NCNU_User_1774321988844	2026-03-24T03:14:06.645Z	B	Victory	0	0.04407882637	0.8477764594	0.07090976974	TRUE	0.7588	0.5592	0.4855	0.6014	0.5473	0.4399	0.3775	0.4062	left
sess_9ecydic1q	NCNU_User_1774321988844	2026-03-24T03:14:08.312Z	B	Victory	0.2372869142	0.6146145678	0.6022545239	0.4443784723	TRUE	0.6917	0.3047	0.3851	0.2783	0.4564	0.4294	0.2818	0.4238	right
sess_9ecydic1q	NCNU_User_1774321988844	2026-03-24T03:14:10.353Z	B	Victory	0	0.9064544515	0.6730800805	0.4770037524	TRUE	0.3556	0.5163	0.3541	0.5194	0.4559	0.4191	0.2677	0.4382	left
sess_9ecydic1q	NCNU_User_1774321988844	2026-03-24T03:14:11.342Z	B	Victory	0	0.5941112814	1	0.2376445126	TRUE	0.4254	0.4347	0.4332	0.4267	0.4995	0.4191	0.3187	0.4098	right
sess_9ecydic1q	NCNU_User_1774321988844	2026-03-24T03:14:13.405Z	B	Victory	0	0.9053477516	0.345849371	0.5910918208	TRUE	0.593	0.2728	0.352	0.2895	0.5292	0.4348	0.3529	0.3946	left
sess_9ecydic1q	NCNU_User_1774321988844	2026-03-24T03:14:13.730Z	B	Victory	0	0.6292106457	0.6107925601	0.3879068622	TRUE	0.4575	0.3821	0.4634	0.3739	0.5164	0.4292	0.3486	0.4007	right
sess_9ecydic1q	NCNU_User_1774321988844	2026-03-24T03:14:14.992Z	B	Heart	0	0.9079544091	0.4196478183	0.5663050272	TRUE	0.4587	0.554	0.4345	0.5593	0.5133	0.4257	0.3351	0.4068	
sess_9ecydic1q	NCNU_User_1774321988844	2026-03-24T03:14:15.818Z	B	Heart	0	0.5306012009	0.5384796076	0.3737726177	TRUE	0.4618	0.8633	0.4924	0.8691	0.5134	0.4275	0.3415	0.4089	
sess_9ecydic1q	NCNU_User_1774321988844	2026-03-24T03:14:16.732Z	B	Gull_Flap	0.5302475089	0.5072215469	0.471849932	0.5203030198	TRUE	0.8053	0.0246	0.0829	-0.01	0.5131	0.382	0.3201	0.3699	
sess_9ecydic1q	NCNU_User_1774321988844	2026-03-24T03:14:18.688Z	B	Heart	0.1072524513	1	0.405096527	0.6350293284	TRUE	0.4004	0.7709	0.4481	0.7598	0.5234	0.4259	0.3403	0.4116	
sess_9ecydic1q	NCNU_User_1774321988844	2026-03-24T03:14:19.341Z	B	Heart	0	0.2769741593	0.5431235706	0.270696414	TRUE	0.4221	0.7027	0.3873	0.7148	0.5245	0.4141	0.3468	0.4074	
sess_9ecydic1q	NCNU_User_1774321988844	2026-03-24T03:14:19.743Z	B	Dance_Continuous	0	0.714174985	0.2395836473	0.5518157175	TRUE	0.5152	0.8861	0.446	0.5226	0.549	0.436	0.3662	0.4143	30s_Interval_AutoLog
sess_9ecydic1q	NCNU_User_1774321988844	2026-03-24T03:14:20.408Z	B	Heart	0	0.5604825357	0.1600767895	0.5181661379	TRUE	0.4753	0.7196	0.4835	0.6273	0.5561	0.4292	0.376	0.4062	
sess_9ecydic1q	NCNU_User_1774321988844	2026-03-24T03:14:20.674Z	B	Victory	0	0.5325110915	0	0.5630044366	TRUE	0.5479	0.5638	0.42	0.5432	0.5471	0.4291	0.3678	0.4077	left
sess_9ecydic1q	NCNU_User_1774321988844	2026-03-24T03:14:21.206Z	B	Fireworks_Explosion	0	0.3157111895	0.2501598421	0.388728531	TRUE	0.5681	0.4649	0.303	0.4679	0.504	0.4333	0.315	0.4119	left
sess_9ecydic1q	NCNU_User_1774321988844	2026-03-24T03:14:21.807Z	B	Victory	0	0.2774264396	0.3252260825	0.347141447	TRUE	0.5148	0.3975	0.269	0.4283	0.4626	0.4343	0.2764	0.4226	right
sess_9ecydic1q	NCNU_User_1774321988844	2026-03-24T03:14:22.140Z	B	Heart	0	0.1872653902	0.04698012191	0.4084631134	TRUE	0.3869	0.4759	0.3486	0.5013	0.4498	0.4304	0.2664	0.4279	
sess_9ecydic1q	NCNU_User_1774321988844	2026-03-24T03:14:22.944Z	B	Victory	0	0.04783070829	0.3592205009	0.243405108	TRUE	0.4646	0.3972	0.2555	0.4145	0.4509	0.4416	0.26	0.4394	left
sess_9ecydic1q	NCNU_User_1774321988844	2026-03-24T03:14:23.303Z	B	Heart	0	0.2547757279	0.2809429576	0.353580256	TRUE	0.3829	0.5302	0.3441	0.535	0.445	0.4375	0.2611	0.4375	
sess_9ecydic1q	NCNU_User_1774321988844	2026-03-24T03:14:23.506Z	B	Fireworks_Explosion	0	0.4359576868	0.1050248026	0.4876243938	TRUE	0.4648	0.3701	0.2833	0.4184	0.4489	0.4406	0.2637	0.4341	left
sess_9ecydic1q	NCNU_User_1774321988844	2026-03-24T03:14:24.862Z	B	Victory	0	0.5444121255	0.04899316997	0.5506172407	TRUE	0.4819	0.3487	0.2569	0.3901	0.4522	0.4256	0.2627	0.422	right
sess_9ecydic1q	NCNU_User_1774321988844	2026-03-24T03:14:25.130Z	B	Heart	0	0.5809575283	0	0.5823830113	TRUE	0.4023	0.5075	0.3607	0.5498	0.4627	0.4067	0.2733	0.4194	
sess_9ecydic1q	NCNU_User_1774321988844	2026-03-24T03:14:25.541Z	B	Victory	0	0.4054559519	0	0.5121823807	TRUE	0.4689	0.4249	0.3904	0.4526	0.4921	0.4207	0.3026	0.4146	left
sess_9ecydic1q	NCNU_User_1774321988844	2026-03-24T03:14:27.337Z	B	Victory	0.5956837519	0.2362988492	0.8091640975	0.3102330435	TRUE	0.791	0.3692	0.0758	0.2411	0.5619	0.4407	0.3716	0.4116	right
sess_9ecydic1q	NCNU_User_1774321988844	2026-03-24T03:14:29.657Z	B	Victory	1	1	0.5592933442	0.8042473295	TRUE	0.8805	0.3783	0.039	0.1612	0.5739	0.4407	0.3787	0.3884	left
sess_9ecydic1q	NCNU_User_1774321988844	2026-03-24T03:14:31.338Z	B	Victory	1	1	0.2954496687	0.896592616	TRUE	0.8001	0.5059	0.0647	0.247	0.5709	0.4425	0.3861	0.4035	right
sess_9ecydic1q	NCNU_User_1774321988844	2026-03-24T03:14:32.737Z	B	Gull_Flap	1	1	0.2934975203	0.8972758679	TRUE	0.7965	0.4318	-0.0105	0.3238	0.5243	0.4372	0.3223	0.408	
sess_9ecydic1q	NCNU_User_1774321988844	2026-03-24T03:14:33.471Z	B	Victory	0.7549358148	0.8541645321	0.7600058929	0.614397704	TRUE	0.3943	0.2446	0.2659	0.8263	0.4625	0.4286	0.272	0.4206	left
sess_9ecydic1q	NCNU_User_1774321988844	2026-03-24T03:14:37.140Z	B	Fireworks_Explosion	0	0.8792940179	0.1125910547	0.662310738	TRUE	0.4384	0.7399	0.3174	0.7965	0.5815	0.4582	0.4312	0.4532	right
sess_9ecydic1q	NCNU_User_1774321988844	2026-03-24T03:14:39.537Z	B	Fireworks_Explosion	0	1	0.1079884291	0.7122040498	TRUE	0.7461	0.7071	0.61	0.7505	0.5976	0.4569	0.4561	0.4386	right
sess_9ecydic1q	NCNU_User_1774321988844	2026-03-24T03:14:40.077Z	B	Victory	0	1	0.2309858929	0.6691549375	TRUE	0.7632	0.6837	0.6243	0.7436	0.6059	0.4555	0.4639	0.4377	left
sess_9ecydic1q	NCNU_User_1774321988844	2026-03-24T03:14:44.891Z	B	Victory	0	0.7519123239	0.2558978684	0.5612006756	TRUE	0.4648	0.4401	0.3904	0.4602	0.5098	0.4449	0.364	0.4512	left
sess_9ecydic1q	NCNU_User_1774321988844	2026-03-24T03:14:45.221Z	B	Fireworks_Explosion	0	1	0.09607785418	0.716372751	TRUE	0.4576	0.4821	0.3249	0.4457	0.5141	0.4538	0.3654	0.466	right
sess_9ecydic1q	NCNU_User_1774321988844	2026-03-24T03:14:46.767Z	B	Heart	0	0.3962806679	0.2049927544	0.4367648031	TRUE	0.446	0.5349	0.4227	0.5145	0.5176	0.4478	0.3693	0.4549	
sess_9ecydic1q	NCNU_User_1774321988844	2026-03-24T03:14:47.355Z	B	Heart	0	0.4481931492	0	0.5292772597	TRUE	0.454	0.5376	0.4323	0.536	0.5181	0.4481	0.3698	0.459	
sess_9ecydic1q	NCNU_User_1774321988844	2026-03-24T03:14:47.891Z	B	Heart	0	0.5786563904	0	0.5814625562	TRUE	0.4528	0.586	0.4416	0.5782	0.5217	0.444	0.372	0.4593	
sess_9ecydic1q	NCNU_User_1774321988844	2026-03-24T03:14:49.095Z	B	Fireworks_Explosion	0	0.903894353	0	0.7115577412	TRUE	0.4568	0.6929	0.411	0.6385	0.5302	0.4454	0.3853	0.4619	left
sess_9ecydic1q	NCNU_User_1774321988844	2026-03-24T03:14:49.755Z	B	Dance_Continuous	0	0.7552783523	0.2641057446	0.5596743303	TRUE	0.5319	0.4025	0.5256	0.3966	0.5827	0.4327	0.432	0.4462	30s_Interval_AutoLog
sess_9ecydic1q	NCNU_User_1774321988844	2026-03-24T03:14:51.091Z	B	Victory	1	0.6748388506	0.1958111162	0.8014016496	TRUE	0.8032	0.8732	0.2356	0.7306	0.6136	0.4646	0.4645	0.4458	right
sess_9ecydic1q	NCNU_User_1774321988844	2026-03-24T03:14:52.490Z	B	Heart	0.1422314526	0.4422195193	0.2264995086	0.4831708428	TRUE	0.5231	0.6129	0.5202	0.6041	0.5976	0.4536	0.4468	0.4444	
sess_9ecydic1q	NCNU_User_1774321988844	2026-03-24T03:14:54.498Z	B	Victory	0	0.7408532175	0.8574070431	0.3462488219	TRUE	0.5392	0.3284	0.3281	0.3296	0.5195	0.4453	0.3645	0.4524	right
sess_9ecydic1q	NCNU_User_1774321988844	2026-03-24T03:14:56.564Z	B	Victory	0.5334803129	0.9304202403	0.5727843254	0.6550636605	TRUE	0.5561	0.5993	0.2043	0.639	0.518	0.4451	0.3618	0.4771	right
sess_9ecydic1q	NCNU_User_1774321988844	2026-03-24T03:14:57.758Z	B	Heart	0	1	0.06096042653	0.7286638507	TRUE	0.6288	0.6269	0.6233	0.5627	0.5964	0.4567	0.4541	0.4363	
sess_9ecydic1q	NCNU_User_1774321988844	2026-03-24T03:14:59.555Z	B	Heart	0	0.2595616902	0.6064121767	0.2415804142	TRUE	0.5118	0.8168	0.5157	0.796	0.5665	0.4517	0.4119	0.4418	
sess_9ecydic1q	NCNU_User_1774321988844	2026-03-24T03:15:00.565Z	B	Heart	0	1	0	0.75	TRUE	0.3334	0.2719	0.3195	0.285	0.4906	0.397	0.3518	0.4217	
sess_9ecydic1q	NCNU_User_1774321988844	2026-03-24T03:15:00.827Z	B	Fireworks_Explosion	0	1	0	0.75	TRUE	0.2165	0.4149	0.3338	0.4664	0.482	0.4082	0.3461	0.4262	left
sess_9ecydic1q	NCNU_User_1774321988844	2026-03-24T03:15:01.690Z	B	Heart	0	0.7316511349	0.1687563446	0.5835957334	TRUE	0.2724	0.3577	0.2811	0.4389	0.4867	0.4188	0.3495	0.4349	
sess_9ecydic1q	NCNU_User_1774321988844	2026-03-24T03:15:03.428Z	B	Fireworks_Explosion	0	0	1	0	TRUE	0.5569	0.6689	0.5741	0.6857	0.5852	0.4573	0.4301	0.4499	right
sess_9ecydic1q	NCNU_User_1774321988844	2026-03-24T03:15:04.023Z	B	Heart	0	0.5573183951	0.6495956151	0.3455688928	TRUE	0.5182	0.4568	0.5237	0.4635	0.5884	0.4507	0.4347	0.4407	
sess_9ecydic1q	NCNU_User_1774321988844	2026-03-24T03:15:05.889Z	B	Fireworks_Explosion	0	0	1	0	TRUE	0.5524	0.3014	0.5456	0.3202	0.5837	0.4421	0.439	0.4338	left
sess_9ecydic1q	NCNU_User_1774321988844	2026-03-24T03:15:06.413Z	B	Heart	0	0.86196066	0.9840051282	0.3503824691	TRUE	0.568	0.3093	0.5354	0.3101	0.5871	0.435	0.4435	0.4196	
sess_9ecydic1q	NCNU_User_1774321988844	2026-03-24T03:15:06.821Z	B	Gull_Flap	0.4679525705	0.9839163556	0.2621486228	0.7688026668	TRUE	0.848	0.4556	0.2499	0.3476	0.5819	0.4606	0.4375	0.4426	
sess_9ecydic1q	NCNU_User_1774321988844	2026-03-24T03:15:09.088Z	B	Heart	0.1818013666	0.4690645555	0.3683045641	0.4541695664	TRUE	0.4692	0.5356	0.4727	0.5522	0.55	0.458	0.3963	0.467	
sess_9ecydic1q	NCNU_User_1774321988844	2026-03-24T03:15:09.500Z	B	Heart	0	0.4085861426	0.05833696299	0.49301652	TRUE	0.4646	0.4573	0.4829	0.4638	0.5391	0.4559	0.3886	0.4601	
sess_9ecydic1q	NCNU_User_1774321988844	2026-03-24T03:15:10.361Z	B	Heart	0	0.4631711437	0.09671343775	0.5014187543	TRUE	0.4507	0.4153	0.4582	0.4069	0.5259	0.4525	0.3758	0.4493	
sess_9ecydic1q	NCNU_User_1774321988844	2026-03-24T03:15:10.694Z	B	Fireworks_Explosion	0	0.5693470373	0	0.5777388149	TRUE	0.4449	0.5824	0.4468	0.6002	0.5319	0.447	0.3807	0.4633	right
sess_9ecydic1q	NCNU_User_1774321988844	2026-03-24T03:15:14.825Z	B	Gull_Flap	1	1	0	1	TRUE	0.8144	0.3996	0.1802	0.3306	0.5664	0.4574	0.4067	0.4503	
sess_9ecydic1q	NCNU_User_1774321988844	2026-03-24T03:15:16.025Z	B	Gull_Flap	1	0.9763636684	0.2915662756	0.8884972709	TRUE	0.7638	0.3626	0.2091	0.3372	0.5693	0.4604	0.4141	0.4488	
sess_9ecydic1q	NCNU_User_1774321988844	2026-03-24T03:15:16.690Z	B	Victory	1	1	0.06803423505	0.9761880177	TRUE	0.826	0.508	0.1641	0.5327	0.5778	0.4687	0.4251	0.4543	right
sess_9ecydic1q	NCNU_User_1774321988844	2026-03-24T03:15:17.895Z	B	Victory	1	0.7272060291	0.349267791	0.7686386848	TRUE	0.7512	0.9274	0.2156	0.8775	0.5799	0.4673	0.4241	0.4606	left
sess_9ecydic1q	NCNU_User_1774321988844	2026-03-24T03:15:18.596Z	B	Heart	0.1229933114	0.6821070027	0.5207428714	0.4713311239	TRUE	0.6011	0.334	0.6009	0.3653	0.5846	0.4526	0.4413	0.4156	
sess_9ecydic1q	NCNU_User_1774321988844	2026-03-24T03:15:19.812Z	B	Dance_Continuous	0	0.5016711972	0.5561892947	0.3560022257	TRUE	0.5065	0.5968	0.591	0.567	0.5571	0.4481	0.4222	0.4254	30s_Interval_AutoLog
sess_9ecydic1q	NCNU_User_1774321988844	2026-03-24T03:15:20.091Z	B	Heart	0	0.5473473343	0.7613704872	0.3024592632	TRUE	0.4023	0.2784	0.3938	0.2828	0.542	0.4364	0.3952	0.4216	
sess_9ecydic1q	NCNU_User_1774321988844	2026-03-24T03:15:21.799Z	B	Victory	0	0.3798809802	0.6158664363	0.2863991394	TRUE	0.517	0.1557	0.4662	0.1809	0.5372	0.4311	0.3946	0.413	left
sess_9ecydic1q	NCNU_User_1774321988844	2026-03-24T03:15:22.203Z	B	Gull_Flap	0.3736151135	1	0.2960115226	0.7397997455	TRUE	0.8005	0.2891	0.1735	0.2706	0.5588	0.4554	0.4122	0.4406	
sess_9ecydic1q	NCNU_User_1774321988844	2026-03-24T03:15:23.703Z	B	Heart	0	0.4797828907	0.3184910539	0.4304412874	TRUE	0.4848	0.4343	0.4886	0.4439	0.5554	0.4538	0.4061	0.4434	
sess_9ecydic1q	NCNU_User_1774321988844	2026-03-24T03:15:28.508Z	B	Victory	0	0.3776930248	0.3868297561	0.3656867953	TRUE	0.5403	0.2217	0.4907	0.2202	0.5586	0.4413	0.4167	0.4265	right
sess_9ecydic1q	NCNU_User_1774321988844	2026-03-24T03:15:29.104Z	B	Gull_Flap	0.5982395275	0.1252174239	0.6688667154	0.315543501	TRUE	0.8146	0.1171	0.1739	0.096	0.5687	0.4475	0.4075	0.4327	
sess_9ecydic1q	NCNU_User_1774321988844	2026-03-24T03:15:31.503Z	B	Victory	0.9830564984	0.9157484658	0.155727194	0.907558993	TRUE	0.5552	0.4783	0.1633	0.5589	0.5055	0.4534	0.3495	0.4661	left
sess_9ecydic1q	NCNU_User_1774321988844	2026-03-24T03:15:35.709Z	B	Heart	1	0.4739871721	1	0.4395948688	TRUE	0.5784	0.9663	0.5783	0.9653	0.5388	0.4722	0.5514	0.465	
sess_9ecydic1q	NCNU_User_1774321988844	2026-03-24T03:15:41.726Z	B	Heart	0	0	1	0	TRUE	0.5918	0.6979	0.5923	0.6913	0.6023	0.6253	0.5491	0.6327	
sess_9ecydic1q	NCNU_User_1774321988844	2026-03-24T03:15:47.356Z	B	Heart	0	0	1	0	TRUE	0.7369	0.7764	0.689	0.7932	0.7661	0.6267	0.7029	0.628	
sess_9ecydic1q	NCNU_User_1774321988844	2026-03-24T03:15:49.877Z	B	Dance_Continuous	0	0	1	0	TRUE	0.7252	0.8179	0.6892	0.7899	0.7629	0.6268	0.7056	0.6216	30s_Interval_AutoLog
sess_9ecydic1q	NCNU_User_1774321988844	2026-03-24T03:15:56.604Z	B	Heart	0.008575818344	0	1	0.002143954586	TRUE	0.195	0.7041	0.1856	0.7392	0.2037	0.6	0.1424	0.6086	
sess_9ecydic1q	NCNU_User_1774321988844	2026-03-24T03:16:03.617Z	B	Victory	0.0756347974	0.6052248583	0.1202787098	0.5689010942	TRUE	0.4983	0.6062	0.4493	0.7014	0.5278	0.3331	0.3908	0.3176	right
sess_9ecydic1q	NCNU_User_1774321988844	2026-03-24T03:16:03.939Z	B	Heart	0	1	0	0.75	TRUE	0.4807	0.7016	0.4434	0.7079	0.5313	0.3316	0.3922	0.3087	
sess_9ecydic1q	NCNU_User_1774321988844	2026-03-24T03:16:05.240Z	B	Gull_Flap	1	0.6309604098	0	0.8523841639	TRUE	0.6828	0.2118	0.1749	0.2137	0.5185	0.2893	0.3876	0.2742	
sess_9ecydic1q	NCNU_User_1774321988844	2026-03-24T03:16:05.602Z	B	Victory	1	0.6825727035	0.2164606031	0.7972678703	TRUE	0.7263	0.1698	0.1565	0.1652	0.5134	0.2873	0.3779	0.2762	left
sess_9ecydic1q	NCNU_User_1774321988844	2026-03-24T03:16:06.315Z	B	Gull_Flap	1	0.5600446825	0.1306025372	0.778306985	TRUE	0.6541	0.1284	0.1539	0.0997	0.4945	0.2789	0.3681	0.273	
sess_d2ky744ai	NCNU_User_1774322167523	2026-03-24T03:16:08.234Z	B	Victory	0.5	0.5	0.5	0.5	FALSE	0.5425	0.2023	0.3036	0.1547	0.483	0.3029	0.3594	0.3027	right
sess_d2ky744ai	NCNU_User_1774322167523	2026-03-24T03:16:09.455Z	B	Victory	0.5	0.5	0.5	0.5	FALSE	0.491	0.4476	0.324	0.3164	0.4882	0.3064	0.3598	0.3034	left
sess_d2ky744ai	NCNU_User_1774322167523	2026-03-24T03:16:11.145Z	B	Victory	0.5	0.5	0.5	0.5	FALSE	0.5753	0.0356	0.3212	0.0275	0.4934	0.2776	0.3651	0.2734	right
sess_d2ky744ai	NCNU_User_1774322167523	2026-03-24T03:16:11.620Z	B	Victory	0.5	0.5	0.5	0.5	FALSE	0.5822	-0.0153	0.3324	0.0099	0.4906	0.2797	0.3684	0.2796	left
sess_d2ky744ai	NCNU_User_1774322167523	2026-03-24T03:16:12.476Z	B	Gull_Flap	0.5	0.5	0.5	0.5	FALSE	0.6696	0.0515	0.2245	0.0209	0.4935	0.2765	0.3697	0.2817	
sess_d2ky744ai	NCNU_User_1774322167523	2026-03-24T03:16:13.266Z	B	Victory	0.5	0.5	0.5	0.5	FALSE	0.6458	0.0396	0.2113	0.0173	0.4958	0.2844	0.3672	0.279	right
sess_d2ky744ai	NCNU_User_1774322167523	2026-03-24T03:16:13.660Z	B	Gull_Flap	0.5	0.5	0.5	0.5	FALSE	0.7017	0.2399	0.1961	0.2437	0.492	0.2901	0.3664	0.2845	
sess_d2ky744ai	NCNU_User_1774322167523	2026-03-24T03:16:14.746Z	B	Gull_Flap	0.5	0.5	0.5	0.5	FALSE	0.6494	0.2963	0.1653	0.2915	0.4884	0.3065	0.3583	0.3058	
sess_d2ky744ai	NCNU_User_1774322167523	2026-03-24T03:16:15.782Z	B	Gull_Flap	0.5	0.5	0.5	0.5	FALSE	0.6377	0.2863	0.2092	0.2868	0.4891	0.2987	0.3638	0.29	
sess_d2ky744ai	NCNU_User_1774322167523	2026-03-24T03:16:16.050Z	B	Victory	0.5	0.5	0.5	0.5	FALSE	0.6411	0.6608	0.1819	0.6649	0.492	0.3317	0.3535	0.3299	right
sess_d2ky744ai	NCNU_User_1774322167523	2026-03-24T03:16:18.109Z	B	Baseline_End	0.5320672251	0.8282946937	0.4203064402	0.6672274297	TRUE	0.5919	0.7202	0.2251	0.7352	0.4912	0.3418	0.352	0.3339	baseline calibrated
sess_d2ky744ai	NCNU_User_1774322167523	2026-03-24T03:16:19.927Z	B	Dance_Continuous	0.9692079043	0.4919705462	1	0.4390901945	TRUE	0.5777	0.6742	0.2287	0.0015	0.4888	0.3281	0.3601	0.2888	30s_Interval_AutoLog
sess_d2ky744ai	NCNU_User_1774322167523	2026-03-24T03:16:23.471Z	B	Victory	1	0.5357047256	0.994544764	0.4661912229	TRUE	0.5576	-0.0848	0.3058	0.7498	0.4783	0.2752	0.3598	0.3312	right
sess_d2ky744ai	NCNU_User_1774322167523	2026-03-24T03:16:24.518Z	B	Gull_Flap	0.8697708904	0.7496950532	0.7928781009	0.5898134086	TRUE	0.6514	0.3072	0.1873	0.297	0.4912	0.3265	0.3543	0.3249	
sess_d2ky744ai	NCNU_User_1774322167523	2026-03-24T03:16:25.585Z	B	Gull_Flap	1	0.643341636	0.1621366742	0.8005888184	TRUE	0.6682	0.2695	0.1757	0.2826	0.4983	0.3072	0.3625	0.307	
sess_d2ky744ai	NCNU_User_1774322167523	2026-03-24T03:16:26.390Z	B	Victory	0.9659374908	1	0	0.9914843727	TRUE	0.6772	0.4218	0.1372	0.433	0.4985	0.3207	0.3629	0.3108	right
sess_d2ky744ai	NCNU_User_1774322167523	2026-03-24T03:16:26.652Z	B	Gull_Flap	0.9535701778	1	0	0.9883925444	TRUE	0.658	0.285	0.1933	0.1821	0.4983	0.3083	0.3686	0.2914	
sess_d2ky744ai	NCNU_User_1774322167523	2026-03-24T03:16:27.525Z	B	Fireworks_Explosion	0.6016258631	0.3872647417	0.5138606902	0.4754611209	TRUE	0.6624	0.2379	0.1776	0.2407	0.4922	0.3182	0.3644	0.3115	left
sess_d2ky744ai	NCNU_User_1774322167523	2026-03-24T03:16:28.682Z	B	Fireworks_Explosion	0.3064018646	0.3477253053	0.7837936239	0.2913628199	TRUE	0.5767	0.1257	0.2679	0.1768	0.4953	0.303	0.3688	0.2969	left
sess_d2ky744ai	NCNU_User_1774322167523	2026-03-24T03:16:35.646Z	B	Victory	1	0.4826654716	0.2510191748	0.7052094775	TRUE	0.7035	0.2212	0.1321	0.2406	0.492	0.284	0.3595	0.2811	left
sess_d2ky744ai	NCNU_User_1774322167523	2026-03-24T03:16:36.847Z	B	Gull_Flap	1	0.8264792132	0.004475556274	0.9290252406	TRUE	0.6645	0.2159	0.1318	0.2038	0.4931	0.295	0.3643	0.2947	
sess_d2ky744ai	NCNU_User_1774322167523	2026-03-24T03:16:41.902Z	B	Victory	1	0.3311655253	0.8858058131	0.4224341755	TRUE	0.6761	0.4915	0.8504	0.6915	0.6745	0.3083	0.7885	0.3216	right
sess_amz8se8rf	NCNU_User_1774322202201	2026-03-24T03:16:46.079Z	B	Heart	0.5	0.5	0.5	0.5	FALSE	0.5647	0.5287	0.5537	0.532	0.5826	0.4192	0.5287	0.4176	
sess_amz8se8rf	NCNU_User_1774322202201	2026-03-24T03:16:56.348Z	B	Baseline_End	0.4527512587	0.4207524879	0.3423474252	0.511667211	TRUE	0.628	0.7412	0.4556	0.7477	0.6196	0.2375	0.465	0.2224	baseline calibrated
sess_qks61zrp3	NCNU_User_1774322232596	2026-03-24T03:17:14.201Z	B	Fireworks_Explosion	0.5	0.5	0.5	0.5	FALSE	0.6037	0.0986	0.3614	0.1007	0.5642	0.1975	0.4082	0.1913	left
sess_qks61zrp3	NCNU_User_1774322232596	2026-03-24T03:17:15.798Z	B	Fireworks_Explosion	0.5	0.5	0.5	0.5	FALSE	0.6588	0.0126	0.3278	-0.0322	0.5551	0.2049	0.4122	0.2025	right
sess_qks61zrp3	NCNU_User_1774322232596	2026-03-24T03:17:16.129Z	B	Victory	0.5	0.5	0.5	0.5	FALSE	0.752	-0.0153	0.2841	-0.0867	0.5604	0.1908	0.4144	0.1806	left
sess_qks61zrp3	NCNU_User_1774322232596	2026-03-24T03:17:17.672Z	B	Fireworks_Explosion	0.5	0.5	0.5	0.5	FALSE	0.6285	0.2088	0.3598	0.2146	0.5881	0.2178	0.435	0.2095	left
sess_qks61zrp3	NCNU_User_1774322232596	2026-03-24T03:17:18.425Z	B	Victory	0.5	0.5	0.5	0.5	FALSE	0.8266	0.0586	0.2181	0.1317	0.5681	0.1981	0.4153	0.1959	left
sess_qks61zrp3	NCNU_User_1774322232596	2026-03-24T03:17:19.352Z	B	Victory	0.5	0.5	0.5	0.5	FALSE	0.8541	0.2195	0.1096	0.1165	0.5691	0.195	0.4078	0.1792	right
sess_qks61zrp3	NCNU_User_1774322232596	2026-03-24T03:17:20.824Z	B	Heart	0.5	0.5	0.5	0.5	FALSE	0.4789	-0.0081	0.4493	-0.0078	0.5613	0.1941	0.426	0.188	
sess_qks61zrp3	NCNU_User_1774322232596	2026-03-24T03:17:22.017Z	B	Baseline_End	0	0.2581850717	0.7726143865	0.1828589934	TRUE	0.4459	-0.0161	0.4225	-0.0315	0.5518	0.1934	0.4115	0.1883	baseline calibrated
sess_qks61zrp3	NCNU_User_1774322232596	2026-03-24T03:17:22.961Z	B	Victory	0.2553417782	0.7849523586	0.6319754698	0.5066249736	TRUE	0.6558	0.2587	0.3522	0.2018	0.5785	0.2144	0.4217	0.2125	right
sess_qks61zrp3	NCNU_User_1774322232596	2026-03-24T03:17:23.858Z	B	Heart	0.1496298684	0.71885339	0.4426542386	0.5200198396	TRUE	0.5469	0.2827	0.5446	0.2622	0.6172	0.2246	0.4708	0.2009	
sess_qks61zrp3	NCNU_User_1774322232596	2026-03-24T03:17:26.365Z	B	Dance_Continuous	0	0.6453325269	0.4402648597	0.4540403099	TRUE	0.4588	0.3468	0.4303	0.343	0.5509	0.1965	0.4081	0.228	30s_Interval_AutoLog
sess_qks61zrp3	NCNU_User_1774322232596	2026-03-24T03:17:26.641Z	B	Victory	0	0.7262046917	0.365779828	0.5124589369	TRUE	0.5625	0.2167	0.5611	0.2099	0.5898	0.2173	0.444	0.2097	right
sess_qks61zrp3	NCNU_User_1774322232596	2026-03-24T03:17:29.070Z	B	Fireworks_Explosion	0.1941332119	0.3781797217	0.5279717563	0.365015077	TRUE	0.6526	0.0554	0.3075	0.0375	0.5293	0.2099	0.3882	0.2162	left
sess_qks61zrp3	NCNU_User_1774322232596	2026-03-24T03:17:29.536Z	B	Victory	0.5906721513	0.3561603419	0.6608307557	0.4088414101	TRUE	0.6649	0.1368	0.2086	0.1367	0.51	0.216	0.3577	0.2373	right
sess_qks61zrp3	NCNU_User_1774322232596	2026-03-24T03:17:30.746Z	B	Heart	0.0945869759	0.3821679994	0.5814521395	0.3230056949	TRUE	0.5357	0.2431	0.5305	0.2226	0.5789	0.2143	0.4381	0.2071	
sess_qks61zrp3	NCNU_User_1774322232596	2026-03-24T03:17:32.339Z	B	Victory	0.5277054219	0.2639717872	0.8155739293	0.3020641951	TRUE	0.7613	0.2273	0.3956	0.1728	0.6411	0.2326	0.4966	0.216	right
sess_qks61zrp3	NCNU_User_1774322232596	2026-03-24T03:17:33.081Z	B	Heart	0.1700664477	0.3364582348	0.5893413598	0.3208304299	TRUE	0.5848	0.3074	0.5584	0.3232	0.6216	0.2364	0.4802	0.1992	
sess_qks61zrp3	NCNU_User_1774322232596	2026-03-24T03:17:34.064Z	B	Fireworks_Explosion	0.127401355	0.4513225555	0.6679954014	0.3285809704	TRUE	0.6457	0.1564	0.3437	0.158	0.5436	0.2189	0.3951	0.2188	left
sess_qks61zrp3	NCNU_User_1774322232596	2026-03-24T03:17:35.372Z	B	Fireworks_Explosion	0.436639391	0.4045345806	0.4229600322	0.4729376687	TRUE	0.5967	0.1461	0.2769	0.1567	0.4999	0.2139	0.35	0.2196	left
sess_qks61zrp3	NCNU_User_1774322232596	2026-03-24T03:17:35.758Z	B	Victory	0.548916618	0.291398741	0.5912504029	0.3968510099	TRUE	0.6222	0.1482	0.2328	0.1538	0.5026	0.2137	0.3471	0.2234	left
sess_qks61zrp3	NCNU_User_1774322232596	2026-03-24T03:17:36.471Z	B	Victory	0.5945926656	0.152019088	1	0.2094558016	TRUE	0.6149	0.1598	0.2538	0.1785	0.5028	0.2112	0.3493	0.2251	right
sess_qks61zrp3	NCNU_User_1774322232596	2026-03-24T03:17:38.304Z	B	Fireworks_Explosion	0.2354425337	0.5372625824	0.4491835639	0.466551419	TRUE	0.6999	0.1352	0.4582	0.0648	0.6154	0.2293	0.4827	0.1769	right
sess_qks61zrp3	NCNU_User_1774322232596	2026-03-24T03:17:39.913Z	B	Victory	0.4609474451	0.3586490815	0.8319515161	0.3175134632	TRUE	0.6898	0.2823	0.421	0.1108	0.6306	0.2247	0.4853	0.2083	right
sess_qks61zrp3	NCNU_User_1774322232596	2026-03-24T03:17:42.174Z	B	Fireworks_Explosion	0.2901659826	0.4729298688	0.8276670543	0.3220299742	TRUE	0.5948	0.0761	0.3467	0.2807	0.5123	0.2096	0.3629	0.2296	left
sess_qks61zrp3	NCNU_User_1774322232596	2026-03-24T03:17:43.133Z	B	Fireworks_Explosion	0.4050799786	0.5776431054	0.5166003385	0.5015171183	TRUE	0.5616	0.2917	0.3682	0.1968	0.5231	0.2149	0.3753	0.2354	right
sess_qks61zrp3	NCNU_User_1774322232596	2026-03-24T03:17:44.160Z	B	Fireworks_Explosion	0.3191198941	0.4260777298	0.6923643357	0.357883548	TRUE	0.575	0.3003	0.4005	0.0231	0.5626	0.2166	0.42	0.1791	right
sess_qks61zrp3	NCNU_User_1774322232596	2026-03-24T03:17:48.564Z	B	Victory	0.4644370512	0.3639786286	0.6664847506	0.3784310515	TRUE	0.6863	0.0912	0.3071	0.051	0.551	0.2152	0.4013	0.2043	left
sess_qks61zrp3	NCNU_User_1774322232596	2026-03-24T03:17:50.335Z	B	Heart	0.1604880484	0.5201948671	0.554996537	0.403951171	TRUE	0.5772	-0.012	0.569	0.0091	0.606	0.2172	0.4627	0.1777	
sess_qks61zrp3	NCNU_User_1774322232596	2026-03-24T03:17:53.592Z	B	Heart	0.01241983854	0.6616343456	0.2789687354	0.5201196405	TRUE	0.3405	0.0569	0.3326	0.0698	0.4567	0.1542	0.3194	0.1938	
sess_qks61zrp3	NCNU_User_1774322232596	2026-03-24T03:17:54.772Z	B	Heart	0	0.3773325425	0.2216017513	0.423372404	TRUE	0.3416	0.0114	0.364	-0.0316	0.4643	0.1641	0.3309	0.2004	
sess_qks61zrp3	NCNU_User_1774322232596	2026-03-24T03:17:55.348Z	B	Heart	0	0.2768601143	0.5267195514	0.2763922027	TRUE	0.3601	0.0011	0.368	-0.0128	0.4641	0.1723	0.3301	0.2096	
sess_qks61zrp3	NCNU_User_1774322232596	2026-03-24T03:17:56.403Z	B	Dance_Continuous	0.5657696227	0.6146681572	0.344854017	0.6166107626	TRUE	0.7322	0.231	0.292	0.1116	0.5659	0.2185	0.4245	0.2068	30s_Interval_AutoLog
sess_qks61zrp3	NCNU_User_1774322232596	2026-03-24T03:17:57.925Z	B	Victory	0.4387652065	0.8102329525	0.4410151164	0.6294291919	TRUE	0.6009	0.2791	0.5773	0.242	0.6319	0.2446	0.4914	0.1969	right
sess_qks61zrp3	NCNU_User_1774322232596	2026-03-24T03:18:03.184Z	B	Fireworks_Explosion	0.3660475052	0.6322986367	0.3152453367	0.5840954631	TRUE	0.6422	-0.0028	0.3315	-0.0056	0.5562	0.2042	0.405	0.1909	right
sess_qks61zrp3	NCNU_User_1774322232596	2026-03-24T03:18:04.813Z	B	Victory	0.2525822217	0.6073567386	0.2122561181	0.5817986095	TRUE	0.5826	0.4679	0.3473	0.4057	0.5505	0.2206	0.3987	0.2053	left
sess_qks61zrp3	NCNU_User_1774322232596	2026-03-24T03:18:10.383Z	B	Fireworks_Explosion	0.2247717772	0.4556871761	0.6001703195	0.3784082029	TRUE	0.6446	0.0528	0.3611	0.0584	0.5593	0.1972	0.4019	0.1744	left
sess_qks61zrp3	NCNU_User_1774322232596	2026-03-24T03:18:12.594Z	B	Fireworks_Explosion	0.4176879024	0.3957403123	0.6167970717	0.3968391254	TRUE	0.5941	0.4211	0.4019	0.1345	0.6075	0.2282	0.448	0.2072	right
sess_qks61zrp3	NCNU_User_1774322232596	2026-03-24T03:18:12.991Z	B	Victory	0.4157693204	0.5150884688	0.3148745494	0.5497716253	TRUE	0.6618	0.283	0.415	0.1431	0.6143	0.2363	0.4628	0.1983	right
sess_qks61zrp3	NCNU_User_1774322232596	2026-03-24T03:18:13.561Z	B	Fireworks_Explosion	0.3222802095	0.5935715316	0.3608844553	0.5416891057	TRUE	0.6381	0.1994	0.4266	0.1507	0.5972	0.2309	0.4369	0.1876	left
sess_qks61zrp3	NCNU_User_1774322232596	2026-03-24T03:18:14.396Z	B	Fireworks_Explosion	0.1698780702	0.7073813047	0.2340569213	0.5935021169	TRUE	0.5536	0.0878	0.409	0.1591	0.5136	0.1947	0.3586	0.1992	left
sess_qks61zrp3	NCNU_User_1774322232596	2026-03-24T03:18:15.518Z	B	Victory	0.1677243717	0.5883344123	0.5053783791	0.4503824251	TRUE	0.5158	0.2669	0.2734	0.1847	0.5244	0.2	0.3669	0.2147	right
sess_qks61zrp3	NCNU_User_1774322232596	2026-03-24T03:18:17.156Z	B	Victory	0.1766479993	0.3772965335	0.5278741952	0.3603246449	TRUE	0.7238	0.2794	0.5636	0.2155	0.5804	0.2293	0.4342	0.1744	left
sess_qks61zrp3	NCNU_User_1774322232596	2026-03-24T03:18:17.847Z	B	Victory	0.1427567593	0.4818874765	0.3265423956	0.464154342	TRUE	0.4351	0.2046	0.3058	0.2108	0.5141	0.2095	0.3541	0.2141	right
sess_qks61zrp3	NCNU_User_1774322232596	2026-03-24T03:18:19.084Z	B	Fireworks_Explosion	0.1990968947	0.5988864441	0.1550722804	0.5850535032	TRUE	0.4843	0.1949	0.2452	0.0147	0.4923	0.2	0.3339	0.1997	right
sess_qks61zrp3	NCNU_User_1774322232596	2026-03-24T03:18:19.917Z	B	Victory	0.2672342256	0.564838495	0.3471145456	0.5212538634	TRUE	0.5165	0.1892	0.3063	0.0623	0.5237	0.2076	0.3688	0.2101	right
sess_qks61zrp3	NCNU_User_1774322232596	2026-03-24T03:18:20.153Z	B	Fireworks_Explosion	0.3015651442	0.3945160183	0.524671366	0.3995627153	TRUE	0.5447	0.1942	0.3289	0.0552	0.5385	0.213	0.3837	0.204	left
sess_qks61zrp3	NCNU_User_1774322232596	2026-03-24T03:18:21.826Z	B	Fireworks_Explosion	0.1908441906	0.4333055242	0.6565906004	0.3412265472	TRUE	0.6299	0.1244	0.5438	0.0664	0.6147	0.2201	0.4702	0.1857	left
sess_qks61zrp3	NCNU_User_1774322232596	2026-03-24T03:18:22.039Z	B	Heart	0.09396288844	0.4107593716	0.5870562254	0.3323247919	TRUE	0.6318	0.0661	0.5945	0.0329	0.6224	0.2143	0.4852	0.1734	
sess_qks61zrp3	NCNU_User_1774322232596	2026-03-24T03:18:24.539Z	B	Heart	0.04125109331	0.716657042	0.3738076625	0.5161429082	TRUE	0.5075	-0.0151	0.458	-0.0057	0.5184	0.2046	0.3736	0.1844	
sess_qks61zrp3	NCNU_User_1774322232596	2026-03-24T03:18:26.404Z	B	Dance_Continuous	0.207103877	0.4973703791	0.4030837922	0.4596447936	TRUE	0.4569	0.342	0.4297	0.2689	0.5297	0.2139	0.3786	0.2133	30s_Interval_AutoLog
sess_qks61zrp3	NCNU_User_1774322232596	2026-03-24T03:18:26.922Z	B	Fireworks_Explosion	0.2360669824	0.7373536841	0.4097556582	0.5605437389	TRUE	0.6401	0.0481	0.2865	-0.0224	0.5251	0.2084	0.3698	0.1855	left
sess_qks61zrp3	NCNU_User_1774322232596	2026-03-24T03:18:28.038Z	B	Fireworks_Explosion	0.2747256323	0.5429062015	0.4273725395	0.4862634999	TRUE	0.6016	0.1446	0.3214	0.1575	0.5421	0.2211	0.3844	0.2084	left
sess_qks61zrp3	NCNU_User_1774322232596	2026-03-24T03:18:28.561Z	B	Victory	0.3359942148	0.3206350791	0.6621491644	0.3305003778	TRUE	0.5836	0.168	0.3395	0.1884	0.5411	0.2263	0.3855	0.2097	right
sess_qks61zrp3	NCNU_User_1774322232596	2026-03-24T03:18:29.236Z	B	Fireworks_Explosion	0.2526790435	0.7155047545	0.3950780887	0.5610943316	TRUE	0.532	0.1379	0.4236	0.1321	0.5409	0.1991	0.3801	0.1889	left
sess_qks61zrp3	NCNU_User_1774322232596	2026-03-24T03:18:29.451Z	B	Heart	0.1165984722	0.7268950919	0.2565049154	0.5801309344	TRUE	0.545	-0.0007	0.4965	0.0072	0.5343	0.1955	0.3844	0.1825	
sess_qks61zrp3	NCNU_User_1774322232596	2026-03-24T03:18:29.954Z	B	Gull_Flap	0.4330865692	0.7055407667	0.238603371	0.6569767691	TRUE	0.7485	0.0264	0.1901	-0.0437	0.5447	0.1921	0.3867	0.1736	
sess_qks61zrp3	NCNU_User_1774322232596	2026-03-24T03:18:31.941Z	B	Victory	1	1	0.1648339674	0.9423081114	TRUE	0.6902	0.4591	0.1613	0.6806	0.5344	0.2212	0.3797	0.2053	right
sess_qks61zrp3	NCNU_User_1774322232596	2026-03-24T03:18:33.831Z	B	Fireworks_Explosion	0.1245588737	0.6912890914	0.2257537208	0.5786415527	TRUE	0.535	0.1157	0.3817	0.1161	0.5452	0.2014	0.3903	0.1954	left
sess_qks61zrp3	NCNU_User_1774322232596	2026-03-24T03:18:36.095Z	B	Fireworks_Explosion	0.0926130007	0.3276444831	0.9127392885	0.1847522924	TRUE	0.5623	0.1845	0.4354	0.2251	0.5654	0.2133	0.4058	0.2005	left
sess_qks61zrp3	NCNU_User_1774322232596	2026-03-24T03:18:38.075Z	B	Heart	0	0.3221856449	0.6916659377	0.2367911798	TRUE	0.5576	0.3858	0.5215	0.3741	0.6045	0.2238	0.4543	0.1914	
sess_qks61zrp3	NCNU_User_1774322232596	2026-03-24T03:18:39.114Z	B	Fireworks_Explosion	0	0.3854084728	0.6968778137	0.2602561543	TRUE	0.6608	0.2639	0.4726	0.2423	0.6212	0.242	0.4715	0.2071	left
sess_qks61zrp3	NCNU_User_1774322232596	2026-03-24T03:18:40.565Z	B	Victory	0.4226983406	0.2196307622	1	0.19352689	TRUE	0.6896	0.197	0.4039	0.2012	0.6192	0.2352	0.4686	0.2104	left
sess_qks61zrp3	NCNU_User_1774322232596	2026-03-24T03:18:42.308Z	B	Heart	0.08426444814	0.6954365856	0.3968768919	0.5103338341	TRUE	0.4393	0.3905	0.4175	0.3888	0.4984	0.2129	0.3478	0.224	
sess_qks61zrp3	NCNU_User_1774322232596	2026-03-24T03:18:48.909Z	B	Fireworks_Explosion	0.09785303648	0.3876537649	0.5697880149	0.3300989599	TRUE	0.629	0.1339	0.5858	0.1061	0.6247	0.2224	0.477	0.1906	left
sess_qks61zrp3	NCNU_User_1774322232596	2026-03-24T03:18:49.857Z	B	Victory	0.5193594322	0.7110864965	0.2100869623	0.6907440198	TRUE	0.767	0.2139	0.3913	0.1313	0.6291	0.2421	0.4793	0.1987	left
sess_qks61zrp3	NCNU_User_1774322232596	2026-03-24T03:18:50.492Z	B	Heart	0.1665774909	0.5833306901	0.290188017	0.5234108428	TRUE	0.5767	0.2745	0.5753	0.2714	0.6145	0.2394	0.4739	0.1989	
sess_qks61zrp3	NCNU_User_1774322232596	2026-03-24T03:18:51.387Z	B	Fireworks_Explosion	0	0.4369394731	0.6170519434	0.308807609	TRUE	0.5481	0.1158	0.4443	0.1246	0.5542	0.2083	0.4092	0.1989	left
sess_qks61zrp3	NCNU_User_1774322232596	2026-03-24T03:18:53.642Z	B	Fireworks_Explosion	0.002621619628	0.4763169087	0.72978397	0.2857577789	TRUE	0.4008	0.1459	0.381	0.1434	0.4798	0.2047	0.3338	0.2173	left
sess_qks61zrp3	NCNU_User_1774322232596	2026-03-24T03:18:55.520Z	B	Victory	0	0.2520646732	0.9866354547	0.1055034602	TRUE	0.5091	0.29	0.4485	0.2442	0.5328	0.2144	0.3837	0.2199	right
sess_qks61zrp3	NCNU_User_1774322232596	2026-03-24T03:18:55.820Z	B	Heart	0	0.2249882127	0.8471946963	0.1434771414	TRUE	0.5607	0.2883	0.528	0.2423	0.5646	0.2236	0.4238	0.1897	
sess_qks61zrp3	NCNU_User_1774322232596	2026-03-24T03:18:56.447Z	B	Dance_Continuous	0	0.2052115811	0.8622877232	0.1302839293	TRUE	0.6505	0.2783	0.5973	0.2776	0.5976	0.2346	0.466	0.1768	30s_Interval_AutoLog
sess_qks61zrp3	NCNU_User_1774322232596	2026-03-24T03:18:59.606Z	B	Heart	0.04281246378	0.5104905651	0.4573820207	0.4048156347	TRUE	0.5474	0.2503	0.5664	0.2031	0.576	0.2118	0.432	0.1887	
sess_qks61zrp3	NCNU_User_1774322232596	2026-03-24T03:19:00.557Z	B	Victory	0.2669775731	0.5718634231	0.3999618981	0.5055030982	TRUE	0.7688	0.3346	0.3707	0.2031	0.6241	0.2437	0.4766	0.2047	right
sess_qks61zrp3	NCNU_User_1774322232596	2026-03-24T03:19:02.638Z	B	Victory	0.3686925999	0.4267678221	0.6673896601	0.3792938978	TRUE	0.4354	0.1715	0.2848	0.1537	0.486	0.1988	0.3236	0.2134	left
sess_qks61zrp3	NCNU_User_1774322232596	2026-03-24T03:19:02.904Z	B	Victory	0.2305957653	0.4440243777	0.6765649991	0.3484609427	TRUE	0.3812	0.2709	0.2656	0.233	0.485	0.2019	0.3232	0.2168	right
sess_qks61zrp3	NCNU_User_1774322232596	2026-03-24T03:19:04.547Z	B	Fireworks_Explosion	0	0.2979544236	0.6639284945	0.2368067964	TRUE	0.3885	0.1693	0.3208	0.1745	0.4739	0.2099	0.3235	0.2256	right
sess_qks61zrp3	NCNU_User_1774322232596	2026-03-24T03:19:06.546Z	B	Heart	0	0.4828464086	0.4134492496	0.3984313261	TRUE	0.5235	0.3459	0.5	0.3137	0.5546	0.2124	0.4057	0.2045	
sess_qks61zrp3	NCNU_User_1774322232596	2026-03-24T03:19:06.792Z	B	Fireworks_Explosion	0	0.6586890641	0.2890784169	0.5122981798	TRUE	0.597	0.1694	0.4966	0.1842	0.5832	0.2185	0.4316	0.1921	left
sess_qks61zrp3	NCNU_User_1774322232596	2026-03-24T03:19:07.763Z	B	Victory	0.2491357798	0.266713913	0.932960436	0.1924333576	TRUE	0.7203	0.2788	0.4908	0.1882	0.6241	0.2384	0.4748	0.1976	right
sess_qks61zrp3	NCNU_User_1774322232596	2026-03-24T03:19:08.719Z	B	Heart	0.107792818	0.3644839855	0.5062883546	0.3455408746	TRUE	0.5814	0.2341	0.5795	0.2286	0.6227	0.248	0.4739	0.1883	
sess_qks61zrp3	NCNU_User_1774322232596	2026-03-24T03:19:10.470Z	B	Fireworks_Explosion	0.3258181645	0.2963389876	0.5805544548	0.346796077	TRUE	0.7545	0.2294	0.3681	0.143	0.6035	0.2414	0.4531	0.1962	right
sess_qks61zrp3	NCNU_User_1774322232596	2026-03-24T03:19:10.845Z	B	Victory	0.4692271251	0.2377175573	0.6784786795	0.3249262664	TRUE	0.7011	0.2176	0.3436	0.1447	0.5714	0.2291	0.4114	0.1988	left
sess_qks61zrp3	NCNU_User_1774322232596	2026-03-24T03:19:11.134Z	B	Victory	0.5128273513	0.2792253419	0.8736913252	0.2841050108	TRUE	0.6728	0.2425	0.309	0.2092	0.5467	0.2219	0.3885	0.2114	right
sess_qks61zrp3	NCNU_User_1774322232596	2026-03-24T03:19:13.516Z	B	Victory	0.5883702219	0.3459370794	0.6471204603	0.4089752261	TRUE	0.6191	0.2705	0.2046	0.2912	0.4836	0.216	0.3234	0.2254	right
sess_qks61zrp3	NCNU_User_1774322232596	2026-03-24T03:19:13.882Z	B	Victory	0.6227362823	0.2229949984	0.9889692247	0.2487428413	TRUE	0.6157	0.2788	0.2175	0.3048	0.4852	0.2126	0.3268	0.2228	left
sess_qks61zrp3	NCNU_User_1774322232596	2026-03-24T03:19:15.806Z	B	Fireworks_Explosion	0.03557913176	0.4573970265	0.353303613	0.418197329	TRUE	0.5811	0.1877	0.553	0.1609	0.6094	0.2274	0.4619	0.2005	left
sess_qks61zrp3	NCNU_User_1774322232596	2026-03-24T03:19:17.294Z	B	Fireworks_Explosion	0.03109484399	0.2743569195	0.8450622186	0.1717447023	TRUE	0.6385	0.1821	0.5114	0.1766	0.6248	0.229	0.4725	0.204	left
sess_qks61zrp3	NCNU_User_1774322232596	2026-03-24T03:19:18.241Z	B	Victory	0.1438551893	0.2116644967	0.9908941259	0.1238166519	TRUE	0.6382	0.217	0.5111	0.1804	0.6228	0.2398	0.4744	0.1987	right
sess_qks61zrp3	NCNU_User_1774322232596	2026-03-24T03:19:19.514Z	B	Fireworks_Explosion	0.2268455729	0.2797724745	0.6958787119	0.2750628339	TRUE	0.7064	0.2274	0.3535	0.1979	0.5693	0.226	0.4146	0.2045	right
sess_qks61zrp3	NCNU_User_1774322232596	2026-03-24T03:19:21.695Z	B	Fireworks_Explosion	0.3102689245	0.8635979572	0.2841859924	0.6735413167	TRUE	0.5094	0.0239	0.2768	-0.0969	0.479	0.2022	0.3284	0.2113	right
sess_qks61zrp3	NCNU_User_1774322232596	2026-03-24T03:19:22.890Z	B	Fireworks_Explosion	0.340531487	0.4068134874	0.401603877	0.4572969098	TRUE	0.599	0.1195	0.3425	0.0778	0.5369	0.2151	0.382	0.2041	right
sess_qks61zrp3	NCNU_User_1774322232596	2026-03-24T03:19:24.318Z	B	Fireworks_Explosion	0.3246058913	0.3531484709	0.5330996572	0.3858259812	TRUE	0.6933	0.314	0.411	0.2989	0.6035	0.2347	0.4548	0.2065	left
sess_qks61zrp3	NCNU_User_1774322232596	2026-03-24T03:19:24.640Z	B	Victory	0.3629908274	0.2693994572	0.7369947766	0.2905593179	TRUE	0.6813	0.3042	0.4297	0.2869	0.6133	0.235	0.4649	0.2056	left
sess_qks61zrp3	NCNU_User_1774322232596	2026-03-24T03:19:25.829Z	B	Fireworks_Explosion	0.2889461648	0.309621934	0.6973761859	0.3020036498	TRUE	0.7137	0.3232	0.4183	0.2694	0.618	0.2379	0.4651	0.2137	right
sess_qks61zrp3	NCNU_User_1774322232596	2026-03-24T03:19:26.496Z	B	Dance_Continuous	0.3335863434	0.4570425767	0.4922734694	0.4439179022	TRUE	0.6455	0.3537	0.434	0.3545	0.6098	0.2368	0.4558	0.2061	30s_Interval_AutoLog
sess_qks61zrp3	NCNU_User_1774322232596	2026-03-24T03:19:27.288Z	B	Fireworks_Explosion	0.2350578259	0.4256002881	0.6028919808	0.3679923784	TRUE	0.6075	0.3126	0.3775	0.1997	0.5528	0.2224	0.3949	0.2035	right
sess_qks61zrp3	NCNU_User_1774322232596	2026-03-24T03:19:28.394Z	B	Fireworks_Explosion	0.1942783037	0.3677182351	0.5818429564	0.3420118352	TRUE	0.5977	0.2049	0.3752	0.1882	0.5534	0.2229	0.3886	0.2161	left
sess_qks61zrp3	NCNU_User_1774322232596	2026-03-24T03:19:29.386Z	B	Fireworks_Explosion	0.03264528206	0.4887690689	0.6435307046	0.3284332015	TRUE	0.5007	0.0497	0.4647	0.0389	0.5436	0.1883	0.3963	0.1697	right
sess_qks61zrp3	NCNU_User_1774322232596	2026-03-24T03:19:31.492Z	B	Victory	0.160005946	0.3604408261	0.8726778468	0.2287405705	TRUE	0.4985	0.2456	0.3403	0.2304	0.4954	0.218	0.34	0.2142	left
sess_qks61zrp3	NCNU_User_1774322232596	2026-03-24T03:19:32.305Z	B	Heart	0.0400579639	0.388076918	0.5764876267	0.3134745888	TRUE	0.4122	0.3898	0.3901	0.3805	0.4828	0.2115	0.3275	0.217	
sess_qks61zrp3	NCNU_User_1774322232596	2026-03-24T03:19:35.602Z	B	Heart	0.05659443028	0.4919164325	0.1888934337	0.4948024788	TRUE	0.6364	0.563	0.6376	0.5632	0.576	0.2269	0.4929	0.2012	
sess_qitcf6mj4	NCNU_User_1774322378433	2026-03-24T03:19:39.829Z	B	Heart	0.5	0.5	0.5	0.5	FALSE	0.565	0.565	0.5655	0.5643	0.5836	0.4517	0.5314	0.4539	
sess_qitcf6mj4	NCNU_User_1774322378433	2026-03-24T03:19:40.789Z	B	Victory	0.5	0.5	0.5	0.5	FALSE	0.5561	0.5627	0.5687	0.5559	0.5827	0.4495	0.5303	0.4552	right
sess_qitcf6mj4	NCNU_User_1774322378433	2026-03-24T03:19:42.369Z	B	Fireworks_Explosion	0.5	0.5	0.5	0.5	FALSE	0.5607	0.5616	0.5677	0.5674	0.5818	0.449	0.5298	0.4535	right
sess_qitcf6mj4	NCNU_User_1774322378433	2026-03-24T03:19:43.909Z	B	Victory	0.5	0.5	0.5	0.5	FALSE	0.663	0.7199	0.4455	0.7016	0.6133	0.1942	0.4622	0.1964	left
sess_jk3p5a9sz	NCNU_User_1774322385161	2026-03-24T03:19:45.405Z	B	Heart	0.5	0.5	0.5	0.5	FALSE	0.3336	0.6154	0.3372	0.5971	0.3615	0.4592	0.305	0.4628	
sess_jk3p5a9sz	NCNU_User_1774322385161	2026-03-24T03:19:45.966Z	B	Victory	0.5	0.5	0.5	0.5	FALSE	0.3335	0.6119	0.3389	0.5971	0.3606	0.4612	0.3051	0.4638	left
sess_88xydg631	NCNU_User_1774322387950	2026-03-24T03:19:57.749Z	B	Baseline_End	0.4579174246	0.787650424	0.1063113701	0.7423305462	TRUE	0.6	0.3843	0.3494	0.3693	0.5785	0.1954	0.4322	0.1932	baseline calibrated
sess_88xydg631	NCNU_User_1774322387950	2026-03-24T03:20:00.210Z	B	Fireworks_Explosion	1	1	0	1	TRUE	0.7688	0.0831	0.2428	0.1216	0.5457	0.1959	0.3991	0.2001	right
sess_88xydg631	NCNU_User_1774322387950	2026-03-24T03:20:01.683Z	B	Gull_Flap	1	1	0	1	TRUE	0.8506	0.1198	0.3021	0.1203	0.6069	0.1928	0.4632	0.1843	
sess_88xydg631	NCNU_User_1774322387950	2026-03-24T03:20:02.768Z	B	Fireworks_Explosion	1	1	0	1	TRUE	0.7503	0.0274	0.3043	0.0662	0.5743	0.1963	0.4221	0.1771	right
sess_88xydg631	NCNU_User_1774322387950	2026-03-24T03:20:03.685Z	B	Fireworks_Explosion	1	1	0	1	TRUE	0.6974	0.0108	0.3294	0.1035	0.57	0.1874	0.4212	0.1763	right
sess_88xydg631	NCNU_User_1774322387950	2026-03-24T03:20:05.086Z	B	Fireworks_Explosion	0.6099035935	1	0.01542571513	0.8970768981	TRUE	0.5773	0.1154	0.5101	0.1261	0.5797	0.1879	0.4369	0.1838	left
sess_88xydg631	NCNU_User_1774322387950	2026-03-24T03:20:05.396Z	B	Heart	0.116312154	1	0	0.7790780385	TRUE	0.5346	0.0623	0.53	0.0682	0.5766	0.186	0.4364	0.1808	
sess_88xydg631	NCNU_User_1774322387950	2026-03-24T03:20:06.208Z	B	Victory	0	1	0.2511048047	0.6621133184	TRUE	0.5142	0.0992	0.5198	0.0947	0.574	0.1869	0.4326	0.1795	left
sess_88xydg631	NCNU_User_1774322387950	2026-03-24T03:20:07.313Z	B	Fireworks_Explosion	0	1	0	0.75	TRUE	0.4957	0.1168	0.5131	0.1093	0.5722	0.1901	0.4295	0.1896	left
sess_88xydg631	NCNU_User_1774322387950	2026-03-24T03:20:11.022Z	B	Fireworks_Explosion	0.7586894554	1	0	0.9396723638	TRUE	0.6814	0.4377	0.3832	0.4014	0.5882	0.2043	0.44	0.1904	left
sess_88xydg631	NCNU_User_1774322387950	2026-03-24T03:20:13.163Z	B	Victory	0.2504690244	1	0.04072611924	0.7983631144	TRUE	0.5582	0.1748	0.5374	0.163	0.5817	0.1916	0.44	0.1749	right
sess_88xydg631	NCNU_User_1774322387950	2026-03-24T03:20:14.122Z	B	Heart	0	1	0	0.75	TRUE	0.6315	0.2534	0.6191	0.1483	0.5834	0.1803	0.4421	0.158	
sess_88xydg631	NCNU_User_1774322387950	2026-03-24T03:20:15.638Z	B	Fireworks_Explosion	0	1	0	0.75	TRUE	0.4326	0.0966	0.454	0.1038	0.5644	0.1813	0.4274	0.1894	right
sess_88xydg631	NCNU_User_1774322387950	2026-03-24T03:20:18.649Z	B	Fireworks_Explosion	0.09175195531	1	0	0.7729379888	TRUE	0.6246	0.2945	0.3805	0.2173	0.5827	0.1943	0.437	0.1873	left
sess_88xydg631	NCNU_User_1774322387950	2026-03-24T03:20:19.208Z	B	Fireworks_Explosion	0.8051427309	1	0	0.9512856827	TRUE	0.7232	0.0647	0.3067	0.1562	0.5735	0.1905	0.4239	0.186	left
sess_88xydg631	NCNU_User_1774322387950	2026-03-24T03:20:20.830Z	B	Gull_Flap	1	0.9597098867	0.5455068571	0.7929565547	TRUE	0.8258	0.1741	0.2467	0.1674	0.5631	0.1962	0.4175	0.1885	
sess_88xydg631	NCNU_User_1774322387950	2026-03-24T03:20:21.658Z	B	Fireworks_Explosion	1	1	0.1473075522	0.9484423567	TRUE	0.6969	-0.0121	0.3779	-0.006	0.5708	0.1879	0.4274	0.1655	right
sess_88xydg631	NCNU_User_1774322387950	2026-03-24T03:20:25.058Z	B	Fireworks_Explosion	0.03910780538	0.7479117713	0.6727835156	0.4234674294	TRUE	0.5879	0.2988	0.4883	0.3724	0.5787	0.1986	0.4343	0.1815	right
sess_88xydg631	NCNU_User_1774322387950	2026-03-24T03:20:27.767Z	B	Dance_Continuous	0.3225234079	0.3548301209	0.939751615	0.2436498351	TRUE	0.6295	0.2329	0.4376	0.1945	0.558	0.1835	0.4205	0.1928	30s_Interval_AutoLog
sess_88xydg631	NCNU_User_1774322387950	2026-03-24T03:20:28.802Z	B	Victory	0.6639559229	0	1	0.1659889807	TRUE	0.6734	0.2084	0.4116	0.2473	0.5776	0.1888	0.4312	0.1802	left
sess_88xydg631	NCNU_User_1774322387950	2026-03-24T03:20:30.990Z	B	Fireworks_Explosion	0.2393628672	0.3691174742	0.7555135484	0.2930579645	TRUE	0.587	0.3516	0.4864	0.4148	0.5817	0.1908	0.4314	0.1844	left
sess_88xydg631	NCNU_User_1774322387950	2026-03-24T03:20:35.478Z	B	Heart	0	1	0.2882568328	0.6491101085	TRUE	0.553	0.1449	0.5327	0.1532	0.5806	0.1872	0.4371	0.1876	
sess_88xydg631	NCNU_User_1774322387950	2026-03-24T03:20:37.035Z	B	Heart	0	1	0	0.75	TRUE	0.5649	0.1347	0.5376	0.1807	0.5851	0.1919	0.4422	0.1754	
sess_88xydg631	NCNU_User_1774322387950	2026-03-24T03:20:37.777Z	B	Victory	0	1	0.35704826	0.625033109	TRUE	0.5901	-0.0258	0.5183	-0.0025	0.5703	0.1836	0.4333	0.1636	left
sess_88xydg631	NCNU_User_1774322387950	2026-03-24T03:20:39.058Z	B	Gull_Flap	1	0.6200097627	0.7482304906	0.5861232334	TRUE	0.8645	0.0435	0.2024	0.0444	0.564	0.1863	0.4085	0.1663	
sess_88xydg631	NCNU_User_1774322387950	2026-03-24T03:20:41.388Z	B	Heart	0.6833237064	1	0.06592983123	0.8977554857	TRUE	0.6898	0.6262	0.653	0.6124	0.6524	0.2075	0.5257	0.1798	
sess_88xydg631	NCNU_User_1774322387950	2026-03-24T03:20:42.794Z	B	Victory	1	0.6370107764	0.8732589986	0.5491636611	TRUE	0.8084	0.6413	0.7168	0.7788	0.7466	0.1616	0.7215	0.1539	right
sess_88xydg631	NCNU_User_1774322387950	2026-03-24T03:20:43.236Z	B	Heart	1	0.8720424496	0.2922137892	0.8465421536	TRUE	0.8295	0.7769	0.8291	0.7748	0.8052	0.16	0.8437	0.1523	
sess_88xydg631	NCNU_User_1774322387950	2026-03-24T03:20:44.022Z	B	Victory	0.2927776909	1	0.6125191249	0.608812729	TRUE	0.7084	0.4559	0.7157	0.4639	0.749	0.4441	0.6902	0.4457	left
sess_d9d9vnj7i	NCNU_User_1774322446679	2026-03-24T03:20:52.706Z	B	Victory	0.5	0.5	0.5	0.5	FALSE	0.6333	0.8133	0.3929	0.8242	0.6069	0.2151	0.4318	0.2139	right
sess_d9d9vnj7i	NCNU_User_1774322446679	2026-03-24T03:20:57.127Z	B	Baseline_End	0.6378607797	0.2653791068	0.9268150683	0.2912315637	TRUE	0.567	0.7915	0.3398	0.788	0.5547	0.2329	0.3832	0.2014	baseline calibrated
sess_d9d9vnj7i	NCNU_User_1774322446679	2026-03-24T03:20:57.774Z	B	Dance_Continuous	0.6349855162	0.2553540031	0.9558473665	0.276341402	TRUE	0.5723	0.7933	0.3474	0.7909	0.5607	0.238	0.3929	0.1965	30s_Interval_AutoLog
sess_d9d9vnj7i	NCNU_User_1774322446679	2026-03-24T03:21:37.224Z	B	Dance_Continuous	0.6347800854	0.2512737709	0.9749984377	0.2679550765	TRUE	0.5761	0.7935	0.3494	0.7922	0.564	0.2379	0.3957	0.1936	30s_Interval_AutoLog
sess_d9d9vnj7i	NCNU_User_1774322446679	2026-03-24T03:21:40.307Z	B	Victory	0.5129593772	0.5765893884	0.4541268433	0.5499312045	TRUE	0.5837	0.778	0.3946	0.8561	0.5441	0.1995	0.3727	0.2331	left
sess_d9d9vnj7i	NCNU_User_1774322446679	2026-03-24T03:21:42.038Z	B	Heart	0.5390770763	1	0	0.8847692691	TRUE	0.4252	0.7117	0.4152	0.749	0.4983	0.2089	0.3164	0.2007	
sess_d9d9vnj7i	NCNU_User_1774322446679	2026-03-24T03:21:42.542Z	B	Victory	1	1	0	1	TRUE	0.5957	0.7204	0.1895	0.7884	0.5002	0.1995	0.3304	0.1945	right
sess_d9d9vnj7i	NCNU_User_1774322446679	2026-03-24T03:21:48.537Z	B	Victory	0.5952587291	0.2802262864	0.9698284062	0.2714652546	TRUE	0.5632	0.7891	0.3494	0.8179	0.5341	0.2028	0.3619	0.1952	left
sess_d9d9vnj7i	NCNU_User_1774322446679	2026-03-24T03:21:50.305Z	B	Victory	0.5948376984	0.4419099575	0.6006387432	0.4652498475	TRUE	0.5713	0.7674	0.3637	0.8125	0.5568	0.2236	0.3864	0.2049	right
sess_kyzdclamk	NCNU_User_1774322514937	2026-03-24T03:21:55.836Z	B	Victory	0.5	0.5	0.5	0.5	FALSE	0.6394	0.7389	0.2156	0.8235	0.5029	0.2093	0.3307	0.1985	right
sess_kyzdclamk	NCNU_User_1774322514937	2026-03-24T03:21:56.740Z	B	Victory	0.5	0.5	0.5	0.5	FALSE	0.5347	0.7185	0.0261	0.0132	0.4303	0.1755	0.249	0.2192	left
sess_kyzdclamk	NCNU_User_1774322514937	2026-03-24T03:22:05.147Z	B	Baseline_End	0.2464262617	0.3757486284	0.1182568951	0.5205161035	TRUE	0.6871	-0.2369	0.2909	-0.2342	0.5758	0.169	0.3983	0.1785	baseline calibrated
sess_kyzdclamk	NCNU_User_1774322514937	2026-03-24T03:22:05.395Z	B	Gull_Flap	0.3818121995	0.8008955703	0.04304959839	0.7507439185	TRUE	0.7958	0.0343	0.1045	-0.0514	0.5481	0.1696	0.3557	0.168	
sess_kyzdclamk	NCNU_User_1774322514937	2026-03-24T03:22:07.233Z	B	Dance_Continuous	0.7295599863	0.3738866925	0.5152665962	0.5016013649	TRUE	0.5066	0.5955	0.1664	-0.1467	0.5229	0.2381	0.3617	0.194	30s_Interval_AutoLog
sess_kyzdclamk	NCNU_User_1774322514937	2026-03-24T03:22:08.504Z	B	Victory	0.3622821987	0.8576476226	0.4936561219	0.6108499561	TRUE	0.6727	0.0164	0.4536	0.6278	0.6153	0.2122	0.4566	0.212	left
sess_kyzdclamk	NCNU_User_1774322514937	2026-03-24T03:22:11.630Z	B	Heart	0.01721748665	1	0.05554228819	0.7348645708	TRUE	0.4448	0.6104	0.4174	0.5599	0.5487	0.1983	0.3739	0.2382	
sess_kyzdclamk	NCNU_User_1774322514937	2026-03-24T03:22:14.362Z	B	Gull_Flap	0.4318186753	0.3785837941	0.4538051304	0.4505563908	TRUE	0.822	0.0491	0.2838	0.0318	0.6167	0.2094	0.4629	0.1973	
sess_kyzdclamk	NCNU_User_1774322514937	2026-03-24T03:22:16.255Z	B	Victory	0.3757834312	0.7312240389	0.141826433	0.6867962218	TRUE	0.6169	0.5314	0.1854	0.1075	0.6077	0.1995	0.4396	0.2222	right
sess_kyzdclamk	NCNU_User_1774322514937	2026-03-24T03:22:22.029Z	B	Gull_Flap	0.3954726304	0.4152101455	0.2320502273	0.5337346363	TRUE	0.8657	0.0741	0.2449	0.0069	0.6308	0.2122	0.4553	0.1875	
sess_kyzdclamk	NCNU_User_1774322514937	2026-03-24T03:22:22.628Z	B	Victory	0.5041986661	0.983995524	0.3566966957	0.7448040326	TRUE	0.6005	1.0304	0.2498	0.9829	0.5883	0.4349	0.4259	0.4201	right
sess_kyzdclamk	NCNU_User_1774322514937	2026-03-24T03:22:24.865Z	B	Victory	0.49907921	0.9360160383	0.5532083359	0.6555533003	TRUE	0.591	0.4169	0.3643	0.8558	0.5826	0.3958	0.4185	0.3677	right
sess_kyzdclamk	NCNU_User_1774322514937	2026-03-24T03:22:25.132Z	B	Fireworks_Explosion	0.6588159591	1	0.7515269261	0.6516695657	TRUE	0.7271	0.1244	0.3863	0.8585	0.5988	0.3515	0.4425	0.3447	left
sess_kyzdclamk	NCNU_User_1774322514937	2026-03-24T03:22:27.900Z	B	Heart	0	0.8587691251	0.25383168	0.604666562	TRUE	0.5081	0.5926	0.5002	0.578	0.6027	0.354	0.4381	0.3487	
sess_kyzdclamk	NCNU_User_1774322514937	2026-03-24T03:22:28.915Z	B	Victory	0.01024632862	0.7346776091	0.04763093412	0.6297617988	TRUE	0.5453	0.761	0.2469	0.7769	0.5853	0.354	0.4132	0.3414	right
sess_kyzdclamk	NCNU_User_1774322514937	2026-03-24T03:22:32.783Z	B	Victory	0.3498649936	0.8075315613	0.6348166329	0.5382930514	TRUE	0.8324	0.1622	0.4809	0.7352	0.6571	0.3691	0.4907	0.3273	left
sess_kyzdclamk	NCNU_User_1774322514937	2026-03-24T03:22:35.491Z	B	Victory	0.3374740872	0.2282445177	0.5158069435	0.3451338986	TRUE	0.6633	0.8509	0.4689	0.8851	0.6473	0.3705	0.4745	0.381	right
sess_kyzdclamk	NCNU_User_1774322514937	2026-03-24T03:22:37.297Z	B	Dance_Continuous	0.6424869933	1	0.6353112227	0.6882628204	TRUE	0.9202	0.2251	0.1249	0.2899	0.6003	0.3487	0.4285	0.3395	30s_Interval_AutoLog
sess_kyzdclamk	NCNU_User_1774322514937	2026-03-24T03:22:38.490Z	B	Heart	0.05711990264	0.4208798824	0.3474735494	0.4110161863	TRUE	0.5465	0.0072	0.5445	0.0041	0.6268	0.3626	0.4703	0.3573	
sess_kyzdclamk	NCNU_User_1774322514937	2026-03-24T03:22:39.526Z	B	Gull_Flap	0.3487548928	1	0.04054783335	0.8229969815	TRUE	0.9031	0.0207	0.3005	-0.0144	0.6611	0.347	0.4952	0.3448	
sess_kyzdclamk	NCNU_User_1774322514937	2026-03-24T03:22:41.813Z	B	Victory	0.4636118112	0.3320098594	0.5506378873	0.405983636	TRUE	0.6175	0.6929	0.2631	0.3283	0.6382	0.3584	0.4676	0.3608	right
sess_kyzdclamk	NCNU_User_1774322514937	2026-03-24T03:22:43.474Z	B	Fireworks_Explosion	0.3157992613	0.1830787184	0.5242174583	0.3187051923	TRUE	0.5538	0.7171	0.3761	0.8331	0.5791	0.3554	0.4156	0.3666	left
sess_kyzdclamk	NCNU_User_1774322514937	2026-03-24T03:22:46.019Z	B	Victory	0.9156449718	0.3604572647	0.3081869543	0.6152287148	TRUE	0.969	0.3072	0.4727	0.8397	0.6635	0.3648	0.4954	0.3472	left
sess_kyzdclamk	NCNU_User_1774322514937	2026-03-24T03:22:48.894Z	B	Heart	0.06702174694	0.1927339068	0.579630626	0.2409782804	TRUE	0.5179	0.0637	0.502	0.0994	0.5943	0.3665	0.4323	0.3754	
sess_kyzdclamk	NCNU_User_1774322514937	2026-03-24T03:22:50.094Z	B	Gull_Flap	0.3195400061	0.4913208763	0.1734207854	0.5657160772	TRUE	0.8204	0.0955	0.2319	0.0692	0.6027	0.3458	0.4371	0.3379	
sess_kyzdclamk	NCNU_User_1774322514937	2026-03-24T03:22:50.930Z	B	Victory	0.5548093932	1	0.4294472133	0.7383958236	TRUE	0.6434	0.8609	0.3387	0.8659	0.6058	0.3722	0.4481	0.3617	right
sess_kyzdclamk	NCNU_User_1774322514937	2026-03-24T03:22:51.336Z	B	Heart	0.1508196273	0.4885911826	0.3870373895	0.4476782935	TRUE	0.5307	0.727	0.5201	0.7787	0.6142	0.3693	0.4474	0.3563	
sess_kyzdclamk	NCNU_User_1774322514937	2026-03-24T03:22:55.610Z	B	Victory	0.4957865647	1	0.3183283365	0.7625317234	TRUE	0.6088	0.6687	0.3785	0.1274	0.6004	0.3551	0.4292	0.3398	right
sess_kyzdclamk	NCNU_User_1774322514937	2026-03-24T03:23:00.287Z	B	Heart	0.0227529674	0.9809049662	0.006476261978	0.7457835366	TRUE	0.6181	0.7862	0.5684	0.7725	0.6697	0.3897	0.5062	0.3565	
sess_kyzdclamk	NCNU_User_1774322514937	2026-03-24T03:23:06.037Z	B	Victory	0.5009884587	0.6620090199	0.356886647	0.6151403962	TRUE	0.6429	0.7083	0.5375	0.3877	0.629	0.3719	0.4668	0.3406	right
sess_kyzdclamk	NCNU_User_1774322514937	2026-03-24T03:23:07.364Z	B	Dance_Continuous	0.8635694086	0.02261711276	0.9848519951	0.230240999	TRUE	0.6625	0.7325	0.3209	-0.0493	0.6749	0.3869	0.5214	0.3071	30s_Interval_AutoLog
sess_kyzdclamk	NCNU_User_1774322514937	2026-03-24T03:23:08.047Z	B	Victory	0.9153591324	0	1	0.2288397831	TRUE	0.6365	0.7321	0.2792	-0.0325	0.6482	0.3804	0.4882	0.3113	right
sess_kyzdclamk	NCNU_User_1774322514937	2026-03-24T03:23:10.096Z	B	Victory	0.5491693393	0.7002576568	0.4008294358	0.627105095	TRUE	0.7407	0.0591	0.442	0.7433	0.5986	0.3301	0.4386	0.3509	left
sess_kyzdclamk	NCNU_User_1774322514937	2026-03-24T03:23:11.947Z	B	Fireworks_Explosion	1	0	0.6071489664	0.3874978617	TRUE	0.7983	-0.0327	0.5191	0.7326	0.6792	0.3495	0.5176	0.369	left
sess_kyzdclamk	NCNU_User_1774322514937	2026-03-24T03:23:12.448Z	B	Victory	0.7533813187	0.5859510204	0.3635049451	0.645499007	TRUE	0.6538	0.3439	0.4954	0.7041	0.6621	0.3533	0.4929	0.3718	left
sess_kyzdclamk	NCNU_User_1774322514937	2026-03-24T03:23:17.820Z	B	Gull_Flap	0.6396420037	0.3640243779	0.3962578531	0.5168300035	TRUE	0.9243	0.2533	0.0925	0.2617	0.6001	0.3573	0.4172	0.3496	
sess_kyzdclamk	NCNU_User_1774322514937	2026-03-24T03:23:18.483Z	B	Victory	0.8031640891	0.02466248808	0.7643106464	0.2931472912	TRUE	0.8565	0.2807	0.0532	0.3227	0.5642	0.3587	0.3841	0.363	left
sess_kyzdclamk	NCNU_User_1774322514937	2026-03-24T03:23:19.173Z	B	Victory	0.589679973	1	0.1225215561	0.8545374486	TRUE	0.65	0.7067	0.4125	0.0727	0.6317	0.3517	0.4668	0.3357	right
sess_kyzdclamk	NCNU_User_1774322514937	2026-03-24T03:23:23.693Z	B	Gull_Flap	0.4947213773	0.6204011194	0.4120860246	0.5776106835	TRUE	0.9504	0.3407	0.2734	0.165	0.6826	0.3581	0.5005	0.3387	
sess_kyzdclamk	NCNU_User_1774322514937	2026-03-24T03:23:26.920Z	B	Gull_Flap	0.3990071187	0.420292318	0.2872310683	0.517337833	TRUE	0.965	0.0942	0.1734	0.044	0.633	0.3376	0.4532	0.3344	
sess_kyzdclamk	NCNU_User_1774322514937	2026-03-24T03:23:28.165Z	B	Gull_Flap	0.7673293652	1	0.1799097754	0.8788639199	TRUE	0.8301	0.043	0.2587	0.0103	0.6349	0.3429	0.4628	0.3333	
sess_kyzdclamk	NCNU_User_1774322514937	2026-03-24T03:23:29.887Z	B	Victory	0.2918627708	0.3990352707	0.1713816839	0.5225962116	TRUE	0.7834	0.0129	0.3218	-0.004	0.6379	0.3422	0.4575	0.3338	left
sess_kyzdclamk	NCNU_User_1774322514937	2026-03-24T03:23:30.481Z	B	Fireworks_Explosion	0.3341370412	0.4231065088	0.2984178952	0.4983306005	TRUE	0.7233	0.1041	0.3508	0.0942	0.6012	0.3447	0.4263	0.3392	right
sess_kyzdclamk	NCNU_User_1774322514937	2026-03-24T03:23:32.398Z	B	Fireworks_Explosion	0.3875022395	0.635932432	0.2260983876	0.622114097	TRUE	0.6069	0.6226	0.2984	0.0355	0.5801	0.3578	0.421	0.3166	right
sess_kyzdclamk	NCNU_User_1774322514937	2026-03-24T03:23:35.122Z	B	Victory	0.6423242819	0.6523731376	0.7382703665	0.5131356972	TRUE	0.6636	0.6214	0.3701	0.1126	0.6165	0.3451	0.4476	0.3389	right
sess_kyzdclamk	NCNU_User_1774322514937	2026-03-24T03:23:37.399Z	B	Dance_Continuous	0.1301527515	0.03227254483	0.726449059	0.1411900351	TRUE	0.5798	0.6073	0.4226	0.5883	0.5827	0.3535	0.4104	0.3654	30s_Interval_AutoLog
sess_kyzdclamk	NCNU_User_1774322514937	2026-03-24T03:23:37.894Z	B	Fireworks_Explosion	0.01793120597	0	1	0.004482801493	TRUE	0.56	0.6312	0.4333	0.6036	0.5679	0.3742	0.3964	0.3743	left
sess_kyzdclamk	NCNU_User_1774322514937	2026-03-24T03:23:42.190Z	B	Fireworks_Explosion	0.1685738743	0.9979401314	0.1368983616	0.7434050946	TRUE	0.5996	0.6613	0.3591	0.6762	0.5891	0.3477	0.4207	0.4045	left
sess_kyzdclamk	NCNU_User_1774322514937	2026-03-24T03:23:45.518Z	B	Heart	0.08084254281	1	0.2604034604	0.6790694246	TRUE	0.5892	0.4783	0.5619	0.5191	0.6343	0.3459	0.4656	0.3401	
sess_kyzdclamk	NCNU_User_1774322514937	2026-03-24T03:23:46.965Z	B	Victory	0.4733536796	0.9680036318	0.2047467151	0.7838785223	TRUE	0.8576	0.1204	0.3969	0.0689	0.6632	0.3653	0.4955	0.3349	right
sess_kyzdclamk	NCNU_User_1774322514937	2026-03-24T03:23:48.691Z	B	Victory	0.5778908697	0.1413133521	0.8360553898	0.2583786718	TRUE	0.9801	0.1363	0.2125	0.0486	0.6665	0.3456	0.4898	0.3346	left
sess_kyzdclamk	NCNU_User_1774322514937	2026-03-24T03:23:50.246Z	B	Victory	0.4159492236	0.6135837166	0.3904671209	0.5627573002	TRUE	0.7477	0.2611	0.5488	0.164	0.6957	0.3406	0.5283	0.3144	right
sess_kyzdclamk	NCNU_User_1774322514937	2026-03-24T03:23:51.027Z	B	Fireworks_Explosion	0	0.4691133719	0.287530593	0.4370096412	TRUE	0.6815	0.6986	0.6354	0.7307	0.736	0.374	0.5629	0.3392	left
sess_kyzdclamk	NCNU_User_1774322514937	2026-03-24T03:23:51.669Z	B	Heart	0	0.4969107305	0.130435031	0.5031120313	TRUE	0.643	0.621	0.629	0.593	0.7073	0.3606	0.5315	0.3341	
sess_kyzdclamk	NCNU_User_1774322514937	2026-03-24T03:23:52.287Z	B	Victory	0.3722080586	0.4773940431	0.2569457129	0.5440786324	TRUE	0.554	0.6984	0.3065	0.0811	0.6023	0.3391	0.433	0.3406	right
sess_kyzdclamk	NCNU_User_1774322514937	2026-03-24T03:23:53.406Z	B	Victory	0.5439382093	1	0.259848463	0.7950375903	TRUE	0.7819	-0.0273	0.4269	0.8284	0.6008	0.3228	0.433	0.3743	left
sess_kyzdclamk	NCNU_User_1774322514937	2026-03-24T03:23:54.955Z	B	Victory	0.2286138952	0.7437619756	0.267714039	0.6109583504	TRUE	0.8948	0.7481	0.3206	0.8479	0.6431	0.3736	0.4759	0.3617	right
sess_kyzdclamk	NCNU_User_1774322514937	2026-03-24T03:23:59.556Z	B	Heart	0.1038686478	0.5752637188	0.154050696	0.5521549059	TRUE	0.6859	0.2037	0.6536	0.2155	0.7089	0.3633	0.5445	0.3406	
sess_kyzdclamk	NCNU_User_1774322514937	2026-03-24T03:24:00.410Z	B	Gull_Flap	0.3623122693	0.3258079291	0.6068707488	0.3584964769	TRUE	0.9058	0.1597	0.2375	0.1304	0.6317	0.351	0.4586	0.3481	
sess_kyzdclamk	NCNU_User_1774322514937	2026-03-24T03:24:01.071Z	B	Fireworks_Explosion	0.6675136831	0.8880193756	0.4344784853	0.7200187012	TRUE	0.8127	0.7452	0.1806	0.7861	0.5758	0.3499	0.4106	0.3764	right
sess_kyzdclamk	NCNU_User_1774322514937	2026-03-24T03:24:02.166Z	B	Heart	0.008345847268	0.6197299973	0	0.5999784607	TRUE	0.62	0.8286	0.5922	0.8567	0.6592	0.3571	0.4902	0.3571	
sess_kyzdclamk	NCNU_User_1774322514937	2026-03-24T03:24:04.876Z	B	Fireworks_Explosion	0.3988440657	0.4358164609	0.4713573411	0.4590625314	TRUE	0.5703	0.6862	0.2535	0.2279	0.5413	0.3136	0.3586	0.356	right
sess_kyzdclamk	NCNU_User_1774322514937	2026-03-24T03:24:05.090Z	B	Victory	0.5253465555	0.5056453907	0.511681493	0.5045062726	TRUE	0.5717	0.6871	0.1208	0.0726	0.5441	0.3231	0.367	0.3502	right
sess_kyzdclamk	NCNU_User_1774322514937	2026-03-24T03:24:06.731Z	B	Victory	0.2950016402	0.7956524137	0.3035231024	0.6357782897	TRUE	0.6908	0.4534	0.4978	0.7776	0.6794	0.4195	0.5129	0.335	left
sess_kyzdclamk	NCNU_User_1774322514937	2026-03-24T03:24:07.458Z	B	Dance_Continuous	0.8187763583	0.6985030774	0.6827285097	0.5951403422	TRUE	1.0015	-0.091	0.5233	0.8264	0.7127	0.341	0.5391	0.3416	30s_Interval_AutoLog
sess_kyzdclamk	NCNU_User_1774322514937	2026-03-24T03:24:09.589Z	B	Victory	0.2748144978	1	0.1571003201	0.7637185124	TRUE	0.8879	0.8427	0.402	0.7701	0.683	0.3902	0.5101	0.3873	left
sess_kyzdclamk	NCNU_User_1774322514937	2026-03-24T03:24:11.432Z	B	Fireworks_Explosion	0.3111201358	0.09204972722	0.8622811122	0.1628015356	TRUE	0.7103	0.3319	0.4108	0.3805	0.6336	0.3681	0.4657	0.3813	right
sess_kyzdclamk	NCNU_User_1774322514937	2026-03-24T03:24:13.353Z	B	Gull_Flap	0.6768193719	0.009957598723	0.7813823755	0.249704051	TRUE	0.9472	0.0128	0.2583	-0.0705	0.669	0.332	0.4873	0.3262	
sess_kyzdclamk	NCNU_User_1774322514937	2026-03-24T03:24:15.155Z	B	Fireworks_Explosion	0	0.3952029124	0.6862482212	0.2678942875	TRUE	0.6065	0.6255	0.5441	0.7057	0.665	0.3453	0.4952	0.3412	left
sess_kyzdclamk	NCNU_User_1774322514937	2026-03-24T03:24:15.938Z	B	Heart	0	0.4107858172	0.1703467315	0.4546929708	TRUE	0.6306	0.6842	0.623	0.737	0.716	0.3639	0.5347	0.3375	
sess_kyzdclamk	NCNU_User_1774322514937	2026-03-24T03:24:19.294Z	B	Fireworks_Explosion	0.8086929179	0.4582037824	0.5717218117	0.5353521083	TRUE	0.9623	0.6704	0.2844	0.6483	0.7048	0.3596	0.5328	0.3378	right
sess_kyzdclamk	NCNU_User_1774322514937	2026-03-24T03:24:21.050Z	B	Heart	0	1	0	0.75	TRUE	0.6256	0.0134	0.6033	0.0371	0.6305	0.332	0.4729	0.3262	
sess_kyzdclamk	NCNU_User_1774322514937	2026-03-24T03:24:21.985Z	B	Victory	0.3804892617	0.8864593304	0.1551513772	0.7454030656	TRUE	0.8717	0.0103	0.2888	-0.1051	0.6375	0.352	0.4686	0.3447	right
sess_kyzdclamk	NCNU_User_1774322514937	2026-03-24T03:24:25.060Z	B	Heart	0.4142598715	0.5033390682	0.236787964	0.5720248078	TRUE	0.558	0.7302	0.5562	0.7303	0.6117	0.5903	0.568	0.5955	
sess_w6uyvtipt	NCNU_User_1774322666379	2026-03-24T03:24:36.780Z	B	Baseline_End	0.354592059	0.02379746294	1	0.09816699993	TRUE	0.5551	0.7147	0.5641	0.7146	0.577	0.6028	0.5266	0.6046	baseline calibrated
sess_w6uyvtipt	NCNU_User_1774322666379	2026-03-24T03:24:37.477Z	B	Dance_Continuous	0.4399230246	0	1	0.1099807561	TRUE	0.5551	0.7149	0.5641	0.7138	0.5769	0.6027	0.5264	0.604	30s_Interval_AutoLog
sess_w6uyvtipt	NCNU_User_1774322666379	2026-03-24T03:24:43.320Z	B	Victory	1	1	0	1	TRUE	0.1364	0.4069	0.0535	0.6758	0.1151	0.4521	0.0547	0.4669	right
sess_w6uyvtipt	NCNU_User_1774322666379	2026-03-24T03:24:43.653Z	B	Fireworks_Explosion	1	1	0	1	TRUE	0.1517	0.3976	0.0521	0.677	0.1287	0.4598	0.0656	0.4662	left
sess_w6uyvtipt	NCNU_User_1774322666379	2026-03-24T03:24:44.122Z	B	Victory	1	1	0	1	TRUE	0.1798	0.3753	0.0509	0.6778	0.1391	0.4629	0.0753	0.462	left
sess_w6uyvtipt	NCNU_User_1774322666379	2026-03-24T03:24:47.089Z	B	Heart	1	1	0	1	TRUE	0.0557	0.6622	0.0106	0.6253	0.101	0.488	0.037	0.4626	
sess_w6uyvtipt	NCNU_User_1774322666379	2026-03-24T03:24:47.422Z	B	Victory	1	1	0	1	TRUE	0.0371	0.5429	0.0418	0.5147	0.0829	0.481	0.0176	0.4634	right
sess_w6uyvtipt	NCNU_User_1774322666379	2026-03-24T03:24:49.692Z	B	Heart	1	1	0	1	TRUE	0.8442	0.5132	0.8097	0.5111	0.854	0.5532	0.8013	0.5514	
sess_w6uyvtipt	NCNU_User_1774322666379	2026-03-24T03:24:53.898Z	B	Victory	1	1	0	1	TRUE	0.6628	0.2328	0.1518	0.43	0.6683	0.2758	0.4844	0.3333	right
sess_xcn1awcit	NCNU_User_1774322694769	2026-03-24T03:24:57.488Z	B	Victory	0.5	0.5	0.5	0.5	FALSE	0.6825	0.8138	0.4442	0.753	0.7079	0.2947	0.537	0.3552	left
sess_xcn1awcit	NCNU_User_1774322694769	2026-03-24T03:24:58.016Z	B	Victory	0.5	0.5	0.5	0.5	FALSE	1.0094	0.1604	0.864	0.3234	0.7491	0.2791	0.5672	0.2939	right
sess_xcn1awcit	NCNU_User_1774322694769	2026-03-24T03:24:59.976Z	B	Victory	0.5	0.5	0.5	0.5	FALSE	0.6283	0.8017	0.2934	0.12	0.4957	0.249	0.36	0.3589	left
sess_xcn1awcit	NCNU_User_1774322694769	2026-03-24T03:25:02.586Z	B	Victory	0.5	0.5	0.5	0.5	FALSE	0.5449	0.2052	0.5169	0.8525	0.7794	0.2466	0.5961	0.2531	left
sess_xcn1awcit	NCNU_User_1774322694769	2026-03-24T03:25:04.008Z	B	Fireworks_Explosion	0.5	0.5	0.5	0.5	FALSE	1.0024	0.1159	0.6465	0.8332	0.7556	0.3284	0.6114	0.2216	left
sess_xcn1awcit	NCNU_User_1774322694769	2026-03-24T03:25:05.357Z	B	Baseline_End	0.4960939565	0.8619461791	0.1813827142	0.7553180108	TRUE	0.8721	0.3771	0.7094	0.3617	0.6716	0.3056	0.5018	0.2897	baseline calibrated
sess_xcn1awcit	NCNU_User_1774322694769	2026-03-24T03:25:05.678Z	B	Heart	0.2574498201	0.7443574181	0.2330405343	0.6305412353	TRUE	0.5943	0.2048	0.6039	0.1566	0.612	0.2807	0.4535	0.2911	
sess_xcn1awcit	NCNU_User_1774322694769	2026-03-24T03:25:07.241Z	B	Victory	0.1830726396	0.827567264	0	0.7267950655	TRUE	0.3463	0.3159	0.2316	0.477	0.4868	0.2674	0.337	0.3553	left
sess_xcn1awcit	NCNU_User_1774322694769	2026-03-24T03:25:07.490Z	B	Dance_Continuous	0.1622826246	0.7074443171	0	0.673548383	TRUE	0.3053	0.4544	0.1623	0.4022	0.4968	0.259	0.3507	0.3425	30s_Interval_AutoLog
sess_xcn1awcit	NCNU_User_1774322694769	2026-03-24T03:25:12.819Z	B	Victory	0.7902652281	0.3774057617	0.6721969656	0.4632596738	TRUE	0.8655	0.7468	0.6638	0.3885	0.6946	0.2835	0.5155	0.3168	right
sess_xcn1awcit	NCNU_User_1774322694769	2026-03-24T03:25:14.479Z	B	Victory	0.2166240426	0.3732826155	0	0.5534690568	TRUE	0.7291	-0.0324	0.4973	0.0774	0.4413	0.2238	0.2394	0.2646	left
sess_xcn1awcit	NCNU_User_1774322694769	2026-03-24T03:25:15.614Z	B	Victory	0.2634150553	0.9331713925	0.2712476453	0.694185645	TRUE	0.3809	0.1268	0.1635	0.0673	0.6915	0.2223	0.5025	0.2511	right
sess_xcn1awcit	NCNU_User_1774322694769	2026-03-24T03:25:16.595Z	B	Victory	0.1124878591	1	0.04794415165	0.7613415117	TRUE	0.1932	0.2983	0.1933	0.2961	0.584	0.2548	0.4851	0.308	left
sess_xcn1awcit	NCNU_User_1774322694769	2026-03-24T03:25:18.449Z	B	Victory	0.3441863515	0.4233566977	0.8164529904	0.3196307203	TRUE	0.3703	0.0237	0.3696	0.0254	0.6099	0.2192	0.5319	0.2543	right
sess_xcn1awcit	NCNU_User_1774322694769	2026-03-24T03:25:18.865Z	B	Heart	0.2458523548	0.173100118	0.9531783378	0.1470907177	TRUE	0.3818	0.0176	0.4188	0.0436	0.6143	0.2186	0.5312	0.2471	
sess_xcn1awcit	NCNU_User_1774322694769	2026-03-24T03:25:19.204Z	B	Heart	0.1340202511	0.2465563668	0.5554892231	0.2877063814	TRUE	0.3817	0.0128	0.3777	0.0122	0.6174	0.2187	0.5262	0.2567	
sess_xcn1awcit	NCNU_User_1774322694769	2026-03-24T03:25:19.959Z	B	Heart	0.1527228347	0.3144379773	0.6642058829	0.2814838406	TRUE	0.425	0.0965	0.4028	0.0182	0.6215	0.222	0.5189	0.2586	
sess_xcn1awcit	NCNU_User_1774322694769	2026-03-24T03:25:20.625Z	B	Victory	0.2279140064	0.483785068	0	0.6004925288	TRUE	0.6243	0.1471	0.2973	0.0487	0.73	0.2531	0.5458	0.2761	right
sess_xcn1awcit	NCNU_User_1774322694769	2026-03-24T03:25:29.153Z	B	Victory	0.1717763133	0.2864961484	0.9845636368	0.1629452648	TRUE	1.063	0.7491	0.8546	0.5901	0.8161	0.1926	0.552	0.2659	right
sess_xcn1awcit	NCNU_User_1774322694769	2026-03-24T03:25:31.927Z	B	Victory	0.1561954209	0.4678902776	0.5164434237	0.395449768	TRUE	0.4906	0.857	0.2848	0.8432	0.7646	0.1945	0.5331	0.2704	left
sess_kl0whoupn	NCNU_User_1774322735850	2026-03-24T03:25:37.952Z	B	Heart	0.5	0.5	0.5	0.5	FALSE	0.0912	0.4803	0.1023	0.4912	0.0965	0.4595	0.0367	0.4355	
sess_kl0whoupn	NCNU_User_1774322735850	2026-03-24T03:25:40.782Z	B	Victory	0.5	0.5	0.5	0.5	FALSE	0.2716	0.4767	0.2578	0.3342	0.2159	0.4141	0.1342	0.3831	right
sess_kl0whoupn	NCNU_User_1774322735850	2026-03-24T03:25:44.087Z	B	Heart	0.5	0.5	0.5	0.5	FALSE	0.6724	0.5919	0.6649	0.6455	0.6736	0.5582	0.6279	0.5642	
sess_kl0whoupn	NCNU_User_1774322735850	2026-03-24T03:25:47.132Z	B	Victory	0.5	0.5	0.5	0.5	FALSE	0.6695	0.649	0.6688	0.6479	0.6707	0.5611	0.6272	0.5739	left
sess_kl0whoupn	NCNU_User_1774322735850	2026-03-24T03:25:47.756Z	B	Fireworks_Explosion	0.5	0.5	0.5	0.5	FALSE	0.6523	0.6181	0.6632	0.6456	0.6732	0.5587	0.6263	0.572	right
sess_kl0whoupn	NCNU_User_1774322735850	2026-03-24T03:25:48.894Z	B	Fireworks_Explosion	0.08966536467	0.1283462004	1	0.07375482133	TRUE	0.6683	0.6419	0.6669	0.6481	0.675	0.5638	0.6258	0.5744	right
sess_kl0whoupn	NCNU_User_1774322735850	2026-03-24T03:25:49.891Z	B	Victory	0.0780730669	0.07493558055	1	0.04949249894	TRUE	0.6622	0.6496	0.6655	0.6457	0.674	0.5652	0.6256	0.5757	right
sess_kl0whoupn	NCNU_User_1774322735850	2026-03-24T03:25:54.619Z	B	Heart	0.5617669372	0.9691821438	0.4133943784	0.7334265594	TRUE	0.5545	0.9338	0.5225	0.9812	0.6959	0.6892	0.6045	0.677	
sess_kl0whoupn	NCNU_User_1774322735850	2026-03-24T03:25:59.460Z	B	Heart	0.5025984006	0.7718704678	0.3055658009	0.677449757	TRUE	0.2863	0.6738	0.2634	0.7039	0.2805	0.5914	0.2283	0.5818	
sess_kl0whoupn	NCNU_User_1774322735850	2026-03-24T03:26:06.473Z	B	Heart	0.2376246023	0.608417325	0.2321563224	0.5715183677	TRUE	0.9445	0.6484	0.9312	0.7383	0.9931	0.6483	0.9171	0.6119	
sess_kl0whoupn	NCNU_User_1774322735850	2026-03-24T03:26:17.879Z	B	Dance_Continuous	1	0.7471183089	0.9746749307	0.5577110978	TRUE	0.6052	0.3321	0.4313	0.8392	0.5514	0.2797	0.4171	0.2609	30s_Interval_AutoLog
sess_kl0whoupn	NCNU_User_1774322735850	2026-03-24T03:26:21.412Z	B	Victory	0.3430656469	0.4248195663	0.8824047139	0.2968525884	TRUE	0.5493	0.7954	0.3599	0.797	0.527	0.2785	0.3838	0.2834	right
sess_pwb7danj0	NCNU_User_1774322781950	2026-03-24T03:26:24.775Z	B	Victory	0.5	0.5	0.5	0.5	FALSE	0.3651	0.3264	0.3568	0.2772	0.4004	0.2857	0.2666	0.2959	right
sess_pwb7danj0	NCNU_User_1774322781950	2026-03-24T03:26:30.997Z	B	Heart	0.5	0.5	0.5	0.5	FALSE	0.4062	0.4771	0.4086	0.5087	0.4428	0.291	0.3131	0.3015	
sess_pwb7danj0	NCNU_User_1774322781950	2026-03-24T03:26:32.097Z	B	Heart	0.5	0.5	0.5	0.5	FALSE	0.4125	0.5189	0.4212	0.5431	0.4462	0.2913	0.3158	0.3015	
sess_pwb7danj0	NCNU_User_1774322781950	2026-03-24T03:26:33.408Z	B	Victory	0.9385233231	0.5751453111	0.193052467	0.7471205918	TRUE	0.5311	0.1728	0.2534	0.1736	0.4243	0.2866	0.3001	0.2887	right
sess_pwb7danj0	NCNU_User_1774322781950	2026-03-24T03:26:37.515Z	B	Heart	0	0.3429876033	0.3670031697	0.3587439319	TRUE	0.4225	0.5635	0.3786	0.6031	0.4321	0.2949	0.2879	0.2998	
sess_pwb7danj0	NCNU_User_1774322781950	2026-03-24T03:26:38.491Z	B	Heart	0	0.4469849592	0.2757376513	0.4322858057	TRUE	0.4723	0.5862	0.4225	0.6092	0.4687	0.2983	0.3397	0.2944	
sess_pwb7danj0	NCNU_User_1774322781950	2026-03-24T03:26:39.664Z	B	Fireworks_Explosion	0	0.3146868033	0.5863901031	0.2706381852	TRUE	0.4803	0.5702	0.4284	0.5932	0.487	0.2942	0.3545	0.3059	left
sess_pwb7danj0	NCNU_User_1774322781950	2026-03-24T03:26:47.922Z	B	Dance_Continuous	0.4869424108	1	0	0.8717356027	TRUE	0.5692	0.7171	0.4465	0.6765	0.5426	0.3077	0.4199	0.3165	30s_Interval_AutoLog
sess_pwb7danj0	NCNU_User_1774322781950	2026-03-24T03:26:48.246Z	B	Heart	0	1	0	0.75	TRUE	0.5887	0.6422	0.5838	0.6307	0.5549	0.3079	0.4394	0.3124	
sess_pwb7danj0	NCNU_User_1774322781950	2026-03-24T03:26:49.433Z	B	Heart	0.2413095924	0.9575238026	0.0265247391	0.7840532604	TRUE	0.634	0.6515	0.6174	0.6815	0.5948	0.3235	0.4832	0.2948	
sess_pwb7danj0	NCNU_User_1774322781950	2026-03-24T03:26:49.928Z	B	Victory	0.3759245641	0.7966922904	0.1154526901	0.7222496157	TRUE	0.6658	0.7198	0.4269	0.6774	0.593	0.327	0.4755	0.3062	left
sess_pwb7danj0	NCNU_User_1774322781950	2026-03-24T03:26:50.806Z	B	Heart	0.1003329268	0.8452606495	0	0.7131874915	TRUE	0.6568	0.6397	0.6448	0.6865	0.6279	0.3272	0.509	0.2968	
sess_pwb7danj0	NCNU_User_1774322781950	2026-03-24T03:26:57.083Z	B	Heart	0.9074289659	0.7650446798	0.3487992571	0.7607953734	TRUE	0.9312	0.9922	0.9309	0.9915	0.7884	0.2576	0.8018	0.2168	
sess_pwb7danj0	NCNU_User_1774322781950	2026-03-24T03:27:02.961Z	B	Victory	0.1838766643	0.9023551084	0.3003439375	0.6517908313	TRUE	0.6887	0.712	0.593	0.623	0.5893	0.3111	0.4657	0.2911	left
sess_pwb7danj0	NCNU_User_1774322781950	2026-03-24T03:27:03.229Z	B	Heart	0	0.9636609823	0.3235133613	0.6222347165	TRUE	0.6369	0.6625	0.6072	0.5801	0.5866	0.2944	0.4598	0.2895	
sess_pwb7danj0	NCNU_User_1774322781950	2026-03-24T03:27:04.180Z	B	Heart	0	1	0	0.75	TRUE	0.6371	0.624	0.6211	0.5724	0.5825	0.2983	0.4506	0.2905	
sess_pwb7danj0	NCNU_User_1774322781950	2026-03-24T03:27:05.082Z	B	Heart	0	0.8700710059	0	0.6980284024	TRUE	0.6037	0.6881	0.5772	0.6408	0.5722	0.2939	0.4377	0.287	
sess_pwb7danj0	NCNU_User_1774322781950	2026-03-24T03:27:06.294Z	B	Heart	0	0.7720964416	0.03813384263	0.6454917317	TRUE	0.6323	0.6185	0.5966	0.5944	0.5834	0.2978	0.4531	0.2822	
sess_pwb7danj0	NCNU_User_1774322781950	2026-03-24T03:27:09.412Z	B	Heart	0	0.6696846524	0.1453556515	0.5669993829	TRUE	0.6055	0.6843	0.613	0.6376	0.5852	0.2978	0.4581	0.2857	
sess_pwb7danj0	NCNU_User_1774322781950	2026-03-24T03:27:10.598Z	B	Heart	0	0.9942297717	0.04435792755	0.7321666341	TRUE	0.6541	0.5282	0.6192	0.6081	0.582	0.2753	0.4582	0.2779	
sess_pwb7danj0	NCNU_User_1774322781950	2026-03-24T03:27:11.489Z	B	Heart	0	1	0.05220252351	0.7317291168	TRUE	0.6015	0.2675	0.5914	0.2436	0.5917	0.2648	0.4484	0.2706	
sess_pwb7danj0	NCNU_User_1774322781950	2026-03-24T03:27:11.960Z	B	Gull_Flap	0.7996521965	1	0.0476371721	0.9332400389	TRUE	0.8097	0.2338	0.3043	0.1692	0.6044	0.2679	0.4666	0.2594	
sess_pwb7danj0	NCNU_User_1774322781950	2026-03-24T03:27:12.712Z	B	Heart	0.4004759828	1	0.09960626913	0.8152568015	TRUE	0.5809	0.7048	0.5819	0.7072	0.5815	0.2869	0.4496	0.2832	
sess_pwb7danj0	NCNU_User_1774322781950	2026-03-24T03:27:14.642Z	B	Victory	1	1	0	1	TRUE	0.6253	0.7177	0.4952	0.731	0.5567	0.2907	0.4283	0.2832	left
sess_pwb7danj0	NCNU_User_1774322781950	2026-03-24T03:27:15.041Z	B	Heart	0.2072642734	1	0	0.8018160683	TRUE	0.5465	0.6157	0.5557	0.6278	0.5562	0.2972	0.4229	0.2842	
sess_pwb7danj0	NCNU_User_1774322781950	2026-03-24T03:27:17.176Z	B	Fireworks_Explosion	0.1267507417	0.977791778	0.02230908194	0.7649962179	TRUE	0.5588	0.5566	0.5135	0.613	0.594	0.2748	0.4583	0.2735	left
sess_pwb7danj0	NCNU_User_1774322781950	2026-03-24T03:27:17.576Z	B	Victory	0	1	0	0.75	TRUE	0.6125	0.453	0.6415	0.4907	0.5788	0.2614	0.4463	0.2716	left
sess_pwb7danj0	NCNU_User_1774322781950	2026-03-24T03:27:17.941Z	B	Dance_Continuous	0	0.9792870557	0.0711406565	0.7168155925	TRUE	0.5727	0.5592	0.5118	0.7001	0.6146	0.3	0.4821	0.2869	30s_Interval_AutoLog
sess_pwb7danj0	NCNU_User_1774322781950	2026-03-24T03:27:18.556Z	B	Heart	0	0.9756642481	0.2217711177	0.662645808	TRUE	0.6695	0.5364	0.6504	0.5012	0.5967	0.2667	0.4653	0.2794	
sess_pwb7danj0	NCNU_User_1774322781950	2026-03-24T03:27:19.558Z	B	Heart	0	1	0	0.75	TRUE	0.6549	0.6577	0.6648	0.6162	0.6113	0.2782	0.4819	0.2739	
sess_pwb7danj0	NCNU_User_1774322781950	2026-03-24T03:27:21.201Z	B	Heart	0	0.8054633364	0.1352458577	0.6248492844	TRUE	0.6375	0.5803	0.6049	0.6521	0.6515	0.2713	0.5199	0.2704	
sess_pwb7danj0	NCNU_User_1774322781950	2026-03-24T03:27:22.829Z	B	Heart	0	1	0.03637471636	0.7372688493	TRUE	0.7127	0.6188	0.6842	0.5345	0.6358	0.2711	0.515	0.267	
sess_pwb7danj0	NCNU_User_1774322781950	2026-03-24T03:27:23.859Z	B	Heart	0	0.9986270685	0	0.7494508274	TRUE	0.7212	0.6569	0.7079	0.5756	0.6474	0.263	0.5206	0.266	
sess_pwb7danj0	NCNU_User_1774322781950	2026-03-24T03:27:24.969Z	B	Heart	0	0.9522426971	0	0.7308970788	TRUE	0.717	0.6606	0.7035	0.5889	0.6517	0.2594	0.5235	0.2657	
sess_pwb7danj0	NCNU_User_1774322781950	2026-03-24T03:27:26.146Z	B	Heart	0	1	0	0.75	TRUE	0.7147	0.6611	0.6948	0.5939	0.6472	0.2612	0.5243	0.2647	
sess_pwb7danj0	NCNU_User_1774322781950	2026-03-24T03:27:26.956Z	B	Heart	0	0.7210836353	0.2308170062	0.5576475019	TRUE	0.6918	0.652	0.6954	0.6274	0.6628	0.2764	0.5352	0.2666	
sess_pwb7danj0	NCNU_User_1774322781950	2026-03-24T03:27:28.259Z	B	Heart	0	1	0	0.75	TRUE	0.7306	0.6081	0.7068	0.641	0.6584	0.2745	0.5373	0.2738	
sess_pwb7danj0	NCNU_User_1774322781950	2026-03-24T03:27:29.279Z	B	Heart	0	0.9984618305	0.1476235509	0.6977164894	TRUE	0.7247	0.6062	0.6825	0.6059	0.6548	0.2725	0.5264	0.2706	
sess_pwb7danj0	NCNU_User_1774322781950	2026-03-24T03:27:31.149Z	B	Heart	0.2893794405	1	0	0.8223448601	TRUE	0.7156	0.4936	0.7071	0.5127	0.6683	0.2768	0.5462	0.2673	
sess_pwb7danj0	NCNU_User_1774322781950	2026-03-24T03:27:31.968Z	B	Victory	1	1	0.121201211	0.9575795761	TRUE	0.8818	0.2278	0.4184	0.1536	0.6666	0.2509	0.5231	0.2476	right
sess_pwb7danj0	NCNU_User_1774322781950	2026-03-24T03:27:32.704Z	B	Heart	0.3665593994	0.8209418596	0.02754816757	0.7603747351	TRUE	0.6944	0.6373	0.6805	0.625	0.6705	0.2716	0.5421	0.2578	
sess_pwb7danj0	NCNU_User_1774322781950	2026-03-24T03:27:35.760Z	B	Heart	0.08880529272	1	0	0.7722013232	TRUE	0.7287	0.6322	0.6946	0.5954	0.6802	0.2675	0.5566	0.2658	
sess_pwb7danj0	NCNU_User_1774322781950	2026-03-24T03:27:36.497Z	B	Heart	0	0.9649466143	0	0.7359786457	TRUE	0.7151	0.6787	0.7244	0.6648	0.6809	0.2693	0.5477	0.2669	
sess_pwb7danj0	NCNU_User_1774322781950	2026-03-24T03:27:37.573Z	B	Heart	0	1	0	0.75	TRUE	0.7081	0.6671	0.7391	0.5912	0.6855	0.2701	0.559	0.2645	
sess_pwb7danj0	NCNU_User_1774322781950	2026-03-24T03:27:38.624Z	B	Heart	0	1	0	0.75	TRUE	0.7356	0.63	0.7389	0.5735	0.6811	0.2691	0.5584	0.2663	
sess_pwb7danj0	NCNU_User_1774322781950	2026-03-24T03:27:39.701Z	B	Heart	0	0.7223123087	0.2676667821	0.5452415497	TRUE	0.7158	0.6855	0.7016	0.671	0.6896	0.2639	0.5655	0.2701	
sess_pwb7danj0	NCNU_User_1774322781950	2026-03-24T03:27:40.598Z	B	Heart	0	0.7670442436	0.06164190478	0.6352430308	TRUE	0.7262	0.6833	0.7352	0.653	0.6919	0.2764	0.5697	0.2654	
sess_pwb7danj0	NCNU_User_1774322781950	2026-03-24T03:27:41.810Z	B	Heart	0	1	0.009345017927	0.7467292437	TRUE	0.7488	0.5852	0.748	0.5906	0.6874	0.2659	0.561	0.2654	
sess_pwb7danj0	NCNU_User_1774322781950	2026-03-24T03:27:43.561Z	B	Victory	1	1	0.06194652406	0.9783187166	TRUE	0.8078	0.6543	0.6643	0.6647	0.724	0.2766	0.5922	0.2567	right
sess_pwb7danj0	NCNU_User_1774322781950	2026-03-24T03:27:43.835Z	B	Heart	0.4434647707	1	0	0.8608661927	TRUE	0.7252	0.6067	0.6986	0.6396	0.7058	0.2743	0.5811	0.2569	
sess_pwb7danj0	NCNU_User_1774322781950	2026-03-24T03:27:44.369Z	B	Heart	0.03103556008	1	0	0.75775889	TRUE	0.7205	0.6123	0.7342	0.5221	0.6832	0.2565	0.5551	0.255	
sess_pwb7danj0	NCNU_User_1774322781950	2026-03-24T03:27:45.814Z	B	Fireworks_Explosion	0.368065954	0.492118973	0.1390297497	0.5902036653	TRUE	0.7942	0.3224	0.5724	0.241	0.7217	0.2653	0.5626	0.2593	right
sess_pwb7danj0	NCNU_User_1774322781950	2026-03-24T03:27:46.100Z	B	Victory	0.2658010283	0.788445827	0.176975025	0.6698873291	TRUE	0.8096	0.1489	0.686	0.1452	0.7139	0.2669	0.5636	0.2487	left
sess_pwb7danj0	NCNU_User_1774322781950	2026-03-24T03:27:47.944Z	B	Dance_Continuous	0.001195780285	1	0.04381229354	0.7349646423	TRUE	0.7092	0.5641	0.6966	0.5706	0.6706	0.2791	0.5446	0.2716	30s_Interval_AutoLog
sess_pwb7danj0	NCNU_User_1774322781950	2026-03-24T03:27:51.611Z	B	Victory	0.5847696178	0.8186174583	0.332218509	0.7073629096	TRUE	0.7918	0.6326	0.5967	0.6021	0.6884	0.2818	0.5547	0.2657	left
sess_pwb7danj0	NCNU_User_1774322781950	2026-03-24T03:27:59.755Z	B	Heart	0	0.9158914802	0.128146851	0.6715051942	TRUE	0.8023	0.4205	0.761	0.3912	0.7549	0.2545	0.607	0.245	
sess_pwb7danj0	NCNU_User_1774322781950	2026-03-24T03:28:01.357Z	B	Victory	0.3456859065	1	0.1345864416	0.789316222	TRUE	0.742	0.6813	0.5553	0.8642	0.7335	0.2588	0.5841	0.2427	right
sess_pwb7danj0	NCNU_User_1774322781950	2026-03-24T03:28:03.916Z	B	Heart	0.02306522662	1	0	0.7557663067	TRUE	0.7977	0.6204	0.7967	0.6189	0.7422	0.264	0.6043	0.2443	
sess_pwb7danj0	NCNU_User_1774322781950	2026-03-24T03:28:05.072Z	B	Heart	0	0.9854598901	0	0.744183956	TRUE	0.7758	0.61	0.7959	0.6469	0.747	0.2606	0.6024	0.2451	
sess_pwb7danj0	NCNU_User_1774322781950	2026-03-24T03:28:06.208Z	B	Heart	0.06358787174	1	0	0.7658969679	TRUE	0.8054	0.6229	0.8063	0.6197	0.7591	0.267	0.6218	0.2376	
sess_pwb7danj0	NCNU_User_1774322781950	2026-03-24T03:28:07.285Z	B	Heart	0.06221810655	1	0	0.7655545266	TRUE	0.8029	0.6577	0.812	0.5958	0.7556	0.255	0.6113	0.2386	
sess_pwb7danj0	NCNU_User_1774322781950	2026-03-24T03:28:08.517Z	B	Heart	0	1	0	0.75	TRUE	0.8494	0.701	0.8452	0.6715	0.7752	0.2457	0.6379	0.2337	
sess_pwb7danj0	NCNU_User_1774322781950	2026-03-24T03:28:10.407Z	B	Heart	0.03667948259	0.8490831248	0	0.6988031206	TRUE	0.7926	0.6791	0.8021	0.6366	0.7521	0.2611	0.6106	0.25	
sess_pwb7danj0	NCNU_User_1774322781950	2026-03-24T03:28:13.823Z	B	Heart	0.1747568621	0.95220077	0	0.7745695235	TRUE	0.8128	0.6885	0.8174	0.5942	0.7751	0.2529	0.6335	0.2359	
sess_pwb7danj0	NCNU_User_1774322781950	2026-03-24T03:28:14.780Z	B	Heart	0.08839030861	0.7777639641	0.087737493	0.6524950402	TRUE	0.827	0.7065	0.8461	0.6224	0.7851	0.2417	0.6413	0.2391	
sess_pwb7danj0	NCNU_User_1774322781950	2026-03-24T03:28:15.858Z	B	Heart	0.04765390462	1	0	0.7619134762	TRUE	0.8281	0.6286	0.8494	0.6662	0.7892	0.2505	0.6433	0.2409	
sess_pwb7danj0	NCNU_User_1774322781950	2026-03-24T03:28:17.951Z	B	Dance_Continuous	1	1	0.261309064	0.9085418276	TRUE	0.8882	0.6778	0.7561	0.0274	0.7988	0.2166	0.7129	0.1841	30s_Interval_AutoLog
sess_pwb7danj0	NCNU_User_1774322781950	2026-03-24T03:28:20.521Z	B	Heart	0.2727970238	1	0.006641968754	0.8158745669	TRUE	0.8615	0.5384	0.8259	0.5542	0.8332	0.241	0.6722	0.2411	
sess_pwb7danj0	NCNU_User_1774322781950	2026-03-24T03:28:21.268Z	B	Heart	0	1	0	0.75	TRUE	0.8693	0.6789	0.8801	0.5884	0.8438	0.249	0.6946	0.2353	
sess_pwb7danj0	NCNU_User_1774322781950	2026-03-24T03:28:22.373Z	B	Victory	0.0340379604	0.9996170883	0	0.7583563254	TRUE	0.8998	0.6881	0.9289	0.5581	0.8553	0.2348	0.7047	0.2369	left
sess_pwb7danj0	NCNU_User_1774322781950	2026-03-24T03:28:23.485Z	B	Heart	0	1	0	0.75	TRUE	0.8863	0.578	0.9011	0.6217	0.8549	0.232	0.7073	0.2281	
sess_pwb7danj0	NCNU_User_1774322781950	2026-03-24T03:28:24.392Z	B	Heart	0.1841964866	0.9889109655	0	0.7916135079	TRUE	0.9416	0.7054	0.9451	0.6424	0.879	0.2246	0.7213	0.227	
sess_pwb7danj0	NCNU_User_1774322781950	2026-03-24T03:28:25.506Z	B	Heart	0.0103607664	1	0	0.7525901916	TRUE	0.9384	0.6036	0.9545	0.6076	0.8845	0.2288	0.7369	0.217	
sess_pwb7danj0	NCNU_User_1774322781950	2026-03-24T03:28:26.553Z	B	Heart	0	1	0	0.75	TRUE	0.944	0.706	0.9683	0.6101	0.8835	0.2289	0.7321	0.2177	
sess_pwb7danj0	NCNU_User_1774322781950	2026-03-24T03:28:27.709Z	B	Victory	0.03884355033	1	0.05014277902	0.7421609149	TRUE	0.9304	0.6801	0.9566	0.6028	0.8846	0.2272	0.7274	0.2315	left
sess_pwb7danj0	NCNU_User_1774322781950	2026-03-24T03:28:28.635Z	B	Heart	0	1	0	0.75	TRUE	0.9409	0.6011	0.9359	0.5911	0.8854	0.2323	0.74	0.229	
sess_pwb7danj0	NCNU_User_1774322781950	2026-03-24T03:28:29.900Z	B	Heart	0	1	0	0.75	TRUE	0.9863	0.6428	1.0042	0.5892	0.893	0.2357	0.7512	0.2286	
sess_pwb7danj0	NCNU_User_1774322781950	2026-03-24T03:28:31.112Z	B	Heart	0.2455788861	0.8885380899	0	0.7668099575	TRUE	0.2849	0.636	0.2541	0.6688	0.2981	0.5222	0.2522	0.5304	
sess_pwb7danj0	NCNU_User_1774322781950	2026-03-24T03:28:39.067Z	B	Fireworks_Explosion	1	0.415984566	0.2896088085	0.6650307434	TRUE	0.7825	0.2084	0.708	0.4948	0.8451	0.2898	0.769	0.295	right
sess_pwb7danj0	NCNU_User_1774322781950	2026-03-24T03:28:40.443Z	B	Fireworks_Explosion	1	0.4896051992	0.3105180467	0.6871607633	TRUE	0.5271	0.4987	0.5376	0.4998	0.4709	0.4048	0.4866	0.4158	left
sess_pwb7danj0	NCNU_User_1774322781950	2026-03-24T03:28:44.970Z	B	Fireworks_Explosion	0.4639192542	0.9676049346	0	0.8530217874	TRUE	0.7447	0.3713	0.7443	0.3422	0.8467	0.2856	0.7641	0.2696	right
sess_pwb7danj0	NCNU_User_1774322781950	2026-03-24T03:28:48.010Z	B	Dance_Continuous	0	0.7958811719	0	0.6683524688	TRUE	0.8091	0.2895	0.8776	0.3115	0.9131	0.2594	0.8484	0.2521	30s_Interval_AutoLog
sess_pwb7danj0	NCNU_User_1774322781950	2026-03-24T03:28:55.662Z	B	Heart	0.4148402188	0.554681471	0.2526507102	0.5871548945	TRUE	0.6918	0.4664	0.6902	0.4125	0.7952	0.2751	0.7221	0.2623	
sess_pwb7danj0	NCNU_User_1774322781950	2026-03-24T03:29:02.135Z	B	Heart	0.2233369282	0.7653915846	0.3089810283	0.603847506	TRUE	0.5417	0.4602	0.5591	0.3778	0.6009	0.2975	0.5429	0.2845	
sess_pwb7danj0	NCNU_User_1774322781950	2026-03-24T03:29:02.953Z	B	Victory	0.6524746988	0.6736746619	0.1716379417	0.7225152599	TRUE	0.566	0.3005	0.4538	0.4909	0.5655	0.0669	0.4519	0.0633	right
sess_pwb7danj0	NCNU_User_1774322781950	2026-03-24T03:29:14.017Z	B	Heart	0.3706920703	0.3906471791	0.5671411626	0.4004324823	TRUE	0.6048	0.4994	0.5889	0.4622	0.5655	0.3463	0.4737	0.3398	
sess_pwb7danj0	NCNU_User_1774322781950	2026-03-24T03:29:14.356Z	B	Fireworks_Explosion	0.2471184767	0.9181295666	0.2588669496	0.6884280134	TRUE	0.5996	0.5067	0.5883	0.7017	0.573	0.3455	0.4916	0.3418	right
sess_pwb7danj0	NCNU_User_1774322781950	2026-03-24T03:29:15.569Z	B	Fireworks_Explosion	0.00339058101	1	0.1602518666	0.6947594919	TRUE	0.5806	0.5352	0.5442	0.7024	0.5559	0.3355	0.4572	0.3428	right
sess_pwb7danj0	NCNU_User_1774322781950	2026-03-24T03:29:17.530Z	B	Heart	0.2987592718	1	0	0.8246898179	TRUE	0.6263	0.691	0.5809	0.7388	0.5829	0.3503	0.5035	0.3499	
sess_pwb7danj0	NCNU_User_1774322781950	2026-03-24T03:29:18.013Z	B	Dance_Continuous	0.4472759058	0.7190449966	0.2628608742	0.6574356691	TRUE	0.6149	0.6913	0.545	0.7682	0.5679	0.3461	0.4901	0.3462	30s_Interval_AutoLog
sess_pwb7danj0	NCNU_User_1774322781950	2026-03-24T03:29:19.286Z	B	Heart	0.2783974003	0.8040453971	0.1086822814	0.7031787105	TRUE	0.5866	0.6322	0.5819	0.6763	0.5383	0.3825	0.4579	0.3952	
sess_pwb7danj0	NCNU_User_1774322781950	2026-03-24T03:29:20.936Z	B	Victory	0	1	0.22260532	0.672088138	TRUE	0.571	0.3718	0.5737	0.3758	0.5628	0.3724	0.4815	0.3717	left
sess_pwb7danj0	NCNU_User_1774322781950	2026-03-24T03:29:24.022Z	B	Heart	0.5875181791	0.8888906976	0	0.8524358238	TRUE	0.6097	0.7103	0.5618	0.6988	0.6041	0.626	0.5607	0.6226	
sess_pwb7danj0	NCNU_User_1774322781950	2026-03-24T03:29:28.104Z	B	Victory	0.4658904735	1	0.05717002889	0.8464631083	TRUE	0.5752	0.284	0.3965	0.2705	0.5727	0.356	0.4147	0.351	right
sess_8dwcc7nw5	NCNU_User_1774322968271	2026-03-24T03:29:28.861Z	B	Victory	0.5	0.5	0.5	0.5	FALSE	0.6096	0.2349	0.4201	0.1194	0.5686	0.3642	0.4232	0.3314	left
sess_8dwcc7nw5	NCNU_User_1774322968271	2026-03-24T03:29:36.244Z	B	Fireworks_Explosion	0.5	0.5	0.5	0.5	FALSE	0.5321	0.5752	0.4859	0.5742	0.578	0.3642	0.4197	0.3445	left
sess_8dwcc7nw5	NCNU_User_1774322968271	2026-03-24T03:29:37.163Z	B	Fireworks_Explosion	0.5	0.5	0.5	0.5	FALSE	0.8263	0.7176	0.1791	0.7257	0.5752	0.3631	0.4243	0.3408	left
sess_8dwcc7nw5	NCNU_User_1774322968271	2026-03-24T03:29:38.474Z	B	Fireworks_Explosion	0.5	0.5	0.5	0.5	FALSE	0.7513	0.1623	0.2673	0.1765	0.5779	0.3583	0.4238	0.3396	left
sess_8dwcc7nw5	NCNU_User_1774322968271	2026-03-24T03:29:39.070Z	B	Heart	0.5	0.5	0.5	0.5	FALSE	0.5091	0.2273	0.5135	0.2197	0.5781	0.3296	0.4295	0.3189	
sess_8dwcc7nw5	NCNU_User_1774322968271	2026-03-24T03:29:39.451Z	B	Fireworks_Explosion	0	0.723758017	0.4135644184	0.4947556604	TRUE	0.5445	0.1072	0.493	0.1214	0.5789	0.3421	0.4271	0.3217	left
sess_8dwcc7nw5	NCNU_User_1774322968271	2026-03-24T03:29:40.429Z	B	Heart	0.1282019665	0.3810016354	0	0.5344511458	TRUE	0.5127	0.137	0.5124	0.1348	0.5815	0.3487	0.4265	0.3267	
sess_8dwcc7nw5	NCNU_User_1774322968271	2026-03-24T03:29:41.139Z	B	Fireworks_Explosion	0.2376730486	1	0.06716928821	0.7859090113	TRUE	0.5969	-0.0267	0.4082	0.1225	0.5799	0.3392	0.4284	0.3289	left
sess_8dwcc7nw5	NCNU_User_1774322968271	2026-03-24T03:29:42.542Z	B	Fireworks_Explosion	0.4854490609	1	0.09085408255	0.8395633363	TRUE	0.5707	0.2695	0.3922	0.0989	0.5739	0.3434	0.4276	0.3179	right
sess_8dwcc7nw5	NCNU_User_1774322968271	2026-03-24T03:29:43.999Z	B	Fireworks_Explosion	0.402250269	0.2918992365	0.880497534	0.259148125	TRUE	0.6176	0.1046	0.4166	0.3572	0.5698	0.359	0.4177	0.3459	left
sess_8dwcc7nw5	NCNU_User_1774322968271	2026-03-24T03:29:47.303Z	B	Fireworks_Explosion	0.4863546929	1	0.2149771079	0.7963466855	TRUE	0.5958	-0.0384	0.3946	0.0357	0.5761	0.3391	0.4261	0.3177	left
sess_8dwcc7nw5	NCNU_User_1774322968271	2026-03-24T03:29:48.041Z	B	Dance_Continuous	0.6230303314	0.3351257487	0.340854417	0.5205088364	TRUE	0.6615	-0.0476	0.381	-0.1014	0.5797	0.3113	0.4387	0.3084	30s_Interval_AutoLog
sess_8dwcc7nw5	NCNU_User_1774322968271	2026-03-24T03:29:49.398Z	B	Fireworks_Explosion	0.9760078494	0.4201698676	0.7187580792	0.5105045816	TRUE	0.7251	0.2885	0.2484	0.3275	0.578	0.355	0.4195	0.3446	left
sess_8dwcc7nw5	NCNU_User_1774322968271	2026-03-24T03:29:50.244Z	B	Heart	0.542697157	1	0	0.8856742892	TRUE	0.528	0.2796	0.495	0.2585	0.5762	0.3266	0.4207	0.3197	
sess_8dwcc7nw5	NCNU_User_1774322968271	2026-03-24T03:29:50.634Z	B	Gull_Flap	0.7346450962	1	0	0.9336612741	TRUE	0.8231	0.0694	0.2197	0.0132	0.5808	0.3426	0.4241	0.3309	
sess_8dwcc7nw5	NCNU_User_1774322968271	2026-03-24T03:29:52.186Z	B	Gull_Flap	0.8638213803	1	0	0.9659553451	TRUE	0.7689	0.0767	0.2185	0.0414	0.5867	0.3385	0.4262	0.3242	
sess_8dwcc7nw5	NCNU_User_1774322968271	2026-03-24T03:29:53.169Z	B	Heart	0.2698991152	0.9078362705	0	0.780609287	TRUE	0.5176	-0.0105	0.4748	-0.0272	0.5789	0.3083	0.4213	0.2986	
sess_8dwcc7nw5	NCNU_User_1774322968271	2026-03-24T03:29:55.230Z	B	Gull_Flap	1	1	0	1	TRUE	0.8124	0.0441	0.2019	0.044	0.5789	0.3201	0.4236	0.3168	
sess_8dwcc7nw5	NCNU_User_1774322968271	2026-03-24T03:29:56.491Z	B	Victory	1	1	0.1598652177	0.9440471738	TRUE	0.8817	0.1603	0.1604	0.056	0.5797	0.3389	0.427	0.3234	right
sess_8dwcc7nw5	NCNU_User_1774322968271	2026-03-24T03:29:58.446Z	B	Gull_Flap	1	0.2331192902	0.5883056242	0.4873407476	TRUE	0.8202	0.0558	0.2369	0.1012	0.5816	0.3121	0.4247	0.3	
sess_8dwcc7nw5	NCNU_User_1774322968271	2026-03-24T03:29:59.721Z	B	Gull_Flap	1	0.6574632519	0.2340311376	0.7810744026	TRUE	0.8519	0.1708	0.1576	0.1658	0.5797	0.3417	0.4267	0.3208	
sess_8dwcc7nw5	NCNU_User_1774322968271	2026-03-24T03:30:00.420Z	B	Fireworks_Explosion	0.895985045	1	0.4761489252	0.8073441374	TRUE	0.6202	-0.0174	0.3788	-0.0351	0.5767	0.3354	0.4215	0.3322	right
sess_8dwcc7nw5	NCNU_User_1774322968271	2026-03-24T03:30:02.129Z	B	Fireworks_Explosion	0.6731864968	0.985907788	0	0.9126597394	TRUE	0.7142	0.0079	0.4228	0.3008	0.5794	0.3397	0.4291	0.3418	left
sess_78e1t0qqz	NCNU_User_1774323002335	2026-03-24T03:30:03.664Z	B	Fireworks_Explosion	0.5	0.5	0.5	0.5	FALSE	0.5751	0.4385	0.3612	0.0301	0.5776	0.3577	0.4318	0.3143	right
sess_78e1t0qqz	NCNU_User_1774323002335	2026-03-24T03:30:05.486Z	B	Fireworks_Explosion	0.5	0.5	0.5	0.5	FALSE	0.5843	0.5476	0.3725	0.0756	0.573	0.3549	0.4327	0.3086	right
sess_78e1t0qqz	NCNU_User_1774323002335	2026-03-24T03:30:06.229Z	B	Victory	0.5	0.5	0.5	0.5	FALSE	0.549	0.4559	0.385	0.0506	0.5677	0.3552	0.43	0.3011	right
sess_78e1t0qqz	NCNU_User_1774323002335	2026-03-24T03:30:08.305Z	B	Victory	0.5	0.5	0.5	0.5	FALSE	0.5788	0.5561	0.3902	-0.0171	0.5673	0.3585	0.4303	0.3055	right
sess_78e1t0qqz	NCNU_User_1774323002335	2026-03-24T03:30:09.181Z	B	Victory	0.5	0.5	0.5	0.5	FALSE	0.6279	0.0311	0.4569	0.526	0.5727	0.3466	0.4216	0.3475	left
sess_78e1t0qqz	NCNU_User_1774323002335	2026-03-24T03:30:11.495Z	B	Heart	0.5	0.5	0.5	0.5	FALSE	0.5154	0.1915	0.4794	0.2108	0.5713	0.345	0.4181	0.334	
sess_78e1t0qqz	NCNU_User_1774323002335	2026-03-24T03:30:12.199Z	B	Victory	0.5	0.5	0.5	0.5	FALSE	0.5165	0.2379	0.4962	0.2603	0.5724	0.3369	0.4252	0.3243	left
sess_78e1t0qqz	NCNU_User_1774323002335	2026-03-24T03:30:12.524Z	B	Victory	0.5	0.5	0.5	0.5	FALSE	0.5208	0.2071	0.5004	0.2975	0.5703	0.3402	0.425	0.3195	right
sess_78e1t0qqz	NCNU_User_1774323002335	2026-03-24T03:30:12.933Z	B	Gull_Flap	0.5	0.5	0.5	0.5	FALSE	0.7589	0.2201	0.2534	0.2194	0.5738	0.3668	0.4236	0.3498	
sess_78e1t0qqz	NCNU_User_1774323002335	2026-03-24T03:30:14.439Z	B	Heart	0.5	0.5	0.5	0.5	FALSE	0.5226	0.2255	0.5197	0.2056	0.5784	0.3258	0.4272	0.3155	
sess_78e1t0qqz	NCNU_User_1774323002335	2026-03-24T03:30:14.941Z	B	Baseline_End	0	0.2610193146	0.633559618	0.2326618596	TRUE	0.657	0.0689	0.4084	0.0462	0.5799	0.3276	0.426	0.3123	baseline calibrated
sess_78e1t0qqz	NCNU_User_1774323002335	2026-03-24T03:30:15.196Z	B	Victory	0.2907728002	0.5488540696	0.5466820358	0.4508961154	TRUE	0.8326	0.043	0.1988	-0.0077	0.5813	0.3238	0.4262	0.3142	left
sess_78e1t0qqz	NCNU_User_1774323002335	2026-03-24T03:30:16.344Z	B	Gull_Flap	0.7512402647	0.4109595117	1	0.3521938708	TRUE	0.7635	0.0697	0.2468	0.0672	0.5862	0.3145	0.4303	0.3033	
sess_78e1t0qqz	NCNU_User_1774323002335	2026-03-24T03:30:17.199Z	B	Victory	0.7685805073	0.4056407899	0.6427400877	0.4794424121	TRUE	0.5928	0.8349	0.3463	0.8678	0.582	0.3569	0.426	0.3411	right
sess_78e1t0qqz	NCNU_User_1774323002335	2026-03-24T03:30:18.060Z	B	Dance_Continuous	0.7206504987	0.592423507	0.5668840661	0.5687226043	TRUE	0.6328	-0.0066	0.3567	0.0693	0.5809	0.3189	0.4245	0.3058	30s_Interval_AutoLog
sess_78e1t0qqz	NCNU_User_1774323002335	2026-03-24T03:30:18.467Z	B	Gull_Flap	0.53844866	1	0.1213468296	0.8421407746	TRUE	0.8287	0.0887	0.2243	-0.004	0.5785	0.3307	0.4234	0.3086	
sess_78e1t0qqz	NCNU_User_1774323002335	2026-03-24T03:30:20.730Z	B	Gull_Flap	0.6196173589	1	0	0.9049043397	TRUE	0.8807	0.1451	0.186	0.018	0.5877	0.3333	0.4258	0.3175	
sess_78e1t0qqz	NCNU_User_1774323002335	2026-03-24T03:30:22.303Z	B	Heart	0.254957861	0.6026743178	0.2548229225	0.5656211695	TRUE	0.5536	0.0769	0.5292	0.0167	0.5643	0.3091	0.4455	0.3147	
sess_78e1t0qqz	NCNU_User_1774323002335	2026-03-24T03:30:22.978Z	B	Victory	0.2280050589	0.566774069	0.09457227652	0.6006105955	TRUE	0.7746	-0.0014	0.2575	-0.0077	0.5848	0.3352	0.4275	0.3266	right
sess_78e1t0qqz	NCNU_User_1774323002335	2026-03-24T03:30:25.281Z	B	Gull_Flap	0.404658401	0.2662934571	0.4269493548	0.4082497089	TRUE	0.8597	0.023	0.2325	0.0734	0.5891	0.2862	0.4287	0.2804	
sess_78e1t0qqz	NCNU_User_1774323002335	2026-03-24T03:30:26.664Z	B	Gull_Flap	0.7545873085	0.6306379395	0.4566563447	0.6310722823	TRUE	0.7912	0.0973	0.1565	0.09	0.5985	0.3021	0.4396	0.2904	
sess_78e1t0qqz	NCNU_User_1774323002335	2026-03-24T03:30:27.285Z	B	Victory	0.6194636278	0.9032940278	0.3291111751	0.7509946068	TRUE	0.7533	0.8118	0.2511	0.8182	0.5939	0.3574	0.4394	0.3378	right
sess_78e1t0qqz	NCNU_User_1774323002335	2026-03-24T03:30:28.373Z	B	Gull_Flap	0.7949546152	0.144074074	0.4296489212	0.455991161	TRUE	0.9188	0.2512	0.1173	0.1632	0.5959	0.319	0.4317	0.301	
sess_78e1t0qqz	NCNU_User_1774323002335	2026-03-24T03:30:34.378Z	B	Fireworks_Explosion	0.1047785501	0.9435398121	0	0.7536105623	TRUE	0.601	0.0268	0.4206	0.0107	0.5901	0.3301	0.4309	0.3204	left
sess_78e1t0qqz	NCNU_User_1774323002335	2026-03-24T03:30:39.241Z	B	Fireworks_Explosion	0.1350658235	0.2742609031	0.8520818426	0.1952421722	TRUE	0.639	0.1009	0.3856	0.0681	0.5845	0.3545	0.431	0.3262	left
sess_78e1t0qqz	NCNU_User_1774323002335	2026-03-24T03:30:41.857Z	B	Fireworks_Explosion	0.0828237672	0.4139267864	0.8029836254	0.2552323875	TRUE	0.6761	0.0386	0.3688	-0.0184	0.5853	0.3499	0.4343	0.3234	left
sess_78e1t0qqz	NCNU_User_1774323002335	2026-03-24T03:30:44.561Z	B	Fireworks_Explosion	0.1622576475	0	1	0.04056441187	TRUE	0.6528	0.005	0.3723	-0.0199	0.5839	0.3455	0.4324	0.3276	left
sess_78e1t0qqz	NCNU_User_1774323002335	2026-03-24T03:30:45.393Z	B	Fireworks_Explosion	0.3527989686	0.1180460521	0.4123512635	0.3410952208	TRUE	0.6588	-0.05	0.3562	0.0458	0.5775	0.3184	0.4397	0.3168	left
sess_78e1t0qqz	NCNU_User_1774323002335	2026-03-24T03:30:46.093Z	B	Gull_Flap	0.5117871112	0.6926539634	0.034955699	0.7427738685	TRUE	0.8376	0.2576	0.1738	0.2982	0.5845	0.3601	0.4261	0.3384	
sess_78e1t0qqz	NCNU_User_1774323002335	2026-03-24T03:30:47.591Z	B	Gull_Flap	0.9237680078	1	0.08668174198	0.9506033922	TRUE	0.8604	0.1265	0.2112	0.1243	0.5789	0.324	0.4221	0.3123	
sess_78e1t0qqz	NCNU_User_1774323002335	2026-03-24T03:30:48.091Z	B	Dance_Continuous	0.7895304939	0.3956611303	0.7434727826	0.4454316017	TRUE	0.6901	0.8923	0.2928	0.8568	0.5806	0.3624	0.4306	0.3465	30s_Interval_AutoLog
sess_78e1t0qqz	NCNU_User_1774323002335	2026-03-24T03:30:49.191Z	B	Gull_Flap	0.4190807369	0.1559178494	0.4734193862	0.3514405388	TRUE	0.7701	0.0443	0.2591	0.0207	0.5874	0.2991	0.4335	0.2941	
sess_78e1t0qqz	NCNU_User_1774323002335	2026-03-24T03:30:50.692Z	B	Heart	0.3617733246	1	0.08759810054	0.809783996	TRUE	0.5345	0.0774	0.5736	0.0307	0.5852	0.3058	0.439	0.3001	
sess_78e1t0qqz	NCNU_User_1774323002335	2026-03-24T03:30:51.293Z	B	Gull_Flap	0.3256611165	0.4015461527	0.3873989279	0.4564441154	TRUE	0.7819	0.0445	0.2525	0.0404	0.5874	0.3087	0.4309	0.3037	
sess_78e1t0qqz	NCNU_User_1774323002335	2026-03-24T03:30:53.617Z	B	Heart	0.00810569353	0.199987668	1	0.08202149059	TRUE	0.5162	0.1059	0.4997	0.0934	0.5824	0.3183	0.4277	0.3202	
sess_78e1t0qqz	NCNU_User_1774323002335	2026-03-24T03:30:55.269Z	B	Gull_Flap	0.134273436	0.4399752567	0.6660231091	0.3264503735	TRUE	0.8604	0.1878	0.2022	0.1369	0.5886	0.3536	0.4301	0.3296	
sess_78e1t0qqz	NCNU_User_1774323002335	2026-03-24T03:30:57.420Z	B	Gull_Flap	0.494971037	0.616483406	0.05050875302	0.7026580581	TRUE	0.8765	0.1671	0.1799	0.0622	0.5863	0.3222	0.432	0.3075	
sess_78e1t0qqz	NCNU_User_1774323002335	2026-03-24T03:30:59.084Z	B	Gull_Flap	0.6462863984	0.4173473454	0.3514971386	0.5554865392	TRUE	0.8965	0.1275	0.1402	0.2023	0.5937	0.3227	0.4351	0.3143	
sess_78e1t0qqz	NCNU_User_1774323002335	2026-03-24T03:31:00.150Z	B	Victory	0.8798049294	0.742716386	1	0.5170377868	TRUE	0.8914	0.268	0.1323	0.2325	0.5976	0.3271	0.433	0.318	left
sess_78e1t0qqz	NCNU_User_1774323002335	2026-03-24T03:31:00.755Z	B	Gull_Flap	0.7334979745	1	0.2994537881	0.8285656678	TRUE	0.8631	0.1448	0.1606	0.0895	0.5923	0.327	0.4348	0.3132	
sess_78e1t0qqz	NCNU_User_1774323002335	2026-03-24T03:31:02.193Z	B	Gull_Flap	0.8206010939	0.6445318546	0.1461827733	0.7617990447	TRUE	0.8861	0.127	0.135	0.1001	0.5911	0.3237	0.4292	0.3104	
sess_78e1t0qqz	NCNU_User_1774323002335	2026-03-24T03:31:10.561Z	B	Victory	0.5527432235	0.9268792683	0.07565661416	0.8324576982	TRUE	0.4676	0.1857	0.5232	0.2106	0.5818	0.3281	0.4434	0.3152	right
sess_78e1t0qqz	NCNU_User_1774323002335	2026-03-24T03:31:11.431Z	B	Gull_Flap	0.4328803397	1	0	0.8582200849	TRUE	0.8384	0.0391	0.1959	0.0172	0.5862	0.3306	0.4296	0.325	
sess_78e1t0qqz	NCNU_User_1774323002335	2026-03-24T03:31:12.889Z	B	Victory	0.4359880915	1	0	0.8589970229	TRUE	0.4293	0.1717	0.5908	0.193	0.5762	0.3125	0.4394	0.3056	right
sess_78e1t0qqz	NCNU_User_1774323002335	2026-03-24T03:31:13.483Z	B	Gull_Flap	0.3854425614	1	0	0.8463606403	TRUE	0.8382	-0.0194	0.2103	-0.0158	0.5839	0.3242	0.4254	0.3186	
sess_78e1t0qqz	NCNU_User_1774323002335	2026-03-24T03:31:15.405Z	B	Gull_Flap	0.8145114351	0.604840396	0.5104654975	0.6169010931	TRUE	0.8249	0.0776	0.1358	0.1706	0.5846	0.3346	0.4277	0.3128	
sess_78e1t0qqz	NCNU_User_1774323002335	2026-03-24T03:31:17.537Z	B	Gull_Flap	0.5912609727	0.4536551225	0.3773710697	0.5471974178	TRUE	0.8815	0.1903	0.1542	0.1178	0.5883	0.3283	0.432	0.3129	
sess_78e1t0qqz	NCNU_User_1774323002335	2026-03-24T03:31:18.128Z	B	Dance_Continuous	0.5375831515	0.3532491686	0.3361993896	0.508025669	TRUE	0.734	0.8476	0.2602	0.8424	0.5847	0.3477	0.4319	0.3348	30s_Interval_AutoLog
sess_78e1t0qqz	NCNU_User_1774323002335	2026-03-24T03:31:19.076Z	B	Gull_Flap	0.8329029842	0.870709024	0.2707342363	0.811752373	TRUE	0.8847	0.1378	0.1372	0.1063	0.59	0.3246	0.4281	0.3084	
sess_78e1t0qqz	NCNU_User_1774323002335	2026-03-24T03:31:20.625Z	B	Victory	1	0.5972571352	0.7582891236	0.5735016608	TRUE	0.8091	0.1246	0.1143	0.2257	0.5852	0.3486	0.424	0.3328	right
sess_78e1t0qqz	NCNU_User_1774323002335	2026-03-24T03:31:20.887Z	B	Victory	0.982701486	0.3637426225	1	0.3911724205	TRUE	0.638	0.1677	0.2472	0.1296	0.5859	0.3426	0.4294	0.3252	left
sess_78e1t0qqz	NCNU_User_1774323002335	2026-03-24T03:31:21.640Z	B	Heart	0.01226558569	0.01113517054	1	0.007520464637	TRUE	0.5055	0.2141	0.4894	0.2012	0.578	0.3463	0.4232	0.3326	
sess_78e1t0qqz	NCNU_User_1774323002335	2026-03-24T03:31:23.386Z	B	Gull_Flap	0.1535495633	0.2089796323	0.7453204687	0.2111170797	TRUE	0.7861	0.0831	0.2204	0.091	0.583	0.3478	0.4226	0.3249	
sess_78e1t0qqz	NCNU_User_1774323002335	2026-03-24T03:31:25.320Z	B	Heart	0.01149605723	0.4761734377	1	0.1933433894	TRUE	0.5096	0.2097	0.4962	0.2061	0.5805	0.3334	0.423	0.3184	
sess_78e1t0qqz	NCNU_User_1774323002335	2026-03-24T03:31:26.395Z	B	Victory	0	0	1	0	TRUE	0.5281	0.2473	0.4957	0.2736	0.5767	0.3294	0.4278	0.3177	right
sess_78e1t0qqz	NCNU_User_1774323002335	2026-03-24T03:31:26.832Z	B	Victory	0	0.3177361066	0.8957791262	0.1635717485	TRUE	0.7352	-0.0209	0.3025	0.0431	0.5847	0.3416	0.4213	0.3204	left
sess_78e1t0qqz	NCNU_User_1774323002335	2026-03-24T03:31:29.008Z	B	Heart	0.1204851154	0.7261530435	0.4712855123	0.505632567	TRUE	0.5127	0.2235	0.4927	0.1944	0.5767	0.3316	0.4238	0.3214	
sess_78e1t0qqz	NCNU_User_1774323002335	2026-03-24T03:31:29.292Z	B	Victory	0	0.5642544294	0.8015973913	0.2951426848	TRUE	0.5108	0.3375	0.5018	0.3406	0.5718	0.3335	0.4257	0.3197	right
sess_78e1t0qqz	NCNU_User_1774323002335	2026-03-24T03:31:30.654Z	B	Fireworks_Explosion	0.270517641	0.04060940265	0.9377559612	0.1056585849	TRUE	0.5215	0.4374	0.4118	0.0574	0.5743	0.356	0.433	0.3088	right
sess_78e1t0qqz	NCNU_User_1774323002335	2026-03-24T03:31:32.289Z	B	Fireworks_Explosion	0.1518159593	0.1508428648	1	0.09829113575	TRUE	0.5487	0.4186	0.4094	0.143	0.584	0.3505	0.4365	0.3265	right
sess_78e1t0qqz	NCNU_User_1774323002335	2026-03-24T03:31:34.685Z	B	Fireworks_Explosion	0.1730496706	0.2950904595	1	0.1612986015	TRUE	0.5461	0.4279	0.4221	0.0669	0.5783	0.3516	0.4343	0.3071	right
sess_78e1t0qqz	NCNU_User_1774323002335	2026-03-24T03:31:37.524Z	B	Fireworks_Explosion	0.3162493796	0.3788316969	1	0.2305950237	TRUE	0.5448	0.4201	0.4472	-0.0301	0.5796	0.3506	0.4411	0.3106	right
sess_78e1t0qqz	NCNU_User_1774323002335	2026-03-24T03:31:41.158Z	B	Heart	0	0.1777749432	1	0.07110997729	TRUE	0.5276	0.1535	0.502	0.1465	0.5825	0.3412	0.4289	0.3223	
sess_78e1t0qqz	NCNU_User_1774323002335	2026-03-24T03:31:42.491Z	B	Fireworks_Explosion	0	0.6016773441	0.6205897099	0.3734645392	TRUE	0.5953	0.5075	0.4625	0.4307	0.5845	0.3412	0.4359	0.3312	right
sess_78e1t0qqz	NCNU_User_1774323002335	2026-03-24T03:31:44.447Z	B	Heart	0.01836185551	0.3906738232	0.8415571675	0.2163149845	TRUE	0.5258	0.1741	0.5069	0.1524	0.5808	0.3463	0.432	0.3254	
sess_78e1t0qqz	NCNU_User_1774323002335	2026-03-24T03:31:46.450Z	B	Fireworks_Explosion	0.1417354517	0.3561890134	0.7473870899	0.2663239869	TRUE	0.5904	0.1118	0.4661	0.4982	0.5769	0.3363	0.4271	0.341	left
sess_78e1t0qqz	NCNU_User_1774323002335	2026-03-24T03:31:48.184Z	B	Dance_Continuous	0.4743693304	0.1572058384	0.8064602031	0.2492135969	TRUE	0.6068	0.3009	0.4678	0.5362	0.5776	0.3476	0.4228	0.3437	30s_Interval_AutoLog
sess_78e1t0qqz	NCNU_User_1774323002335	2026-03-24T03:31:50.189Z	B	Fireworks_Explosion	0.9095155925	0.3143571146	0.09495028088	0.6698891456	TRUE	0.6172	-0.0777	0.4542	0.5394	0.5686	0.3047	0.4219	0.3487	left
sess_78e1t0qqz	NCNU_User_1774323002335	2026-03-24T03:31:51.681Z	B	Fireworks_Explosion	0.4452181222	0.4467706579	0.639854352	0.4160637705	TRUE	0.8076	0.1258	0.2483	0.1219	0.5793	0.327	0.4311	0.3232	left
sess_78e1t0qqz	NCNU_User_1774323002335	2026-03-24T03:31:53.797Z	B	Gull_Flap	0.6581103075	0.4045829249	0.1656352379	0.6183884136	TRUE	0.8714	0.1017	0.1683	0.0846	0.589	0.3054	0.4313	0.3018	
sess_78e1t0qqz	NCNU_User_1774323002335	2026-03-24T03:31:55.383Z	B	Heart	0.2600679978	0.8525527363	0.190176533	0.6894763074	TRUE	0.5194	0.1429	0.476	0.1515	0.5908	0.3031	0.4387	0.302	
sess_78e1t0qqz	NCNU_User_1774323002335	2026-03-24T03:31:55.849Z	B	Gull_Flap	0.469647989	1	0	0.8674119973	TRUE	0.8115	0.0573	0.2124	0.086	0.5882	0.3016	0.4303	0.3025	
sess_78e1t0qqz	NCNU_User_1774323002335	2026-03-24T03:31:56.528Z	B	Victory	1	1	0.451794114	0.8418720601	TRUE	0.8872	0.1382	0.1442	0.1806	0.5953	0.3196	0.4356	0.3117	left
sess_78e1t0qqz	NCNU_User_1774323002335	2026-03-24T03:31:56.925Z	B	Gull_Flap	0.874254045	0.7785991288	0.395903974	0.7414367718	TRUE	0.7951	0.0889	0.2263	0.1633	0.5922	0.3078	0.4362	0.3015	
sess_78e1t0qqz	NCNU_User_1774323002335	2026-03-24T03:31:58.149Z	B	Gull_Flap	0.944657879	0.6962764084	0.3626169585	0.7377590976	TRUE	0.8971	0.1942	0.1238	0.2294	0.5919	0.3142	0.432	0.3053	
sess_78e1t0qqz	NCNU_User_1774323002335	2026-03-24T03:31:59.652Z	B	Gull_Flap	0.809265892	0.7626922424	0.1034350318	0.8211911088	TRUE	0.8569	0.0109	0.16	0.0312	0.5906	0.3086	0.4357	0.2934	
sess_78e1t0qqz	NCNU_User_1774323002335	2026-03-24T03:32:02.320Z	B	Heart	0.001805034301	0.3323999097	1	0.1334112225	TRUE	0.5197	0.142	0.4912	0.1373	0.5782	0.3383	0.4304	0.3254	
sess_78e1t0qqz	NCNU_User_1774323002335	2026-03-24T03:32:03.185Z	B	Victory	0	0	0.8776759268	0.04281342563	TRUE	0.5336	0.2039	0.4884	0.1889	0.5826	0.3376	0.4377	0.3294	left
sess_78e1t0qqz	NCNU_User_1774323002335	2026-03-24T03:32:04.653Z	B	Fireworks_Explosion	0.7055450971	0.2993086311	0.4540892857	0.4871784767	TRUE	0.6386	-0.0982	0.4706	0.512	0.5756	0.3123	0.4287	0.3408	left
sess_78e1t0qqz	NCNU_User_1774323002335	2026-03-24T03:32:13.425Z	B	Fireworks_Explosion	0.6384331201	0.4563116785	0.4779175432	0.5248618113	TRUE	0.8479	0.4778	0.1762	0.5691	0.5823	0.3528	0.4327	0.3394	left
sess_78e1t0qqz	NCNU_User_1774323002335	2026-03-24T03:32:14.050Z	B	Victory	1	0.5691092667	0.8701682964	0.523084803	TRUE	0.8293	0.271	0.1813	0.235	0.5837	0.3478	0.4347	0.3273	right
sess_78e1t0qqz	NCNU_User_1774323002335	2026-03-24T03:32:15.621Z	B	Gull_Flap	0.8189893144	0.8450763855	0.3514426209	0.7697729655	TRUE	0.795	0.013	0.2129	-0.0105	0.585	0.3242	0.4296	0.3077	
sess_78e1t0qqz	NCNU_User_1774323002335	2026-03-24T03:32:17.290Z	B	Gull_Flap	0.774290691	0.07263175905	0.5641318796	0.3751792185	TRUE	0.8823	0.1918	0.2167	0.1819	0.5846	0.3192	0.4278	0.3078	
sess_78e1t0qqz	NCNU_User_1774323002335	2026-03-24T03:32:18.191Z	B	Dance_Continuous	0.4514137931	0.4434447055	0.2394609192	0.5564200087	TRUE	0.8405	0.681	0.2409	0.6076	0.5814	0.3483	0.4294	0.3342	30s_Interval_AutoLog
sess_78e1t0qqz	NCNU_User_1774323002335	2026-03-24T03:32:18.664Z	B	Victory	0.9192974459	0.464518491	0.5661030215	0.5674957003	TRUE	0.8681	0.1849	0.1502	0.1498	0.5872	0.3256	0.4306	0.3138	left
sess_78e1t0qqz	NCNU_User_1774323002335	2026-03-24T03:32:20.349Z	B	Gull_Flap	1	0.371524026	0.4649069249	0.5858921867	TRUE	0.8861	0.22	0.1248	0.2074	0.5897	0.3228	0.4316	0.3146	
sess_78e1t0qqz	NCNU_User_1774323002335	2026-03-24T03:32:21.692Z	B	Gull_Flap	0.9651964503	0.9464623939	0.1509553352	0.9170497028	TRUE	0.8934	0.1467	0.1149	0.1644	0.5871	0.3132	0.4275	0.307	
sess_78e1t0qqz	NCNU_User_1774323002335	2026-03-24T03:32:22.948Z	B	Gull_Flap	0.898166423	0.8935880831	0.1778461096	0.8697307007	TRUE	0.7612	0.0518	0.1443	0.0594	0.5866	0.3012	0.4296	0.2958	
sess_78e1t0qqz	NCNU_User_1774323002335	2026-03-24T03:32:24.470Z	B	Fireworks_Explosion	1	0.8547444503	0.2210613591	0.8645263044	TRUE	0.5959	-0.0699	0.3523	0.759	0.58	0.3151	0.4272	0.3388	left
sess_78e1t0qqz	NCNU_User_1774323002335	2026-03-24T03:32:32.977Z	B	Fireworks_Explosion	0.8565994921	0.2769196175	0.6285104752	0.4549390537	TRUE	0.5842	0.134	0.4133	0.6802	0.578	0.3448	0.4317	0.3291	left
sess_78e1t0qqz	NCNU_User_1774323002335	2026-03-24T03:32:35.450Z	B	Fireworks_Explosion	0.7543761975	0.190243886	1	0.2646916038	TRUE	0.5853	0.123	0.416	0.6721	0.5785	0.3471	0.4338	0.3313	left
sess_78e1t0qqz	NCNU_User_1774323002335	2026-03-24T03:32:38.217Z	B	Fireworks_Explosion	0.8046899783	0.2021068248	0.9874937649	0.2863924068	TRUE	0.5988	0.0753	0.4086	0.6694	0.5748	0.3446	0.4293	0.331	left
sess_78e1t0qqz	NCNU_User_1774323002335	2026-03-24T03:32:42.640Z	B	Fireworks_Explosion	0.3975261097	0.2788913284	0.6532259582	0.3323089734	TRUE	0.5809	0.4138	0.1981	0.1236	0.5812	0.3578	0.4346	0.3179	right
sess_78e1t0qqz	NCNU_User_1774323002335	2026-03-24T03:32:42.972Z	B	Fireworks_Explosion	0.6859205975	0.8825443906	0.2291291733	0.7943026949	TRUE	0.8748	0.4381	0.154	0.4952	0.5833	0.357	0.4295	0.3231	left
sess_78e1t0qqz	NCNU_User_1774323002335	2026-03-24T03:32:44.502Z	B	Victory	0.207819884	0.8327946432	0	0.7350728283	TRUE	0.4996	0.1269	0.5105	0.0942	0.581	0.3278	0.4347	0.315	right
sess_78e1t0qqz	NCNU_User_1774323002335	2026-03-24T03:32:45.160Z	B	Fireworks_Explosion	0.3251197348	0.3343415941	0.04211014068	0.5502780221	TRUE	0.8161	0.0705	0.1993	0.0594	0.5848	0.3418	0.4281	0.3276	right
sess_78e1t0qqz	NCNU_User_1774323002335	2026-03-24T03:32:46.922Z	B	Gull_Flap	0.620903579	1	0.006906078857	0.9028087671	TRUE	0.7831	0.0985	0.1882	0.0215	0.5822	0.3206	0.427	0.3124	
sess_78e1t0qqz	NCNU_User_1774323002335	2026-03-24T03:32:48.242Z	B	Dance_Continuous	0.6550519921	0.2560397523	0.4623504264	0.4543562497	TRUE	0.6357	0.0299	0.3604	-0.0202	0.5874	0.3109	0.4361	0.2923	30s_Interval_AutoLog
sess_78e1t0qqz	NCNU_User_1774323002335	2026-03-24T03:32:48.569Z	B	Gull_Flap	0.7518237416	0.07903419519	0.4752328386	0.40323812	TRUE	0.8853	0.1599	0.1435	0.1838	0.5908	0.3204	0.4377	0.3034	
sess_78e1t0qqz	NCNU_User_1774323002335	2026-03-24T03:32:49.811Z	B	Gull_Flap	0.7429564122	0.5930381724	0.3794151634	0.6401590648	TRUE	0.8613	0.0752	0.2537	0.0554	0.592	0.3184	0.4364	0.2981	
sess_78e1t0qqz	NCNU_User_1774323002335	2026-03-24T03:32:51.013Z	B	Gull_Flap	0.8603787839	0.143072376	0.7578854071	0.3570637539	TRUE	0.899	0.1575	0.1409	0.1718	0.5952	0.3164	0.4386	0.3051	
sess_78e1t0qqz	NCNU_User_1774323002335	2026-03-24T03:32:52.478Z	B	Gull_Flap	0.6959472716	0.2522466595	0.3213554298	0.5124110813	TRUE	0.9041	0.2175	0.1508	0.2902	0.5935	0.3066	0.4361	0.3034	
sess_78e1t0qqz	NCNU_User_1774323002335	2026-03-24T03:32:53.757Z	B	Gull_Flap	0.6256107784	0.259305626	0.4515348519	0.4520877468	TRUE	0.8921	0.0779	0.1308	0.2195	0.5893	0.3023	0.434	0.3001	
sess_78e1t0qqz	NCNU_User_1774323002335	2026-03-24T03:32:55.090Z	B	Gull_Flap	0.6134149875	0.3238337306	0.3562292895	0.5082069878	TRUE	0.8935	0.0779	0.1523	0.1003	0.5891	0.3011	0.4312	0.296	
sess_78e1t0qqz	NCNU_User_1774323002335	2026-03-24T03:32:56.581Z	B	Gull_Flap	0.7350342492	0.758585439	0.3213717889	0.7247126118	TRUE	0.8797	0.0841	0.1404	0.1671	0.5886	0.3161	0.4347	0.3098	
sess_78e1t0qqz	NCNU_User_1774323002335	2026-03-24T03:32:58.385Z	B	Gull_Flap	0.6256355765	0.8879481261	0.2946565335	0.7584583578	TRUE	0.8511	0.05	0.1621	0.0921	0.5868	0.3208	0.4327	0.3113	
sess_78e1t0qqz	NCNU_User_1774323002335	2026-03-24T03:32:59.746Z	B	Gull_Flap	1	1	0.2796861443	0.9021098495	TRUE	0.7761	0.0661	0.161	0.016	0.5927	0.3096	0.4335	0.3092	
sess_78e1t0qqz	NCNU_User_1774323002335	2026-03-24T03:33:00.655Z	B	Heart	0.06040744731	0.8324090144	0.4517693662	0.5399461894	TRUE	0.5123	0.1639	0.4996	0.1464	0.584	0.3239	0.4304	0.3196	
sess_78e1t0qqz	NCNU_User_1774323002335	2026-03-24T03:33:02.383Z	B	Victory	0	0	1	0	TRUE	0.5462	0.29	0.4664	0.2794	0.5829	0.3396	0.4341	0.327	right
sess_78e1t0qqz	NCNU_User_1774323002335	2026-03-24T03:33:02.653Z	B	Gull_Flap	0.1106532098	0.2108342718	0.5192773567	0.2802499363	TRUE	0.8245	0.2027	0.1763	0.2346	0.588	0.3524	0.4328	0.3333	
sess_78e1t0qqz	NCNU_User_1774323002335	2026-03-24T03:33:04.420Z	B	Heart	0.05174459675	0.5593485878	0.4310479939	0.4358087864	TRUE	0.5079	0.2174	0.496	0.2131	0.5853	0.3344	0.4308	0.3217	
sess_78e1t0qqz	NCNU_User_1774323002335	2026-03-24T03:33:04.635Z	B	Victory	0	0.433122124	0.6679702102	0.2894592761	TRUE	0.5031	0.2957	0.5019	0.3025	0.581	0.3323	0.4319	0.3212	left
sess_78e1t0qqz	NCNU_User_1774323002335	2026-03-24T03:33:05.784Z	B	Gull_Flap	0.2738232634	0.5601819639	0.6702620465	0.4079368851	TRUE	0.8963	0.2386	0.1687	0.1132	0.5892	0.3151	0.43	0.3122	
sess_78e1t0qqz	NCNU_User_1774323002335	2026-03-24T03:33:06.913Z	B	Victory	0.8489765225	0.6784892365	0.5468632016	0.6422377047	TRUE	0.8024	-0.0473	0.2037	0.0547	0.5882	0.3152	0.4341	0.2972	left
sess_78e1t0qqz	NCNU_User_1774323002335	2026-03-24T03:33:08.351Z	B	Gull_Flap	0.8230158731	0.2158586835	0.5108430603	0.4633023705	TRUE	0.7613	0.0697	0.1616	0.0907	0.5917	0.3166	0.4389	0.3029	
sess_78e1t0qqz	NCNU_User_1774323002335	2026-03-24T03:33:09.915Z	B	Gull_Flap	0.8481518686	0.2139175436	0.5143889256	0.4675688606	TRUE	0.8954	0.1805	0.1344	0.2421	0.59	0.3155	0.4353	0.3033	
sess_78e1t0qqz	NCNU_User_1774323002335	2026-03-24T03:33:11.517Z	B	Gull_Flap	0.788621694	0.482734029	0.3540393941	0.6163352472	TRUE	0.8874	0.0946	0.1338	0.1804	0.5914	0.3134	0.4342	0.2998	
sess_78e1t0qqz	NCNU_User_1774323002335	2026-03-24T03:33:13.014Z	B	Gull_Flap	0.8446340884	0.5898128756	0.09239361778	0.7647459061	TRUE	0.8876	0.0885	0.1317	0.1692	0.5903	0.3032	0.4312	0.2909	
sess_78e1t0qqz	NCNU_User_1774323002335	2026-03-24T03:33:14.846Z	B	Gull_Flap	0.736314495	0.3746508823	0.2705445427	0.5892483867	TRUE	0.8921	0.0333	0.1481	0.0705	0.5909	0.3069	0.4309	0.307	
sess_78e1t0qqz	NCNU_User_1774323002335	2026-03-24T03:33:16.691Z	B	Gull_Flap	0.8199234762	0.6887316007	0.4123993055	0.6861337524	TRUE	0.8753	0.0437	0.1494	0.1036	0.5916	0.3064	0.4345	0.2958	
sess_78e1t0qqz	NCNU_User_1774323002335	2026-03-24T03:33:18.280Z	B	Dance_Continuous	1	0.3811947306	0.9046664481	0.4358446354	TRUE	0.636	-0.0735	0.4033	0.8331	0.5696	0.2818	0.4253	0.3464	30s_Interval_AutoLog
sess_78e1t0qqz	NCNU_User_1774323002335	2026-03-24T03:33:23.234Z	B	Fireworks_Explosion	1	0.3416545221	0.8558807376	0.4371035507	TRUE	0.6308	-0.0363	0.3988	0.8465	0.5723	0.3207	0.4296	0.3473	left
sess_78e1t0qqz	NCNU_User_1774323002335	2026-03-24T03:33:26.055Z	B	Fireworks_Explosion	1	0.3253116333	0.9483892076	0.3981884307	TRUE	0.6057	0.0673	0.3995	0.8465	0.5694	0.3326	0.4241	0.347	left
sess_78e1t0qqz	NCNU_User_1774323002335	2026-03-24T03:33:29.015Z	B	Fireworks_Explosion	1	0.167144745	1	0.316857898	TRUE	0.6035	0.1656	0.4015	0.8526	0.5696	0.338	0.4288	0.3464	left
sess_78e1t0qqz	NCNU_User_1774323002335	2026-03-24T03:33:31.552Z	B	Fireworks_Explosion	0.4227887548	0.3601110609	0.5906214835	0.3930240938	TRUE	0.5612	0.551	0.4412	0.1225	0.5838	0.3672	0.4357	0.3316	right
sess_78e1t0qqz	NCNU_User_1774323002335	2026-03-24T03:33:34.160Z	B	Fireworks_Explosion	0.2723507141	0.167635715	1	0.1351419645	TRUE	0.5503	0.5571	0.4478	0.1722	0.5844	0.366	0.4392	0.3328	right
sess_78e1t0qqz	NCNU_User_1774323002335	2026-03-24T03:33:37.183Z	B	Fireworks_Explosion	0	0.4654395372	0.8764077088	0.2294331168	TRUE	0.64	0.2055	0.4713	0.185	0.5928	0.3436	0.4439	0.3222	left
sess_78e1t0qqz	NCNU_User_1774323002335	2026-03-24T03:33:38.522Z	B	Gull_Flap	0.6317964553	0.1462083375	0.7101082102	0.3178945753	TRUE	0.9205	0.3267	0.2224	0.2399	0.6034	0.3545	0.4457	0.3307	
sess_78e1t0qqz	NCNU_User_1774323002335	2026-03-24T03:33:40.546Z	B	Gull_Flap	0.4753174906	1	0	0.8688293726	TRUE	0.8287	-0.0128	0.2335	-0.0241	0.5902	0.3257	0.4359	0.3145	
sess_78e1t0qqz	NCNU_User_1774323002335	2026-03-24T03:33:42.153Z	B	Victory	0.1358523428	0.7806874005	0.3061328544	0.5890915469	TRUE	0.5514	0.2325	0.5523	0.2328	0.5929	0.2991	0.445	0.2918	left
sess_78e1t0qqz	NCNU_User_1774323002335	2026-03-24T03:33:42.637Z	B	Gull_Flap	0.456869566	0.8941001527	0.196378304	0.7531250462	TRUE	0.8802	0.1185	0.1606	0.0893	0.5978	0.3243	0.4308	0.3155	
sess_78e1t0qqz	NCNU_User_1774323002335	2026-03-24T03:33:44.042Z	B	Gull_Flap	0.8931727385	0.799124767	0.5884440514	0.6869876734	TRUE	0.8024	0.1907	0.2173	0.1555	0.5912	0.32	0.4331	0.3087	
sess_78e1t0qqz	NCNU_User_1774323002335	2026-03-24T03:33:45.279Z	B	Gull_Flap	0.864380476	0.09810961125	0.5045647008	0.4287413182	TRUE	0.9171	0.3046	0.1308	0.2369	0.5901	0.3225	0.4292	0.312	
sess_78e1t0qqz	NCNU_User_1774323002335	2026-03-24T03:33:46.478Z	B	Gull_Flap	0.8912148991	0.2833099365	0.4276741034	0.5364417632	TRUE	0.9094	0.1795	0.1406	0.1295	0.5928	0.3196	0.4319	0.31	
sess_78e1t0qqz	NCNU_User_1774323002335	2026-03-24T03:33:47.712Z	B	Gull_Flap	0.774288383	0.232168384	0.6885839266	0.395435075	TRUE	0.7738	0.0643	0.2568	0.0567	0.5982	0.3187	0.4412	0.2998	
sess_78e1t0qqz	NCNU_User_1774323002335	2026-03-24T03:33:48.319Z	B	Dance_Continuous	0.8428847706	0.2055818087	0.8511660676	0.3450457925	TRUE	0.7599	0.8543	0.279	0.8439	0.5974	0.3574	0.4457	0.3466	30s_Interval_AutoLog
sess_78e1t0qqz	NCNU_User_1774323002335	2026-03-24T03:33:49.416Z	B	Gull_Flap	0.6321417929	0.6395940325	0.4970682485	0.5898991742	TRUE	0.8585	0.1112	0.1761	0.0873	0.587	0.3285	0.4284	0.3174	
sess_78e1t0qqz	NCNU_User_1774323002335	2026-03-24T03:33:51.013Z	B	Gull_Flap	0.6301737524	0.3097137453	0.1903544283	0.5648048863	TRUE	0.8828	0.2372	0.1498	0.1656	0.5891	0.3289	0.4286	0.3137	
sess_78e1t0qqz	NCNU_User_1774323002335	2026-03-24T03:33:51.842Z	B	Victory	0.9503335772	0.8323802798	0.3425975582	0.8006263609	TRUE	0.6798	0.0192	0.2401	0.0083	0.5953	0.341	0.4338	0.3252	right
sess_78e1t0qqz	NCNU_User_1774323002335	2026-03-24T03:33:52.379Z	B	Gull_Flap	0.6203226306	0.727757019	0.1727788782	0.7357108579	TRUE	0.8679	0.1578	0.2227	0.1347	0.5848	0.3253	0.4235	0.3178	
sess_78e1t0qqz	NCNU_User_1774323002335	2026-03-24T03:33:53.711Z	B	Gull_Flap	0.6173187857	0.6717934715	0.2389463416	0.6894158655	TRUE	0.8784	0.2479	0.1559	0.1764	0.5858	0.3451	0.4281	0.3295	
sess_78e1t0qqz	NCNU_User_1774323002335	2026-03-24T03:33:54.878Z	B	Gull_Flap	0.4854212177	1	0.07091575897	0.8465347888	TRUE	0.8527	0.124	0.2101	0.0082	0.5811	0.3386	0.4223	0.3185	
sess_78e1t0qqz	NCNU_User_1774323002335	2026-03-24T03:34:07.857Z	B	Fireworks_Explosion	0.4709437048	0.7234177654	0.1479648175	0.7053153462	TRUE	0.6081	0.0825	0.4231	0.5232	0.5873	0.3455	0.4373	0.3424	left
sess_78e1t0qqz	NCNU_User_1774323002335	2026-03-24T03:34:09.916Z	B	Fireworks_Explosion	0.4391936506	0.6831724888	0.256358745	0.6433418474	TRUE	0.6035	0.0748	0.4257	0.542	0.5862	0.3464	0.4371	0.3514	left
sess_78e1t0qqz	NCNU_User_1774323002335	2026-03-24T03:34:12.353Z	B	Fireworks_Explosion	0.3087861845	0.2528074771	0.7451960921	0.2675009047	TRUE	0.615	0.2118	0.4195	0.5314	0.5946	0.3468	0.4412	0.3443	right
sess_78e1t0qqz	NCNU_User_1774323002335	2026-03-24T03:34:14.868Z	B	Fireworks_Explosion	0.3473611557	0.9014953606	0.2531634158	0.7088312377	TRUE	0.5926	0.0232	0.3305	0.4641	0.5702	0.3388	0.4189	0.3432	left
sess_78e1t0qqz	NCNU_User_1774323002335	2026-03-24T03:34:16.550Z	B	Victory	0.2551829436	0.09170961378	0.841359289	0.1560038303	TRUE	0.6823	0.998	0.4008	0.9166	0.6382	0.3539	0.4692	0.3269	right
sess_sq0cryerl	NCNU_User_1774323256947	2026-03-24T03:34:18.808Z	B	Heart	0.5	0.5	0.5	0.5	FALSE	0.5973	0.7537	0.5969	0.7556	0.5818	0.5471	0.5872	0.5432	
sess_u0igf6oi1	anonymous	2026-03-24T06:24:17.823Z	B	Victory	0.5	0.5	0.5	0.5	FALSE	0.8476	1.6344	0.5096	0.2435	0.8212	0.522	0.3408	0.5191	right
sess_u0igf6oi1	anonymous	2026-03-24T06:24:53.050Z	B	Baseline_End	0.6060661794	0	1	0.1515165448	TRUE	0.5224	0.5054	0.3758	0.5225	0.5036	0.2231	0.388	0.2451	baseline calibrated
sess_u0igf6oi1	anonymous	2026-03-24T06:24:56.714Z	B	Heart	0.6575037907	0.52185803	0	0.7231191597	TRUE	0.5194	0.1651	0.4769	0.1311	0.5425	0.1982	0.4341	0.2102	
sess_u0igf6oi1	anonymous	2026-03-24T06:25:07.818Z	B	Heart	0.4755180414	0.1174559877	0.8881765442	0.2050001149	TRUE	0.6646	0.2615	0.6315	0.265	0.6628	0.1519	0.5973	0.1476	
sess_u0igf6oi1	anonymous	2026-03-24T06:25:23.239Z	B	Dance_Continuous	0.9447079122	0.1514035562	0.9199990792	0.3247387228	TRUE	0.6694	0.1326	0.8884	0.7496	0.5995	0.4521	0.6916	0.6722	30s_Interval_AutoLog
sess_u0igf6oi1	anonymous	2026-03-24T06:25:27.189Z	B	Fireworks_Explosion	1	0.2116292188	0.8152859233	0.3993016144	TRUE	0.3992	0.646	0.2378	0.3132	0.3559	0.1209	0.1305	0.1345	right
sess_u0igf6oi1	anonymous	2026-03-24T06:25:47.008Z	B	Victory	0.7735016522	0.9578259221	0.1057533548	0.8894921077	TRUE	0.4332	0.8037	0.3361	0.7276	0.2948	0.4011	0.1204	0.4025	right
sess_u0igf6oi1	anonymous	2026-03-24T06:25:53.280Z	B	Dance_Continuous	0.4887035985	0.01295907122	0.61082137	0.2635720486	TRUE	0.5484	0.3101	0.3955	0.3018	0.5244	0.3495	0.3928	0.3575	30s_Interval_AutoLog
sess_u0igf6oi1	anonymous	2026-03-24T06:25:53.831Z	B	Heart	0.3698077569	0.6264625748	0	0.6930369692	TRUE	0.4427	0.1818	0.4092	0.1553	0.5135	0.3205	0.383	0.334	
sess_u0igf6oi1	anonymous	2026-03-24T06:25:55.933Z	B	Heart	0.2606323963	0.7593768672	0	0.7189088459	TRUE	0.4615	0.6265	0.4272	0.6016	0.5218	0.3541	0.37	0.3732	
sess_u0igf6oi1	anonymous	2026-03-24T06:25:58.800Z	B	Fireworks_Explosion	1	0.03515938716	0.729669481	0.3586794365	TRUE	0.6118	0.4983	0.2925	0.486	0.5297	0.3668	0.3845	0.3659	left
sess_u0igf6oi1	anonymous	2026-03-24T06:26:00.151Z	B	Heart	0.4343103169	0	0.9185312179	0.137091653	TRUE	0.4616	0.5329	0.4347	0.4715	0.5186	0.3568	0.3721	0.3655	
sess_u0igf6oi1	anonymous	2026-03-24T06:26:02.545Z	B	Victory	1	0.37753332	0.05414331475	0.7320631678	TRUE	0.577	0.3531	0.3081	0.3239	0.523	0.3559	0.3893	0.3561	right
sess_u0igf6oi1	anonymous	2026-03-24T06:26:07.801Z	B	Victory	1	0	1	0.25	TRUE	0.6802	0.2798	0.2237	0.3394	0.513	0.3533	0.378	0.3534	left
sess_u0igf6oi1	anonymous	2026-03-24T06:26:11.389Z	B	Heart	0.3027173379	0.05616856805	0.4127828446	0.3036727661	TRUE	0.3967	0.3865	0.3673	0.3688	0.4765	0.3432	0.3395	0.3642	
sess_u0igf6oi1	anonymous	2026-03-24T06:26:14.143Z	B	Fireworks_Explosion	0.266141477	0.1420504081	0.4370076017	0.3204028719	TRUE	0.3658	0.4602	0.3098	0.3338	0.425	0.355	0.2823	0.3748	left
sess_u0igf6oi1	anonymous	2026-03-24T06:26:17.851Z	B	Heart	0.285603808	0.6149651249	0	0.667387002	TRUE	0.3527	0.4636	0.3042	0.4787	0.4256	0.3569	0.2749	0.3749	
sess_u0igf6oi1	anonymous	2026-03-24T06:26:21.146Z	B	Victory	0.2065617025	0	0.8632692742	0.09949617966	TRUE	0.4354	0.5129	0.4081	0.4891	0.4856	0.3565	0.319	0.383	right
sess_u0igf6oi1	anonymous	2026-03-24T06:26:22.400Z	B	Fireworks_Explosion	0.162591651	0	0.595832219	0.1821066361	TRUE	0.4397	0.4107	0.3975	0.4674	0.5318	0.3457	0.3626	0.3681	left
sess_u0igf6oi1	anonymous	2026-03-24T06:26:22.886Z	B	Victory	0.1600118488	0	1	0.04000296219	TRUE	0.4311	0.4394	0.3877	0.4725	0.5293	0.347	0.3569	0.3705	left
sess_u0igf6oi1	anonymous	2026-03-24T06:26:23.366Z	B	Dance_Continuous	0.1507193549	0	0.9206310835	0.06545895949	TRUE	0.4486	0.468	0.3852	0.4722	0.5266	0.3479	0.3556	0.3677	30s_Interval_AutoLog
sess_u0igf6oi1	anonymous	2026-03-24T06:26:24.522Z	B	Fireworks_Explosion	0.234315888	0	1	0.05857897199	TRUE	0.4625	0.3976	0.3813	0.465	0.5203	0.3465	0.3562	0.3636	left
sess_u0igf6oi1	anonymous	2026-03-24T06:26:25.289Z	B	Victory	0.2854633525	0	1	0.07136583812	TRUE	0.4508	0.4051	0.3821	0.4693	0.5202	0.3467	0.3564	0.3702	left
sess_u0igf6oi1	anonymous	2026-03-24T06:26:26.251Z	B	Fireworks_Explosion	0.2857154694	0.07154796237	0.4645744963	0.2874469786	TRUE	0.4533	0.3788	0.3803	0.4729	0.5176	0.3582	0.3547	0.3713	left
sess_u0igf6oi1	anonymous	2026-03-24T06:26:27.792Z	B	Victory	0.1823825268	0	0.9711566648	0.05569079903	TRUE	0.4059	0.4509	0.4249	0.4466	0.5326	0.3502	0.3649	0.3716	right
sess_u0igf6oi1	anonymous	2026-03-24T06:26:32.345Z	B	Victory	0.6557768659	0.2160281336	0.2923552741	0.498031124	TRUE	0.5054	0.3741	0.382	0.3292	0.5325	0.3675	0.4115	0.3661	right
sess_u0igf6oi1	anonymous	2026-03-24T06:26:32.724Z	B	Fireworks_Explosion	0.5601089159	0.2055204189	0.4401613116	0.4181789375	TRUE	0.4804	0.3242	0.3982	0.4033	0.5324	0.3696	0.4105	0.3672	left
sess_u0igf6oi1	anonymous	2026-03-24T06:26:36.866Z	B	Heart	0.6299609473	0.1884588857	0.4851242748	0.4130802949	TRUE	0.3924	0.4083	0.3515	0.4255	0.4741	0.3454	0.3369	0.3707	
sess_u0igf6oi1	anonymous	2026-03-24T06:26:40.162Z	B	Victory	0.127319326	0.1947368148	0.309434618	0.3514224411	TRUE	0.4243	0.4911	0.4192	0.4797	0.4527	0.3444	0.3104	0.3676	right
sess_u0igf6oi1	anonymous	2026-03-24T06:26:49.559Z	B	Heart	0.7389984123	0	1	0.1847496031	TRUE	0.9183	0.5528	0.8838	0.5578	0.9064	0.3014	0.8779	0.3024	
sess_u0igf6oi1	anonymous	2026-03-24T06:26:53.395Z	B	Dance_Continuous	0.732394574	0.8417682609	0	0.8698059479	TRUE	0.9571	0.8297	0.663	0.8845	0.9265	0.2737	0.7284	0.2523	30s_Interval_AutoLog
sess_u0igf6oi1	anonymous	2026-03-24T06:26:57.009Z	B	Heart	1	0.8778174492	0	0.9511269797	TRUE	0.2534	0.5389	0.234	0.482	0.209	0.4429	0.2063	0.4369	
sess_u0igf6oi1	anonymous	2026-03-24T06:27:02.594Z	B	Heart	1	0.1454351592	0.6897810066	0.4167507114	TRUE	0.9739	0.6156	0.9743	0.6118	0.9636	0.2636	0.9175	0.2532	
sess_u0igf6oi1	anonymous	2026-03-24T06:27:07.261Z	B	Victory	1	0	1	0.25	TRUE	0.5325	0.3816	0.4066	0.7103	0.5599	0.345	0.4175	0.3749	left
sess_u0igf6oi1	anonymous	2026-03-24T06:27:18.606Z	B	Heart	1	0.3176474916	0	0.7270589966	TRUE	0.3003	0.4255	0.2654	0.4233	0.3234	0.3139	0.2708	0.3174	
sess_u0igf6oi1	anonymous	2026-03-24T06:27:23.404Z	B	Dance_Continuous	1	0	0.3694214182	0.4707025036	TRUE	0.5228	0.4308	0.4988	0.4431	0.5325	0.3013	0.5156	0.3042	30s_Interval_AutoLog
sess_u0igf6oi1	anonymous	2026-03-24T06:27:31.241Z	B	Heart	1	0.6056031222	0.5363964279	0.6545024991	TRUE	0.5191	0.3989	0.5027	0.3426	0.5669	0.2928	0.5361	0.2985	
sess_u0igf6oi1	anonymous	2026-03-24T06:27:31.783Z	B	Victory	1	0.6256169511	0.6445895857	0.6246404255	TRUE	0.6542	0.4903	0.4249	1.0032	0.6298	0.3741	0.4296	0.3976	left
sess_u0igf6oi1	anonymous	2026-03-24T06:27:36.942Z	B	Fireworks_Explosion	0.7883205749	0.1002880222	0.6332699615	0.3655508661	TRUE	0.6454	0.4161	0.5224	0.2168	0.658	0.3674	0.4952	0.3713	right
sess_u0igf6oi1	anonymous	2026-03-24T06:27:38.389Z	B	Fireworks_Explosion	0.7214451589	0.07758360997	0.8767400021	0.254535733	TRUE	0.6428	0.4224	0.5254	0.2051	0.6554	0.3652	0.4902	0.3606	right
sess_u0igf6oi1	anonymous	2026-03-24T06:27:53.431Z	B	Dance_Continuous	1	0.1995211735	0.3548681462	0.5556046182	TRUE	0.2892	0.5205	0.0244	0.5657	0.2345	0.2796	0.1319	0.3	30s_Interval_AutoLog
sess_u0igf6oi1	anonymous	2026-03-24T06:28:13.645Z	B	Victory	1	0.6865631669	0.1121736027	0.8353645058	TRUE	0.7096	0.3051	0.5242	0.1984	0.6766	0.3465	0.5532	0.3492	right
sess_u0igf6oi1	anonymous	2026-03-24T06:28:15.562Z	B	Fireworks_Explosion	0.5100891035	0.2624894517	0.1912817729	0.515569436	TRUE	0.6549	0.348	0.5764	0.2821	0.6744	0.3649	0.5526	0.3645	right
sess_u0igf6oi1	anonymous	2026-03-24T06:28:23.171Z	B	Victory	0.7602886601	0.616855855	0.01013131273	0.7832685476	TRUE	0.6343	0.3373	0.5262	0.2117	0.6273	0.3658	0.5189	0.3676	right
sess_u0igf6oi1	anonymous	2026-03-24T06:28:23.462Z	B	Dance_Continuous	0.6526049018	1	0	0.9131512254	TRUE	0.5998	0.2469	0.5121	0.2489	0.6104	0.3686	0.5011	0.3723	30s_Interval_AutoLog
sess_u0igf6oi1	anonymous	2026-03-24T06:28:26.149Z	B	Fireworks_Explosion	0.5672606922	0.6763121756	0.1823483945	0.6985181052	TRUE	0.6198	0.2141	0.5428	0.2126	0.6453	0.3528	0.5251	0.3531	right
sess_u0igf6oi1	anonymous	2026-03-24T06:28:27.421Z	B	Victory	0.4510927518	0.2113573372	0.4921452666	0.3750652795	TRUE	0.6241	0.3007	0.5268	0.2018	0.6473	0.3619	0.5243	0.355	right
sess_u0igf6oi1	anonymous	2026-03-24T06:28:28.097Z	B	Fireworks_Explosion	0.5207605533	0.3286780231	0.3839412715	0.4772819025	TRUE	0.6237	0.2533	0.5155	0.3131	0.6462	0.3643	0.5237	0.358	left
sess_u0igf6oi1	anonymous	2026-03-24T06:28:30.273Z	B	Heart	0.3521800578	0.5785139186	0	0.6694505819	TRUE	0.5923	0.2485	0.5453	0.2922	0.6419	0.3337	0.5254	0.3385	
sess_u0igf6oi1	anonymous	2026-03-24T06:28:30.740Z	B	Gull_Flap	0.858869969	0.3386087941	0	0.7001610099	TRUE	0.791	0.3183	0.3722	0.3056	0.6466	0.3485	0.5165	0.3475	
sess_u0igf6oi1	anonymous	2026-03-24T06:28:34.491Z	B	Victory	1	0.1287085394	0.8494111945	0.3541894977	TRUE	0.7747	0.6818	0.6602	0.8329	0.7535	0.3451	0.673	0.3478	right
sess_u0igf6oi1	anonymous	2026-03-24T06:28:38.844Z	B	Heart	0.4733167968	0.4284121065	0	0.6396940418	TRUE	0.6577	0.4433	0.6184	0.3923	0.6903	0.3652	0.5723	0.3702	
sess_u0igf6oi1	anonymous	2026-03-24T06:28:39.164Z	B	Fireworks_Explosion	0.3148754762	0.4153323266	0	0.5948517997	TRUE	0.6251	0.3559	0.6263	0.3556	0.6903	0.3652	0.5686	0.3699	right
sess_u0igf6oi1	anonymous	2026-03-24T06:28:41.822Z	B	Fireworks_Explosion	1	0.07970929641	0.8975555748	0.3177392674	TRUE	0.7009	0.7456	0.6079	0.3033	0.702	0.3647	0.5791	0.3561	right
sess_u0igf6oi1	anonymous	2026-03-24T06:28:43.400Z	B	Victory	1	0.2694513194	0.7482603067	0.4458894204	TRUE	0.706	0.7358	0.5948	0.7326	0.6974	0.3576	0.5816	0.3635	right
sess_u0igf6oi1	anonymous	2026-03-24T06:28:45.480Z	B	Victory	0.6908561659	0.3289421763	0.9843647439	0.3097632516	TRUE	0.7916	0.5984	0.6096	0.7323	0.7503	0.3488	0.6276	0.3556	right
sess_u0igf6oi1	anonymous	2026-03-24T06:28:48.161Z	B	Victory	0.4854413012	0.3719843969	0.2989551815	0.5155197706	TRUE	0.6623	0.3632	0.5769	0.3012	0.6579	0.3664	0.545	0.3712	right
sess_u0igf6oi1	anonymous	2026-03-24T06:28:50.211Z	B	Victory	0.5809345191	0.4139989331	0.8169058826	0.3749161441	TRUE	0.6704	0.2879	0.5507	0.2707	0.6746	0.3763	0.5511	0.3729	left
sess_u0igf6oi1	anonymous	2026-03-24T06:28:52.311Z	B	Victory	0.6250569113	0	1	0.1562642278	TRUE	0.7798	0.2671	0.4448	0.2334	0.706	0.3648	0.5158	0.3522	left
sess_u0igf6oi1	anonymous	2026-03-24T06:28:53.500Z	B	Dance_Continuous	0.7655830489	1	0.1652884948	0.883544789	TRUE	0.6332	0.797	0.4774	0.7026	0.6705	0.3343	0.4679	0.3525	30s_Interval_AutoLog
sess_u0igf6oi1	anonymous	2026-03-24T06:28:57.454Z	B	Gull_Flap	1	0.973854706	0	0.9895418824	TRUE	0.9207	0.3319	0.1734	0.2709	0.6386	0.3481	0.4415	0.3715	
sess_u0igf6oi1	anonymous	2026-03-24T06:29:10.845Z	B	Victory	1	0.1896000394	0.4889973474	0.5046909442	TRUE	0.7911	0.3864	0.7913	0.4516	0.7606	0.3365	0.7796	0.3357	right
sess_u0igf6oi1	anonymous	2026-03-24T06:29:23.530Z	B	Dance_Continuous	1	0	0.4189386351	0.4533714777	TRUE	0.7527	0.3916	0.3605	0.4343	0.6221	0.439	0.4832	0.4384	30s_Interval_AutoLog
sess_u0igf6oi1	anonymous	2026-03-24T06:29:28.099Z	B	Fireworks_Explosion	0.5381420962	0	1	0.134535524	TRUE	0.6162	0.4089	0.5126	0.3859	0.6183	0.4536	0.4954	0.4459	left
sess_u0igf6oi1	anonymous	2026-03-24T06:29:29.250Z	B	Fireworks_Explosion	0.5993665374	0	1	0.1498416343	TRUE	0.6444	0.4574	0.519	0.3776	0.6227	0.4557	0.499	0.452	right
sess_u0igf6oi1	anonymous	2026-03-24T06:29:45.497Z	B	Heart	0.4168523784	0.03172965814	0.5312947837	0.2809517836	TRUE	0.605	0.433	0.5518	0.4238	0.6324	0.4239	0.5273	0.4151	
sess_u0igf6oi1	anonymous	2026-03-24T06:29:46.268Z	B	Heart	0.3606413867	0	1	0.09016034669	TRUE	0.6049	0.4331	0.5539	0.4199	0.6346	0.4158	0.5332	0.4096	
sess_u0igf6oi1	anonymous	2026-03-24T06:29:47.334Z	B	Fireworks_Explosion	0.3455541241	0	1	0.08638853102	TRUE	0.6031	0.436	0.5644	0.3858	0.6383	0.4217	0.5314	0.4196	right
sess_u0igf6oi1	anonymous	2026-03-24T06:29:47.618Z	B	Heart	0.3500865304	0	0.9306412638	0.1117971903	TRUE	0.6009	0.4326	0.5606	0.3806	0.637	0.4174	0.531	0.4172	
sess_u0igf6oi1	anonymous	2026-03-24T06:29:48.294Z	B	Fireworks_Explosion	0.296822395	0	1	0.07420559874	TRUE	0.5996	0.3808	0.5559	0.3876	0.6377	0.4157	0.5308	0.418	left
sess_u0igf6oi1	anonymous	2026-03-24T06:29:53.624Z	B	Dance_Continuous	0.7506147142	0.3299169612	0.7753813008	0.3982370078	TRUE	0.6262	0.2402	0.4949	0.2918	0.6432	0.4156	0.5309	0.4126	30s_Interval_AutoLog
sess_u0igf6oi1	anonymous	2026-03-24T06:29:54.188Z	B	Gull_Flap	1	0.3860050006	0.2041420993	0.6829522655	TRUE	0.7771	0.2789	0.3816	0.3073	0.6427	0.4002	0.5244	0.4027	
sess_u0igf6oi1	anonymous	2026-03-24T06:29:57.070Z	B	Victory	1	0.2863920944	0.6028864447	0.5035465821	TRUE	0.7646	0.1502	0.3886	0.2503	0.64	0.3963	0.5258	0.396	left
sess_u0igf6oi1	anonymous	2026-03-24T06:29:58.033Z	B	Victory	1	0.2454716266	0.4324832787	0.5468195031	TRUE	0.6245	0.1471	0.4963	0.1526	0.6364	0.4018	0.5256	0.4086	right
sess_u0igf6oi1	anonymous	2026-03-24T06:29:59.113Z	B	Victory	0.8802277528	0.03536963017	1	0.2342047903	TRUE	0.6737	0.159	0.4599	0.2517	0.6406	0.3999	0.5287	0.4048	left
sess_u0igf6oi1	anonymous	2026-03-24T06:30:00.357Z	B	Victory	1	0.1384757258	0.6247430636	0.4367302181	TRUE	0.7533	0.2587	0.3575	0.2518	0.64	0.3987	0.5253	0.405	right
sess_u0igf6oi1	anonymous	2026-03-24T06:30:01.126Z	B	Victory	1	0	0.8933232569	0.2873368601	TRUE	0.7554	0.1872	0.3669	0.2475	0.6403	0.4008	0.5267	0.4067	left
sess_u0igf6oi1	anonymous	2026-03-24T06:30:03.799Z	B	Gull_Flap	1	0.6573095555	0.1779952505	0.8006254845	TRUE	0.7789	0.3657	0.3995	0.3813	0.6447	0.4171	0.5284	0.4138	
sess_u0igf6oi1	anonymous	2026-03-24T06:30:06.341Z	B	Victory	0.7957435417	0.4934786032	0.7137990968	0.4964976428	TRUE	0.6761	0.4021	0.5343	0.2752	0.642	0.4295	0.5284	0.4242	right
sess_u0igf6oi1	anonymous	2026-03-24T06:30:08.924Z	B	Heart	0.377171857	0.3426905599	0.08581862989	0.5513326678	TRUE	0.5938	0.4367	0.5533	0.477	0.6389	0.4242	0.5297	0.4214	
sess_u0igf6oi1	anonymous	2026-03-24T06:30:10.369Z	B	Fireworks_Explosion	0.1957621912	0.008848785408	0.4793581775	0.2347046998	TRUE	0.5931	0.4233	0.5587	0.4069	0.6377	0.4238	0.5281	0.4227	right
sess_u0igf6oi1	anonymous	2026-03-24T06:30:14.981Z	B	Victory	0.4925676958	1	0	0.8731419239	TRUE	0.7061	0.8392	0.5451	0.8235	0.6941	0.4169	0.5615	0.4239	right
sess_u0igf6oi1	anonymous	2026-03-24T06:30:23.680Z	B	Dance_Continuous	0.7733322503	0.2020720992	0.1894504436	0.557854247	TRUE	0.4451	0.9941	0.4086	0.9263	0.5474	0.4253	0.4499	0.4566	30s_Interval_AutoLog
sess_u0igf6oi1	anonymous	2026-03-24T06:30:25.124Z	B	Victory	0.4105879854	0.6851926324	0.1670698688	0.6682495952	TRUE	0.4279	0.5083	0.2373	0.4936	0.355	0.4097	0.1492	0.447	right
sess_u0igf6oi1	anonymous	2026-03-24T06:30:25.607Z	B	Heart	0.3190309533	1	0	0.8297577383	TRUE	0.4928	0.7408	0.4545	0.8141	0.4958	0.4333	0.2784	0.453	
sess_u0igf6oi1	anonymous	2026-03-24T06:30:41.581Z	B	Gull_Flap	1	1	0.3556732586	0.8755143595	TRUE	0.9309	0.4222	0.2856	0.3982	0.7014	0.4321	0.5066	0.4348	
sess_u0igf6oi1	anonymous	2026-03-24T06:30:53.690Z	B	Dance_Continuous	1	0.3785986914	0	0.7514394766	TRUE	0.9773	1.0587	0.6636	1.1186	0.9628	0.4529	0.7192	0.4554	30s_Interval_AutoLog
sess_u0igf6oi1	anonymous	2026-03-24T06:31:34.581Z	B	Dance_Continuous	1	0.01651632852	0.8131103126	0.322017922	TRUE	0.5456	0.8041	0.4275	0.7305	0.5587	0.7765	0.4064	0.7863	30s_Interval_AutoLog
sess_u0igf6oi1	anonymous	2026-03-24T06:31:47.757Z	B	Gull_Flap	1	0.2159709976	0.7155505775	0.4359456969	TRUE	0.6266	0.1991	0.2483	0.2515	0.482	0.2598	0.3774	0.2655	
sess_u0igf6oi1	anonymous	2026-03-24T06:31:51.498Z	B	Gull_Flap	1	0.6550795295	0.2290378143	0.7818685768	TRUE	0.632	0.2152	0.2757	0.2285	0.4972	0.2622	0.3947	0.2627	
sess_u0igf6oi1	anonymous	2026-03-24T06:31:55.297Z	B	Heart	0.46625777	0.3279939373	0.2800297803	0.4997515943	TRUE	0.4954	0.2863	0.4526	0.2694	0.5088	0.2631	0.4321	0.2624	
sess_u0igf6oi1	anonymous	2026-03-24T06:31:58.625Z	B	Victory	0.3515856211	0.1214737787	0.2808090435	0.3882027515	TRUE	0.4852	0.2316	0.4502	0.2347	0.5088	0.2726	0.4305	0.2711	right
sess_u0igf6oi1	anonymous	2026-03-24T06:32:03.143Z	B	Heart	0.3783969488	0	1	0.0945992372	TRUE	0.4869	0.3345	0.4422	0.321	0.5083	0.267	0.4251	0.2687	
sess_u0igf6oi1	anonymous	2026-03-24T06:32:04.591Z	B	Dance_Continuous	0.1808852128	0	0.5751598699	0.1939153487	TRUE	0.4773	0.3142	0.4489	0.3109	0.5041	0.2723	0.4205	0.2714	30s_Interval_AutoLog
sess_u0igf6oi1	anonymous	2026-03-24T06:32:06.648Z	B	Heart	0.4851726144	0	0.979838189	0.1283497874	TRUE	0.4824	0.2741	0.4373	0.274	0.4896	0.2712	0.4133	0.2745	
sess_u0igf6oi1	anonymous	2026-03-24T06:32:09.345Z	B	Heart	0.7012787362	0	0.9348808572	0.198111384	TRUE	0.4642	0.2159	0.4094	0.2199	0.4777	0.247	0.401	0.2598	
sess_u0igf6oi1	anonymous	2026-03-24T06:32:10.662Z	B	Victory	1	0.1776443469	0.1580607703	0.6157364692	TRUE	0.5634	0.1919	0.3404	0.2778	0.4866	0.2718	0.4037	0.2796	left
sess_u0igf6oi1	anonymous	2026-03-24T06:32:12.621Z	B	Heart	0.6232249932	0.1969188978	0	0.5845738074	TRUE	0.4955	0.1348	0.4583	0.1121	0.5002	0.2499	0.4264	0.2552	
sess_u0igf6oi1	anonymous	2026-03-24T06:32:15.065Z	B	Victory	0.9921534898	0.9219467894	0	0.9668170882	TRUE	0.5147	0.6274	0.3356	0.6259	0.4842	0.2893	0.3717	0.3121	right
sess_u0igf6oi1	anonymous	2026-03-24T06:32:29.427Z	B	Heart	0.4998296306	0.2133861815	0.6187088691	0.3437637761	TRUE	0.5297	0.2886	0.4868	0.2674	0.5577	0.234	0.4554	0.2308	
sess_u0igf6oi1	anonymous	2026-03-24T06:32:34.681Z	B	Dance_Continuous	0.2779326169	0	1	0.06948315421	TRUE	0.5214	0.2771	0.4481	0.2602	0.5644	0.2328	0.4124	0.2383	30s_Interval_AutoLog
sess_u0igf6oi1	anonymous	2026-03-24T06:32:35.654Z	B	Fireworks_Explosion	0.3175258642	0.154009661	0.6613812298	0.2595019	TRUE	0.4961	0.2483	0.4098	0.3009	0.5349	0.2223	0.3738	0.2252	left
sess_u0igf6oi1	anonymous	2026-03-24T06:32:36.613Z	B	Victory	0.5186681404	0.4479010052	0.6079552702	0.4460430926	TRUE	0.5336	0.7149	0.3976	0.3274	0.5279	0.2207	0.3576	0.231	left
sess_u0igf6oi1	anonymous	2026-03-24T06:32:37.193Z	B	Fireworks_Explosion	1	0.396597035	0.3140881812	0.6487079506	TRUE	0.5431	0.7637	0.3998	0.2014	0.5296	0.2343	0.3608	0.2407	right
sess_u0igf6oi1	anonymous	2026-03-24T06:32:40.306Z	B	Fireworks_Explosion	0.3988048994	0.08783594465	0.6132268285	0.2702062127	TRUE	0.5018	0.2735	0.4127	0.173	0.5299	0.2399	0.3697	0.2465	right
sess_u0igf6oi1	anonymous	2026-03-24T06:32:41.275Z	B	Fireworks_Explosion	0.3653123323	0.2193502895	0.5622182156	0.3322918234	TRUE	0.5058	0.2133	0.4121	0.3125	0.5273	0.2297	0.3635	0.2387	left
sess_u0igf6oi1	anonymous	2026-03-24T06:33:02.463Z	B	Victory	0.7826284334	0.6291830952	0.3473799475	0.6757473648	TRUE	0.5432	0.2297	0.3756	0.1464	0.5243	0.2306	0.372	0.2349	right
sess_u0igf6oi1	anonymous	2026-03-24T06:33:03.423Z	B	Victory	0.6022405695	0.7928776822	0.2390895964	0.7340298565	TRUE	0.5011	0.2816	0.389	0.2549	0.5191	0.2336	0.3576	0.2283	left
sess_u0igf6oi1	anonymous	2026-03-24T06:33:04.760Z	B	Dance_Continuous	0.4331626442	0.8948576246	0.8346427285	0.5241087559	TRUE	0.5218	0.6572	0.3516	0.7506	0.515	0.2496	0.3344	0.2612	30s_Interval_AutoLog
sess_u0igf6oi1	anonymous	2026-03-24T06:33:29.673Z	B	Heart	0.5618029445	0	0.9331256294	0.1638567658	TRUE	0.726	0.3919	0.6901	0.4088	0.7427	0.3078	0.6974	0.2998	
sess_u0igf6oi1	anonymous	2026-03-24T06:33:31.061Z	B	Heart	0.7919772752	0.2107193489	0.04589938636	0.6162172731	TRUE	0.7254	0.3861	0.6901	0.4044	0.7419	0.3081	0.6966	0.3042	
sess_u0igf6oi1	anonymous	2026-03-24T06:33:34.812Z	B	Dance_Continuous	0.4488487839	0	1	0.112212196	TRUE	0.7256	0.3935	0.6882	0.3974	0.7425	0.3098	0.6996	0.3	30s_Interval_AutoLog
sess_u0igf6oi1	anonymous	2026-03-24T06:33:38.059Z	B	Heart	0.8532027052	0.4656466569	0	0.7495593391	TRUE	0.7274	0.3944	0.6897	0.4058	0.7446	0.3016	0.6973	0.2963	
sess_u0igf6oi1	anonymous	2026-03-24T06:33:49.275Z	B	Heart	0.6581230844	0.1172022675	0.1568249508	0.5065229453	TRUE	0.7266	0.3902	0.6899	0.4028	0.7415	0.3018	0.6972	0.2966	
sess_u0igf6oi1	anonymous	2026-03-24T06:33:57.523Z	B	Heart	0.6394847487	0.1386343448	0.07867369826	0.5377891307	TRUE	0.7376	0.3523	0.7089	0.2858	0.7397	0.2921	0.7013	0.285	
sess_u0igf6oi1	anonymous	2026-03-24T06:34:04.887Z	B	Dance_Continuous	0.2824890382	0	1	0.07062225954	TRUE	0.7112	0.4044	0.6859	0.4078	0.7408	0.3065	0.6966	0.3006	30s_Interval_AutoLog
sess_u0igf6oi1	anonymous	2026-03-24T06:34:11.311Z	B	Victory	1	0.1757733958	1	0.3203093583	TRUE	0.1223	0.5725	0.1231	0.5716	-0.1282	0.9663	-0.5071	0.9529	right
sess_u0igf6oi1	anonymous	2026-03-24T06:34:13.370Z	B	Heart	1	0.03789529904	1	0.2651581196	TRUE	0.5057	0.3574	0.5027	0.3992	0.5785	0.1717	0.4323	0.1595	
sess_u0igf6oi1	anonymous	2026-03-24T06:34:18.201Z	B	Fireworks_Explosion	0.327479226	0	1	0.08186980649	TRUE	0.3948	0.377	0.4202	0.4602	0.4952	0.1592	0.3216	0.17	right
sess_u0igf6oi1	anonymous	2026-03-24T06:34:19.120Z	B	Heart	0.1493412456	0	0.7289411608	0.1322059051	TRUE	0.3817	0.4165	0.4029	0.4303	0.448	0.1626	0.2754	0.1777	
sess_u0igf6oi1	anonymous	2026-03-24T06:34:26.542Z	B	Gull_Flap	1	0.5642258213	0	0.8256903285	TRUE	0.8218	0.1382	0.1278	0.1522	0.5167	0.15	0.3445	0.1545	
sess_u0igf6oi1	anonymous	2026-03-24T06:34:29.167Z	B	Gull_Flap	1	0.8188037015	0.3838834141	0.7931622857	TRUE	0.7539	0.0357	0.1235	0.058	0.532	0.1541	0.3537	0.1477	
sess_u0igf6oi1	anonymous	2026-03-24T06:34:34.929Z	B	Dance_Continuous	0.9352099977	0.7918567981	0.2465939576	0.8142373335	TRUE	0.5752	0.2193	0.3263	0.1946	0.5278	0.1648	0.3599	0.1499	30s_Interval_AutoLog
sess_u0igf6oi1	anonymous	2026-03-24T06:34:38.921Z	B	Gull_Flap	1	0.9518993501	0.3954006064	0.8423695278	TRUE	0.7378	0.0339	0.1475	0.0364	0.5257	0.1444	0.3502	0.1502	
sess_u0igf6oi1	anonymous	2026-03-24T06:34:43.581Z	B	Gull_Flap	1	1	0.007951623797	0.9972169317	TRUE	0.7267	-0.0306	0.1305	0.032	0.5256	0.1404	0.361	0.1307	
sess_u0igf6oi1	anonymous	2026-03-24T06:34:54.487Z	B	Victory	1	0.3615715649	0.3285364387	0.6296408724	TRUE	0.6793	0.768	0.3616	0.1424	0.6039	0.1488	0.4247	0.1471	right
sess_u0igf6oi1	anonymous	2026-03-24T06:34:57.011Z	B	Victory	1	0.5052230375	0.4086373535	0.6590661413	TRUE	0.6771	0.7673	0.3627	0.1226	0.6047	0.1525	0.4249	0.1555	right
sess_u0igf6oi1	anonymous	2026-03-24T06:34:59.076Z	B	Victory	1	0	0.9949432481	0.2517698632	TRUE	0.6815	0.7754	0.3451	0.1279	0.6088	0.1571	0.4257	0.1578	right
sess_u0igf6oi1	anonymous	2026-03-24T06:35:01.144Z	B	Victory	1	0	0.7849831722	0.3252558897	TRUE	0.6806	0.7745	0.3442	0.1114	0.6085	0.1476	0.4261	0.1584	right
sess_u0igf6oi1	anonymous	2026-03-24T06:35:03.305Z	B	Victory	1	0	0.8377665965	0.3067816912	TRUE	0.68	0.7733	0.3425	0.1258	0.6082	0.143	0.4238	0.1556	right
sess_u0igf6oi1	anonymous	2026-03-24T06:35:04.992Z	B	Dance_Continuous	1	0	1	0.25	TRUE	0.6774	0.7732	0.3312	0.185	0.6051	0.1482	0.4243	0.1629	30s_Interval_AutoLog
sess_u0igf6oi1	anonymous	2026-03-24T06:35:05.366Z	B	Victory	1	0	1	0.25	TRUE	0.6763	0.775	0.3321	0.1868	0.606	0.1499	0.4246	0.1643	right
sess_u0igf6oi1	anonymous	2026-03-24T06:35:07.423Z	B	Victory	1	0.02228097205	1	0.2589123888	TRUE	0.6766	0.7754	0.3421	0.1677	0.6045	0.147	0.4266	0.1626	right
sess_u0igf6oi1	anonymous	2026-03-24T06:35:08.637Z	B	Victory	1	0.4857890813	0.8156253764	0.5088467508	TRUE	0.7183	0.0702	0.3354	0.1668	0.608	0.1552	0.4268	0.1552	left
sess_u0igf6oi1	anonymous	2026-03-24T06:35:09.482Z	B	Victory	1	0.1272127866	0.4159858806	0.5052900564	TRUE	0.7568	0.1877	0.3328	0.1685	0.6048	0.1601	0.4267	0.1603	right
sess_u0igf6oi1	anonymous	2026-03-24T06:35:10.697Z	B	Victory	1	0.5605289137	0.5983130041	0.614802014	TRUE	0.7527	0.2216	0.3397	0.1577	0.6034	0.1583	0.4229	0.1624	left
sess_u0igf6oi1	anonymous	2026-03-24T06:35:11.532Z	B	Victory	1	0.5038082599	0	0.801523304	TRUE	0.7547	0.2312	0.3397	0.1623	0.604	0.1608	0.4247	0.1609	right
sess_u0igf6oi1	anonymous	2026-03-24T06:35:12.749Z	B	Victory	1	0	1	0.25	TRUE	0.7516	0.237	0.3426	0.1698	0.6038	0.1557	0.4265	0.1574	left
sess_u0igf6oi1	anonymous	2026-03-24T06:35:13.590Z	B	Victory	1	0	1	0.25	TRUE	0.7505	0.2373	0.3412	0.1618	0.6044	0.1573	0.4255	0.1576	right
sess_u0igf6oi1	anonymous	2026-03-24T06:35:14.801Z	B	Victory	1	0.02222043006	0.6695915514	0.374531129	TRUE	0.6533	0.2567	0.2952	0.2767	0.5234	0.1765	0.3512	0.1757	left
sess_u0igf6oi1	anonymous	2026-03-24T06:35:15.809Z	B	Victory	1	0.3346686018	0.1341625233	0.6869105576	TRUE	0.6966	0.2314	0.3186	0.1824	0.5733	0.1671	0.4004	0.1774	right
sess_u0igf6oi1	anonymous	2026-03-24T06:35:18.243Z	B	Fireworks_Explosion	1	0.3540364055	0.7795036936	0.4687882694	TRUE	0.6825	0.1099	0.3258	0.0885	0.5777	0.1651	0.4031	0.1664	left
sess_u0igf6oi1	anonymous	2026-03-24T06:35:18.895Z	B	Victory	1	0.04212924346	0.7163506392	0.3661289737	TRUE	0.6872	0.1557	0.3231	0.0836	0.5847	0.1638	0.404	0.166	right
sess_u0igf6oi1	anonymous	2026-03-24T06:35:19.837Z	B	Fireworks_Explosion	1	0.7312498744	0.1714441531	0.8324944962	TRUE	0.7053	0.0669	0.3029	0.0149	0.5955	0.1631	0.4061	0.1532	left
sess_u0igf6oi1	anonymous	2026-03-24T06:35:23.587Z	B	Victory	1	0	1	0.25	TRUE	0.6769	0.0809	0.3392	0.0258	0.5871	0.1656	0.4025	0.1582	right
sess_u0igf6oi1	anonymous	2026-03-24T06:35:24.335Z	B	Fireworks_Explosion	0.8952676445	0.5557168364	0.217359408	0.7200278529	TRUE	0.6294	0.1125	0.3576	0.2357	0.587	0.1675	0.4	0.1616	left
sess_u0igf6oi1	anonymous	2026-03-24T06:35:33.580Z	B	Fireworks_Explosion	0.8448159417	0.4394546608	0.3723421389	0.6066661011	TRUE	0.6591	-0.0394	0.3268	0.1349	0.5876	0.1687	0.406	0.1594	left
sess_u0igf6oi1	anonymous	2026-03-24T06:35:34.999Z	B	Dance_Continuous	0.9232289077	0.08776546726	0.9344115451	0.2888693731	TRUE	0.6114	0.118	0.3648	0.2085	0.591	0.1658	0.4026	0.1551	30s_Interval_AutoLog
sess_u0igf6oi1	anonymous	2026-03-24T06:35:45.903Z	B	Victory	0.6947689693	0.4157415571	0.6532566589	0.4613490346	TRUE	0.6161	0.009	0.3914	0.1534	0.5881	0.167	0.4101	0.1515	left
sess_u0igf6oi1	anonymous	2026-03-24T06:35:49.370Z	B	Heart	0.2441365369	0.3416458152	0.1076630143	0.5100104053	TRUE	0.5138	0.3308	0.4614	0.3429	0.5607	0.1591	0.4044	0.177	
sess_u0igf6oi1	anonymous	2026-03-24T06:36:03.650Z	B	Heart	0.3755266828	0.1606095212	0.7475467347	0.246484122	TRUE	0.5018	0.3194	0.4726	0.3072	0.5602	0.1784	0.4205	0.165	
sess_u0igf6oi1	anonymous	2026-03-24T06:36:05.068Z	B	Dance_Continuous	0.1899725831	0	1	0.04749314578	TRUE	0.5855	0.3232	0.5064	0.3014	0.5824	0.1737	0.4516	0.1806	30s_Interval_AutoLog
sess_u0igf6oi1	anonymous	2026-03-24T06:36:05.813Z	B	Heart	0.1685027649	0	1	0.04212569121	TRUE	0.5229	0.3235	0.4989	0.3088	0.5701	0.1887	0.4297	0.1814	
sess_u0igf6oi1	anonymous	2026-03-24T06:36:13.301Z	B	Heart	0.198651203	0.07308954931	0.5849822176	0.2241548443	TRUE	0.5213	0.2685	0.4846	0.2238	0.5545	0.1829	0.4153	0.1949	
sess_u0igf6oi1	anonymous	2026-03-24T06:36:15.056Z	B	Heart	0.28740491	0.1905363186	0.310001061	0.3895653836	TRUE	0.5413	0.2464	0.4899	0.2242	0.5618	0.1743	0.4229	0.1862	
sess_u0igf6oi1	anonymous	2026-03-24T06:36:25.409Z	B	Heart	0.3879134401	0.1440544086	0.241911233	0.4199311919	TRUE	0.551	0.2625	0.4999	0.2861	0.5836	0.1718	0.4396	0.1822	
sess_u0igf6oi1	anonymous	2026-03-24T06:36:28.984Z	B	Victory	0.4395326106	0.5869755268	0.2502478893	0.6070866021	TRUE	0.592	0.1146	0.4228	0.2384	0.5711	0.1994	0.4343	0.1982	left
sess_u0igf6oi1	anonymous	2026-03-24T06:36:32.632Z	B	Heart	0.3110240259	0.0708367878	0.6483437443	0.2291704111	TRUE	0.659	0.3229	0.6145	0.2894	0.6468	0.2187	0.5146	0.1918	
sess_u0igf6oi1	anonymous	2026-03-24T06:36:35.127Z	B	Dance_Continuous	0.3292659074	0.07170414452	0.1542571205	0.4070081425	TRUE	0.5157	0.2442	0.4137	0.3044	0.5476	0.1532	0.4002	0.1686	30s_Interval_AutoLog
sess_u0igf6oi1	anonymous	2026-03-24T06:36:49.598Z	B	Heart	0.2673535775	0.2684608614	0.02059812086	0.5170133966	TRUE	0.553	0.2604	0.5119	0.2492	0.5889	0.2025	0.4516	0.2112	
sess_u0igf6oi1	anonymous	2026-03-24T06:36:58.731Z	B	Heart	0.2898662589	0.5551776071	0.2684233824	0.5505894237	TRUE	0.4854	0.0899	0.4785	0.0742	0.5509	0.1857	0.4076	0.1906	
sess_u0igf6oi1	anonymous	2026-03-24T06:36:59.774Z	B	Victory	0.2511310294	0.7286685598	0.6548382757	0.4750567848	TRUE	0.5399	0.026	0.4107	0.1504	0.5569	0.1907	0.4182	0.1848	left
sess_u0igf6oi1	anonymous	2026-03-24T06:37:04.741Z	B	Victory	0.3407691456	0.6461539027	0	0.6936538475	TRUE	0.5027	0.5421	0.4724	0.448	0.5443	0.5139	0.3946	0.5278	right
sess_u0igf6oi1	anonymous	2026-03-24T06:37:05.217Z	B	Dance_Continuous	0.3259349682	0.5042755423	0.07442970804	0.6071435611	TRUE	0.51	0.5273	0.4164	0.5462	0.5452	0.5057	0.3979	0.5174	30s_Interval_AutoLog
sess_u0igf6oi1	anonymous	2026-03-24T06:37:11.130Z	B	Victory	0.2895778385	0.1056810474	1	0.1146668786	TRUE	0.4686	0.34	0.4358	0.4661	0.5442	0.4267	0.3969	0.4274	left
sess_u0igf6oi1	anonymous	2026-03-24T06:37:19.232Z	B	Heart	0.5597865643	0.7984586123	0.1248064641	0.7656478236	TRUE	0.5058	0.4451	0.487	0.3499	0.543	0.4307	0.4018	0.4255	
sess_u0igf6oi1	anonymous	2026-03-24T06:37:22.132Z	B	Heart	0.5021032184	0.3675945327	0.7063902502	0.3753270301	TRUE	0.506	0.4542	0.4516	0.4631	0.547	0.4306	0.3993	0.4286	
sess_u0igf6oi1	anonymous	2026-03-24T06:37:24.158Z	B	Heart	0.6940795186	0.1900545693	0.8257592127	0.3105259829	TRUE	0.5167	0.465	0.464	0.4842	0.5473	0.4279	0.4017	0.4247	
sess_u0igf6oi1	anonymous	2026-03-24T06:37:35.260Z	B	Dance_Continuous	0.8452372766	0.8500207691	0.188025148	0.835508825	TRUE	0.57	0.4758	0.3847	0.447	0.5542	0.424	0.4083	0.4192	30s_Interval_AutoLog
sess_u0igf6oi1	anonymous	2026-03-24T06:37:36.720Z	B	Heart	0.3736700899	0.4819309619	0.7791671656	0.3634813993	TRUE	0.5004	0.2995	0.4748	0.2968	0.5448	0.44	0.4016	0.4381	
sess_u0igf6oi1	anonymous	2026-03-24T06:37:27.925Z	B	Heart	0.3755906111	0.5716442426	0.6484809507	0.4455870171	TRUE	0.432	0.2885	0.4323	0.2912	0.5563	0.4021	0.4087	0.3965	
sess_u0igf6oi1	anonymous	2026-03-24T06:37:28.517Z	B	Heart	0.276873094	0.06176020456	1	0.09392235533	TRUE	0.4142	0.2945	0.4143	0.2947	0.5362	0.4132	0.3932	0.4122	
sess_u0igf6oi1	anonymous	2026-03-24T06:37:42.004Z	B	Heart	0.7867747482	0.8204961904	0.3505682194	0.7521932865	TRUE	0.4834	0.301	0.4767	0.2979	0.5427	0.4384	0.4001	0.4409	
sess_u0igf6oi1	anonymous	2026-03-24T06:37:44.482Z	B	Fireworks_Explosion	1	0.5543389662	0.3439458349	0.7013545443	TRUE	0.6923	0.2111	0.2973	0.2113	0.5525	0.423	0.4042	0.4214	left
sess_u0igf6oi1	anonymous	2026-03-24T06:37:46.545Z	B	Fireworks_Explosion	1	0.4887135622	0	0.7954854249	TRUE	0.662	0.2304	0.3191	0.2192	0.5572	0.4214	0.4033	0.4236	left
sess_u0igf6oi1	anonymous	2026-03-24T06:37:48.886Z	B	Fireworks_Explosion	1	0.1290244261	0.941385148	0.3221249687	TRUE	0.6617	0.2382	0.302	0.2322	0.5596	0.4233	0.4036	0.4242	left
sess_u0igf6oi1	anonymous	2026-03-24T06:37:53.978Z	B	Fireworks_Explosion	0.8290109589	0.3323614211	0.6701174312	0.4556562072	TRUE	0.6155	0.2033	0.3562	0.1909	0.561	0.4203	0.4095	0.4218	left
sess_u0igf6oi1	anonymous	2026-03-24T06:37:56.466Z	B	Fireworks_Explosion	0.8944586762	0.5407086158	0.2398186803	0.7059615773	TRUE	0.5948	0.2774	0.3496	0.4015	0.5609	0.4162	0.4023	0.4203	left
sess_u0igf6oi1	anonymous	2026-03-24T06:38:04.446Z	B	Fireworks_Explosion	0.5214323733	0.6572108139	0.23571	0.6607439189	TRUE	0.57	0.1541	0.4112	0.1119	0.5533	0.4148	0.4095	0.4129	left
sess_u0igf6oi1	anonymous	2026-03-24T06:38:05.341Z	B	Dance_Continuous	0.6559231509	0.2571800459	0.5176297073	0.4356824085	TRUE	0.5819	0.2604	0.4064	0.2459	0.5548	0.4161	0.4106	0.4187	30s_Interval_AutoLog
sess_u0igf6oi1	anonymous	2026-03-24T06:38:06.917Z	B	Fireworks_Explosion	0.6046122783	0.2690353708	0.6888987199	0.3676526659	TRUE	0.5982	0.1548	0.3954	0.141	0.5541	0.4207	0.4089	0.4192	left
sess_u0igf6oi1	anonymous	2026-03-24T06:38:09.177Z	B	Fireworks_Explosion	0.6267137315	0.06453069893	0.7804971347	0.2593167153	TRUE	0.5781	0.2081	0.4089	0.1866	0.5525	0.4195	0.4069	0.425	right
sess_u0igf6oi1	anonymous	2026-03-24T06:38:14.561Z	B	Fireworks_Explosion	0.4938279712	0.1072059861	1	0.1663393872	TRUE	0.5617	0.1658	0.4249	0.1661	0.548	0.4212	0.4106	0.4208	left
sess_u0igf6oi1	anonymous	2026-03-24T06:38:21.707Z	B	Fireworks_Explosion	0.3600033278	0.2275332698	0.749087993	0.2688333423	TRUE	0.5528	0.2461	0.4685	0.1946	0.5489	0.4211	0.4049	0.4256	right
sess_u0igf6oi1	anonymous	2026-03-24T06:38:24.957Z	B	Fireworks_Explosion	0.2807622112	0.2342800604	0.6487519229	0.286839404	TRUE	0.5526	0.2146	0.4593	0.2142	0.5513	0.4214	0.4074	0.4262	left
sess_u0igf6oi1	anonymous	2026-03-24T06:38:27.135Z	B	Fireworks_Explosion	0.3346327749	0	0.3392733833	0.3149125096	TRUE	0.5713	0.175	0.4096	0.1474	0.5512	0.4147	0.4124	0.4124	left
sess_u0igf6oi1	anonymous	2026-03-24T06:38:35.415Z	B	Dance_Continuous	0.5717376329	0.1240164336	1	0.1925409817	TRUE	0.5961	0.1847	0.4246	0.1722	0.5474	0.4188	0.4039	0.4238	30s_Interval_AutoLog
sess_u0igf6oi1	anonymous	2026-03-24T06:38:37.158Z	B	Fireworks_Explosion	0.3652958425	0.03111261888	0.9698939321	0.1143061319	TRUE	0.5807	0.1472	0.434	0.1223	0.5461	0.4277	0.413	0.4257	right
sess_u0igf6oi1	anonymous	2026-03-24T06:38:41.845Z	B	Fireworks_Explosion	0.462544633	0.04215883027	1	0.1324996904	TRUE	0.5686	0.1883	0.4435	0.1846	0.5462	0.4241	0.4131	0.4276	left
sess_u0igf6oi1	anonymous	2026-03-24T06:38:44.628Z	B	Victory	0.368975864	0.05088724899	1	0.1125988656	TRUE	0.5535	0.207	0.4719	0.229	0.5447	0.4162	0.4105	0.4212	left
sess_u0igf6oi1	anonymous	2026-03-24T06:38:47.594Z	B	Fireworks_Explosion	0.3353693587	0.18386761	1	0.1573893837	TRUE	0.5603	0.1873	0.4792	0.1937	0.5504	0.4109	0.4119	0.4168	left
sess_u0igf6oi1	anonymous	2026-03-24T06:38:50.404Z	B	Fireworks_Explosion	0.3939864321	0.1097412489	1	0.1423931076	TRUE	0.553	0.2055	0.419	0.3331	0.5485	0.409	0.4129	0.4177	left
sess_u0igf6oi1	anonymous	2026-03-24T06:38:53.040Z	B	Fireworks_Explosion	0.3462396831	0.1551413394	0.9060344554	0.1815043972	TRUE	0.5494	0.2036	0.4429	0.2473	0.5466	0.409	0.4101	0.4172	left
sess_u0igf6oi1	NCNU_User_1774334334628	2026-03-24T06:38:55.904Z	B	Fireworks_Explosion	0.5	0.5	0.5	0.5	FALSE	0.564	0.1866	0.3823	0.3494	0.5534	0.4063	0.4095	0.4196	left
sess_xs4xi4j1f	NCNU_User_1774334334628	2026-03-24T06:39:04.719Z	B	Victory	0.5	0.5	0.5	0.5	FALSE	0.5679	0.9339	0.3918	0.9543	0.5539	0.435	0.4003	0.4422	right
sess_xs4xi4j1f	NCNU_User_1774334334628	2026-03-24T06:39:07.403Z	B	Victory	0.5	0.5	0.5	0.5	FALSE	0.6169	0.3341	0.3602	0.3169	0.5465	0.4304	0.4118	0.4421	left
sess_xs4xi4j1f	NCNU_User_1774334334628	2026-03-24T06:39:09.112Z	B	Dance_Continuous	0.4820670236	1	0	0.8705167559	TRUE	0.4751	0.3292	0.498	0.1931	0.525	0.4119	0.4066	0.4097	30s_Interval_AutoLog
sess_xs4xi4j1f	NCNU_User_1774334334628	2026-03-24T06:39:09.393Z	B	Heart	0.1624167973	0.8074347371	0.1420226014	0.6638701837	TRUE	0.4929	0.3868	0.4635	0.3834	0.5341	0.4105	0.4068	0.4074	
sess_xs4xi4j1f	NCNU_User_1774334334628	2026-03-24T06:39:10.075Z	B	Heart	0	0.6098947193	0.3036441826	0.4876824238	TRUE	0.5207	0.2752	0.5124	0.2788	0.5422	0.4038	0.4041	0.4069	
sess_xs4xi4j1f	NCNU_User_1774334334628	2026-03-24T06:39:11.125Z	B	Heart	0	0.2592392961	0.7997580868	0.1737803881	TRUE	0.4894	0.4471	0.4564	0.4449	0.5504	0.411	0.4061	0.4164	
sess_xs4xi4j1f	NCNU_User_1774334334628	2026-03-24T06:39:13.303Z	B	Heart	0	0.4490077146	0.6932197295	0.2869761805	TRUE	0.4868	0.4443	0.4712	0.4477	0.5498	0.3983	0.4072	0.4085	
sess_xs4xi4j1f	NCNU_User_1774334334628	2026-03-24T06:39:14.567Z	B	Heart	0	0.3871684408	0.8537062424	0.2060701915	TRUE	0.5222	0.3053	0.4902	0.3448	0.5547	0.4099	0.4083	0.4082	
sess_xs4xi4j1f	NCNU_User_1774334334628	2026-03-24T06:39:15.038Z	B	Victory	0	0.5929204415	0.6752680176	0.3508243704	TRUE	0.4839	0.257	0.4203	0.3476	0.5557	0.431	0.4077	0.4238	left
sess_xs4xi4j1f	NCNU_User_1774334334628	2026-03-24T06:39:16.603Z	B	Heart	0	0.7050872854	0.5566015609	0.4372243678	TRUE	0.5028	0.305	0.5165	0.3058	0.544	0.4191	0.4061	0.4188	
sess_xs4xi4j1f	NCNU_User_1774334334628	2026-03-24T06:39:19.475Z	B	Heart	0.1074073861	0.7900607138	0	0.692876132	TRUE	0.4601	0.2679	0.4707	0.2292	0.5255	0.4178	0.4096	0.4447	
sess_xs4xi4j1f	NCNU_User_1774334334628	2026-03-24T06:39:23.205Z	B	Heart	0.2525019232	0.798822557	0.1639154684	0.6752840897	TRUE	0.4585	0.1809	0.4731	0.1915	0.5345	0.4096	0.4198	0.4295	
sess_xs4xi4j1f	NCNU_User_1774334334628	2026-03-24T06:39:29.944Z	B	Heart	0.5198041934	0.7530072397	0.3790624737	0.6484820785	TRUE	0.564	0.2377	0.5582	0.2387	0.6022	0.4202	0.4524	0.4261	
sess_xs4xi4j1f	NCNU_User_1774334334628	2026-03-24T06:39:30.730Z	B	Heart	0.01181213187	0.3914216347	0.8006448741	0.2292959809	TRUE	0.5475	0.2716	0.4957	0.2574	0.5955	0.4119	0.4508	0.4207	
sess_xs4xi4j1f	NCNU_User_1774334334628	2026-03-24T06:39:31.121Z	B	Heart	0	0.3169037917	0.8404505926	0.1826038093	TRUE	0.5526	0.2847	0.5056	0.2853	0.5884	0.4302	0.4455	0.4328	
sess_xs4xi4j1f	NCNU_User_1774334334628	2026-03-24T06:39:33.361Z	B	Heart	0.272319011	1	0	0.8180797527	TRUE	0.5896	0.2491	0.5871	0.2526	0.5737	0.4276	0.4428	0.4313	
sess_xs4xi4j1f	NCNU_User_1774334334628	2026-03-24T06:39:34.745Z	B	Heart	0	0.8978227506	0.07751584376	0.6819985549	TRUE	0.5646	0.2241	0.5254	0.2113	0.5892	0.4285	0.4428	0.4299	
sess_kqhdfa7nt	NCNU_User_1774334375128	2026-03-24T06:39:36.600Z	B	Heart	0.5	0.5	0.5	0.5	FALSE	0.5704	0.2377	0.5695	0.2371	0.5742	0.4079	0.4417	0.4147	
sess_kqhdfa7nt	NCNU_User_1774334375128	2026-03-24T06:39:38.350Z	B	Victory	0.5	0.5	0.5	0.5	FALSE	0.5629	0.1777	0.4651	0.2765	0.5846	0.4059	0.4412	0.4092	left
sess_kqhdfa7nt	NCNU_User_1774334375128	2026-03-24T06:39:39.933Z	B	Heart	0.5	0.5	0.5	0.5	FALSE	0.5714	0.2597	0.572	0.2587	0.5811	0.4133	0.4418	0.4206	
sess_kqhdfa7nt	NCNU_User_1774334375128	2026-03-24T06:39:40.133Z	B	Victory	0.5	0.5	0.5	0.5	FALSE	0.5713	0.3026	0.5095	0.3052	0.585	0.4167	0.4425	0.4219	right
sess_kqhdfa7nt	NCNU_User_1774334375128	2026-03-24T06:39:41.228Z	B	Victory	0.5	0.5	0.5	0.5	FALSE	0.497	0.3254	0.4977	0.3244	0.5884	0.4054	0.4413	0.4148	left
sess_kqhdfa7nt	NCNU_User_1774334375128	2026-03-24T06:39:43.859Z	B	Heart	0.5	0.5	0.5	0.5	FALSE	0.5747	0.2712	0.5765	0.2681	0.5847	0.4111	0.4399	0.4146	
sess_kqhdfa7nt	NCNU_User_1774334375128	2026-03-24T06:39:47.856Z	B	Victory	0.5	0.5	0.5	0.5	FALSE	0.4939	0.3859	0.587	0.2813	0.566	0.3943	0.4382	0.4045	right
sess_kqhdfa7nt	NCNU_User_1774334375128	2026-03-24T06:39:49.707Z	B	Baseline_End	0.6600973418	0	1	0.1650243354	TRUE	0.5121	0.4076	0.5797	0.2885	0.5762	0.4104	0.4357	0.4027	baseline calibrated
sess_kqhdfa7nt	NCNU_User_1774334375128	2026-03-24T06:39:50.091Z	B	Victory	0.5154199371	0.2939487616	0.934979242	0.2691917542	TRUE	0.5628	0.2759	0.5633	0.2795	0.5789	0.4152	0.4452	0.4148	right
sess_kqhdfa7nt	NCNU_User_1774334375128	2026-03-24T06:39:51.829Z	B	Heart	0.4191520932	0.2922352343	0.7985863209	0.2921769047	TRUE	0.5229	0.3778	0.4972	0.3727	0.574	0.4074	0.4336	0.4099	
sess_kqhdfa7nt	NCNU_User_1774334375128	2026-03-24T06:39:56.207Z	B	Heart	0.1864884421	0.02923497625	1	0.05831610102	TRUE	0.4836	0.3004	0.4837	0.2971	0.5823	0.425	0.4391	0.4277	
sess_kqhdfa7nt	NCNU_User_1774334375128	2026-03-24T06:39:57.278Z	B	Heart	0.1636181948	0.4025785023	0.3470374796	0.4304728317	TRUE	0.5074	0.1041	0.5089	0.1045	0.5768	0.3473	0.438	0.3597	
sess_kqhdfa7nt	NCNU_User_1774334375128	2026-03-24T06:40:00.221Z	B	Heart	0.3222659486	0.91416603	0.09341278318	0.763538425	TRUE	0.5525	0.1976	0.5531	0.2004	0.5814	0.3941	0.4429	0.4041	
sess_kqhdfa7nt	NCNU_User_1774334375128	2026-03-24T06:40:04.853Z	B	Heart	0.3355699542	0.2525224484	0.9532859587	0.2012513824	TRUE	0.4792	0.272	0.4767	0.2691	0.5808	0.4128	0.441	0.4272	
sess_kqhdfa7nt	NCNU_User_1774334375128	2026-03-24T06:40:05.550Z	B	Heart	0.1340753919	0.6496318827	0.4899347667	0.4718944327	TRUE	0.5481	0.2724	0.5509	0.2818	0.5819	0.4148	0.4403	0.4215	
sess_kqhdfa7nt	NCNU_User_1774334375128	2026-03-24T06:40:05.844Z	B	Victory	0.01754680225	0.3885953612	0.7095574696	0.2614797307	TRUE	0.5481	0.2687	0.5505	0.2758	0.5828	0.4141	0.4414	0.4202	left
sess_kqhdfa7nt	NCNU_User_1774334375128	2026-03-24T06:40:14.049Z	B	Victory	1	0.7325281009	0.6173103397	0.6769526215	TRUE	0.7656	0.1722	0.2864	0.3833	0.5908	0.4084	0.4331	0.4182	left
sess_kqhdfa7nt	NCNU_User_1774334375128	2026-03-24T06:40:22.773Z	B	Victory	0.7115644666	0	1	0.1778911166	TRUE	0.5782	0.9736	0.4133	0.9794	0.5735	0.4343	0.4176	0.4519	right
sess_kqhdfa7nt	NCNU_User_1774334375128	2026-03-24T06:40:25.550Z	B	Victory	0.7021729757	0.09392550336	0.6866268371	0.3227940523	TRUE	0.5902	0.97	0.4296	0.9808	0.5813	0.4258	0.4241	0.4413	right
sess_kqhdfa7nt	NCNU_User_1774334375128	2026-03-24T06:40:30.592Z	B	Victory	1	0.7108381405	0.580499714	0.6811603563	TRUE	0.7472	-0.0192	0.2941	-0.023	0.5835	0.3807	0.4313	0.3913	right
sess_kqhdfa7nt	NCNU_User_1774334375128	2026-03-24T06:40:39.805Z	B	Victory	1	0.1590046511	0.6129318109	0.4490757266	TRUE	0.6851	-0.0079	0.3595	0.0226	0.5773	0.3996	0.4435	0.408	right
sess_kqhdfa7nt	NCNU_User_1774334375128	2026-03-24T06:40:48.430Z	B	Victory	0.7494118774	0.02192064039	1	0.1961212255	TRUE	0.5946	0.9761	0.4289	0.9637	0.5875	0.4178	0.428	0.4348	right
sess_kqhdfa7nt	NCNU_User_1774334375128	2026-03-24T06:40:49.824Z	B	Dance_Continuous	0.6986065786	0.05578051188	0.2035133414	0.4757341799	TRUE	0.5912	0.9801	0.4323	0.985	0.5887	0.4177	0.4281	0.4315	30s_Interval_AutoLog
sess_kqhdfa7nt	NCNU_User_1774334375128	2026-03-24T06:40:55.086Z	B	Victory	1	0	1	0.25	TRUE	0.6211	0.9429	0.3882	0.9624	0.5856	0.4149	0.4311	0.4412	right
sess_kqhdfa7nt	NCNU_User_1774334375128	2026-03-24T06:40:57.282Z	B	Victory	0.982425654	0.1044069324	0.6970762923	0.3933924842	TRUE	0.4107	0.966	0.1975	0.9902	0.364	0.4257	0.1925	0.4632	right
sess_kqhdfa7nt	NCNU_User_1774334375128	2026-03-24T06:41:00.507Z	B	Victory	1	0.7057171223	0.07179747072	0.8571577342	TRUE	0.3754	0.9928	0.1414	0.2038	0.3757	0.4377	0.2146	0.4492	right
sess_kqhdfa7nt	NCNU_User_1774334375128	2026-03-24T06:41:02.594Z	B	Victory	1	0	1	0.25	TRUE	0.3739	0.9933	0.1348	0.2391	0.3741	0.4449	0.2064	0.4442	right
sess_kqhdfa7nt	NCNU_User_1774334375128	2026-03-24T06:41:19.852Z	B	Dance_Continuous	0.5538108404	0	1	0.1384527101	TRUE	0.3578	1.0059	0.217	0.9872	0.3616	0.4315	0.1958	0.4573	30s_Interval_AutoLog
sess_kqhdfa7nt	NCNU_User_1774334375128	2026-03-24T06:41:27.298Z	B	Victory	1	0.4721639513	0.8061967533	0.5066967169	TRUE	0.3663	0.9883	0.1416	0.1484	0.3647	0.4333	0.2033	0.4491	right
sess_kqhdfa7nt	NCNU_User_1774334375128	2026-03-24T06:41:28.982Z	B	Victory	1	0.2048683525	0.6736479736	0.4461705503	TRUE	0.3944	0.1221	0.1339	0.1441	0.3569	0.4393	0.2051	0.4513	left
sess_kqhdfa7nt	NCNU_User_1774334375128	2026-03-24T06:41:29.359Z	B	Victory	1	0.1858190456	0.6303064653	0.4537203554	TRUE	0.3931	0.1867	0.1594	0.1963	0.3637	0.4368	0.2179	0.4522	right
sess_kqhdfa7nt	NCNU_User_1774334375128	2026-03-24T06:41:31.056Z	B	Victory	1	0.8644778889	0.2981616066	0.8414345932	TRUE	0.4249	0.0343	0.1003	0.0545	0.3574	0.4086	0.2043	0.4087	left
sess_kqhdfa7nt	NCNU_User_1774334375128	2026-03-24T06:41:40.865Z	B	Heart	0.8064524294	0.4008843101	0.1950706275	0.6436921118	TRUE	0.2665	0.3967	0.2578	0.3929	0.3572	0.4143	0.2217	0.4253	
sess_kqhdfa7nt	NCNU_User_1774334375128	2026-03-24T06:41:41.821Z	B	Heart	0.1609876435	0.2625306172	0.9851407197	0.1504599059	TRUE	0.2681	0.4285	0.2499	0.4314	0.3571	0.4204	0.2134	0.4461	
sess_kqhdfa7nt	NCNU_User_1774334375128	2026-03-24T06:41:44.193Z	B	Heart	0.5252996121	0.6156031534	0.007922753365	0.7247932007	TRUE	0.2571	0.213	0.2608	0.1657	0.3498	0.4127	0.2157	0.4336	
sess_kqhdfa7nt	NCNU_User_1774334375128	2026-03-24T06:41:45.052Z	B	Heart	0.226989812	0.371569425	0.4142167499	0.4103993605	TRUE	0.2158	0.2413	0.2179	0.2375	0.3574	0.3971	0.2113	0.4173	
sess_kqhdfa7nt	NCNU_User_1774334375128	2026-03-24T06:41:47.132Z	B	Heart	0.6040462931	0.7099788389	0.2000278186	0.7149933723	TRUE	0.2096	0.1651	0.2098	0.1651	0.3577	0.3839	0.2204	0.3958	
sess_kqhdfa7nt	NCNU_User_1774334375128	2026-03-24T06:41:47.884Z	B	Heart	0.3091485346	0.1822654776	1	0.1501933247	TRUE	0.2092	0.2212	0.209	0.22	0.3592	0.3825	0.2181	0.4082	
sess_kqhdfa7nt	NCNU_User_1774334375128	2026-03-24T06:41:49.940Z	B	Dance_Continuous	1	0.5087451144	0.6213061022	0.58604091	TRUE	0.313	0.1094	0.2215	0.1078	0.3538	0.4274	0.2247	0.4436	30s_Interval_AutoLog
sess_kqhdfa7nt	NCNU_User_1774334375128	2026-03-24T06:41:50.211Z	B	Heart	0.8554326763	0.5513277213	0.2528249657	0.6959005196	TRUE	0.2605	0.2029	0.257	0.1894	0.3542	0.4191	0.2285	0.4334	
sess_kqhdfa7nt	NCNU_User_1774334375128	2026-03-24T06:41:53.191Z	B	Victory	0.9932324683	0.1919770692	0.6579015947	0.4448333866	TRUE	0.4348	0.9667	0.1262	0.9667	0.3705	0.4197	0.2091	0.4309	right
sess_kqhdfa7nt	NCNU_User_1774334375128	2026-03-24T06:40:19.753Z	B	Dance_Continuous	0.7523396994	0	1	0.1880849249	TRUE	0.592	0.9652	0.4249	0.992	0.5756	0.4253	0.4174	0.4451	30s_Interval_AutoLog
sess_kqhdfa7nt	NCNU_User_1774334375128	2026-03-24T06:41:57.051Z	B	Heart	0.481884105	0.7311499936	0.1119969729	0.7237320832	TRUE	0.242	0.8489	0.2609	0.8575	0.3689	0.4196	0.2105	0.4266	
sess_kqhdfa7nt	NCNU_User_1774334375128	2026-03-24T06:41:58.168Z	B	Heart	0.3254975185	0.4554091312	0.5672492704	0.4150007874	TRUE	0.2685	0.3663	0.2563	0.3533	0.3656	0.3975	0.2265	0.4099	
sess_kqhdfa7nt	NCNU_User_1774334375128	2026-03-24T06:41:58.811Z	B	Heart	0.2241736439	0.423751018	0.9048230936	0.2588557354	TRUE	0.2671	0.4442	0.2449	0.4458	0.3597	0.4103	0.2143	0.4344	
sess_kqhdfa7nt	NCNU_User_1774334375128	2026-03-24T06:42:01.774Z	B	Heart	0.6946130435	0.3652374736	0.5906081095	0.463035412	TRUE	0.2762	0.2952	0.2468	0.3157	0.3588	0.4333	0.2295	0.4392	
sess_kqhdfa7nt	NCNU_User_1774334375128	2026-03-24T06:42:04.435Z	B	Heart	0.4166950452	0.3775764642	0.9520565189	0.2719845654	TRUE	0.2675	0.4042	0.2397	0.4055	0.3499	0.4035	0.2153	0.4417	
sess_kqhdfa7nt	NCNU_User_1774334375128	2026-03-24T06:42:07.266Z	B	Heart	0.6511361458	0.253168332	0.8279138843	0.3242815097	TRUE	0.2681	0.3672	0.2377	0.3511	0.3557	0.3954	0.2182	0.4175	
sess_kqhdfa7nt	NCNU_User_1774334375128	2026-03-24T06:42:08.187Z	B	Heart	0.3303493286	0.2765289573	0.792574019	0.2657980084	TRUE	0.2632	0.4188	0.2327	0.4128	0.3476	0.4073	0.2111	0.44	
sess_kqhdfa7nt	NCNU_User_1774334375128	2026-03-24T06:42:11.594Z	B	Heart	0.5834804022	0.4711950432	0.2083576425	0.6114229429	TRUE	0.2843	0.285	0.251	0.2607	0.3601	0.4194	0.2336	0.4102	
sess_kqhdfa7nt	NCNU_User_1774334375128	2026-03-24T06:42:12.243Z	B	Heart	0.2810855378	0.4690041523	0.3081945672	0.5000049468	TRUE	0.2674	0.4388	0.2441	0.4443	0.3586	0.4217	0.2121	0.4488	
sess_kqhdfa7nt	NCNU_User_1774334375128	2026-03-24T06:42:14.481Z	B	Heart	0.3943561283	0.6644435759	0.5669152426	0.5159461275	TRUE	0.2652	0.3263	0.2611	0.3267	0.3609	0.391	0.2232	0.4006	
sess_kqhdfa7nt	NCNU_User_1774334375128	2026-03-24T06:42:17.462Z	B	Heart	0.562503117	0.3879769263	0.6428966661	0.4208027167	TRUE	0.2712	0.2723	0.2386	0.2436	0.3551	0.4028	0.2168	0.4128	
sess_kqhdfa7nt	NCNU_User_1774334375128	2026-03-24T06:42:19.955Z	B	Dance_Continuous	0.707491834	0.4194146084	0.8313621014	0.4036620663	TRUE	0.4094	0.9682	0.1698	0.8643	0.3658	0.4326	0.2039	0.4493	30s_Interval_AutoLog
sess_kqhdfa7nt	NCNU_User_1774334375128	2026-03-24T06:42:49.364Z	B	Victory	1	0.7483367808	0	0.8993347123	TRUE	0.4298	-0.024	0.0715	-0.0116	0.3504	0.4203	0.2014	0.4292	right
sess_kqhdfa7nt	NCNU_User_1774334375128	2026-03-24T06:42:50.025Z	B	Dance_Continuous	1	0.3781660145	0.2598992388	0.6603016722	TRUE	0.4261	-0.0164	0.059	0.0329	0.3494	0.4202	0.2019	0.4199	30s_Interval_AutoLog
sess_kqhdfa7nt	NCNU_User_1774334375128	2026-03-24T06:42:55.577Z	B	Heart	0.9898532276	0.6215930163	0.4475910865	0.6894436331	TRUE	0.2773	0.4527	0.2329	0.4449	0.3592	0.4309	0.2048	0.4523	
sess_kqhdfa7nt	NCNU_User_1774334375128	2026-03-24T06:42:56.507Z	B	Gull_Flap	1	0.7017763415	0.1970500881	0.8117430058	TRUE	0.5317	0.0281	0.0402	0.0562	0.3638	0.4144	0.2114	0.4245	
sess_kqhdfa7nt	NCNU_User_1774334375128	2026-03-24T06:42:57.723Z	B	Heart	1	0.6181790969	0.1166160431	0.8064560237	TRUE	0.2778	0.397	0.2454	0.3956	0.3645	0.417	0.211	0.4486	
sess_kqhdfa7nt	NCNU_User_1774334375128	2026-03-24T06:42:58.189Z	B	Heart	0.5005722405	0.4761932299	0.5700474056	0.4661037601	TRUE	0.282	0.4542	0.2488	0.4479	0.3632	0.4298	0.2119	0.4555	
sess_kqhdfa7nt	NCNU_User_1774334375128	2026-03-24T06:43:00.703Z	B	Heart	0.7621658445	0.5509489355	0.4142724928	0.6159256628	TRUE	0.2756	0.4588	0.2574	0.37	0.3688	0.4203	0.2183	0.4378	
sess_kqhdfa7nt	NCNU_User_1774334375128	2026-03-24T06:43:03.840Z	B	Heart	1	0.5022929584	0.1235317755	0.7576810619	TRUE	0.2653	0.4452	0.2247	0.4712	0.357	0.4148	0.2045	0.4555	
sess_kqhdfa7nt	NCNU_User_1774334375128	2026-03-24T06:43:09.118Z	B	Gull_Flap	1	0.5317320284	0.9296654048	0.4873099197	TRUE	0.5527	0.2602	0.0331	0.3774	0.3681	0.4068	0.2091	0.4219	
sess_kqhdfa7nt	NCNU_User_1774334375128	2026-03-24T06:43:20.033Z	B	Dance_Continuous	1	0.5261226705	0.6142861348	0.595448921	TRUE	0.5129	0.5234	0.0234	0.496	0.3638	0.4186	0.2013	0.4329	30s_Interval_AutoLog
sess_kqhdfa7nt	NCNU_User_1774334375128	2026-03-24T06:43:43.666Z	B	Heart	0.898720837	0.6512833976	0.2660357367	0.7420810604	TRUE	0.3562	0.4867	0.3553	0.3911	0.4483	0.4371	0.2673	0.4461	
sess_kqhdfa7nt	NCNU_User_1774334375128	2026-03-24T06:43:44.826Z	B	Gull_Flap	1	0.6149275102	0.182628211	0.7820511302	TRUE	0.7379	0.2328	0.0578	0.1999	0.4783	0.4225	0.2955	0.4374	
sess_kqhdfa7nt	NCNU_User_1774334375128	2026-03-24T06:43:45.966Z	B	Heart	1	0.7404841139	0.1517966932	0.8430648029	TRUE	0.3879	0.465	0.3564	0.4652	0.4732	0.4452	0.2984	0.4581	
sess_kqhdfa7nt	NCNU_User_1774334375128	2026-03-24T06:43:46.967Z	B	Gull_Flap	1	0.7374789945	0.2593538728	0.8042177423	TRUE	0.6912	0.1908	0.0243	0.0799	0.4686	0.3996	0.2827	0.4104	
sess_kqhdfa7nt	NCNU_User_1774334375128	2026-03-24T06:43:48.562Z	B	Heart	0.9801384366	0.7161205397	0.3014481094	0.7759759867	TRUE	0.3953	0.5456	0.3559	0.5392	0.4744	0.4589	0.2894	0.4811	
sess_kqhdfa7nt	NCNU_User_1774334375128	2026-03-24T06:43:49.560Z	B	Gull_Flap	1	0.6097861437	0.2277183484	0.7642130356	TRUE	0.7564	0.1035	0.0458	0.0685	0.4768	0.3992	0.2882	0.4099	
sess_kqhdfa7nt	NCNU_User_1774334375128	2026-03-24T06:43:50.132Z	B	Dance_Continuous	1	0.9343333301	0	0.9737333321	TRUE	0.4211	0.3799	0.33	0.3364	0.4684	0.4308	0.3009	0.4393	30s_Interval_AutoLog
sess_kqhdfa7nt	NCNU_User_1774334375128	2026-03-24T06:43:50.559Z	B	Heart	0.905713503	1	0	0.9764283757	TRUE	0.3825	0.4858	0.3803	0.4518	0.4835	0.4599	0.2918	0.4604	
sess_kqhdfa7nt	NCNU_User_1774334375128	2026-03-24T06:43:51.268Z	B	Gull_Flap	1	1	0.05955119478	0.9791570818	TRUE	0.6952	0.0983	0.0705	0.1145	0.4757	0.3952	0.2919	0.4	
sess_kqhdfa7nt	NCNU_User_1774334375128	2026-03-24T06:43:52.528Z	B	Heart	0.9899493805	0.8677459409	0.03737508449	0.9315044419	TRUE	0.3896	0.5397	0.3445	0.529	0.482	0.4751	0.2965	0.4877	
sess_kqhdfa7nt	NCNU_User_1774334375128	2026-03-24T06:43:53.199Z	B	Gull_Flap	1	0.9486575698	0.1750517236	0.9181949247	TRUE	0.6957	0.0999	0.0366	0.0372	0.4763	0.3945	0.2966	0.4026	
sess_kqhdfa7nt	NCNU_User_1774334375128	2026-03-24T06:43:54.652Z	B	Heart	1	0.9239290297	0.06537961892	0.9466887452	TRUE	0.3865	0.5349	0.3381	0.5052	0.4768	0.4671	0.288	0.4938	
sess_kqhdfa7nt	NCNU_User_1774334375128	2026-03-24T06:43:55.452Z	B	Gull_Flap	1	1	0.2557358721	0.9104924448	TRUE	0.7145	0.0795	0.0274	0.0322	0.4747	0.3843	0.2881	0.3995	
sess_kqhdfa7nt	NCNU_User_1774334375128	2026-03-24T06:43:56.787Z	B	Heart	1	1	0	1	TRUE	0.3866	0.3344	0.3564	0.3354	0.4627	0.4568	0.2988	0.4649	
sess_kqhdfa7nt	NCNU_User_1774334375128	2026-03-24T06:43:58.124Z	B	Gull_Flap	1	0.957691383	0.008389355121	0.9801402789	TRUE	0.6714	0.1213	0.0905	0.2001	0.4688	0.4045	0.2929	0.4075	
sess_kqhdfa7nt	NCNU_User_1774334375128	2026-03-24T06:43:59.456Z	B	Heart	1	0.9406577432	0.04434077403	0.9607438264	TRUE	0.392	0.4829	0.3434	0.4889	0.4696	0.4479	0.2936	0.4778	
sess_kqhdfa7nt	NCNU_User_1774334375128	2026-03-24T06:44:00.393Z	B	Gull_Flap	1	0.6002657364	0.2290663591	0.7599330689	TRUE	0.6854	0.0291	0.0692	0.0551	0.4797	0.3719	0.2991	0.3904	
sess_kqhdfa7nt	NCNU_User_1774334375128	2026-03-24T06:44:01.858Z	B	Heart	0.9424574192	0.819803441	0.08363616951	0.8842630719	TRUE	0.3914	0.5184	0.3464	0.5323	0.4792	0.4613	0.2898	0.4924	
sess_kqhdfa7nt	NCNU_User_1774334375128	2026-03-24T06:44:02.794Z	B	Gull_Flap	1	0.6418312784	0.4349775708	0.7044903616	TRUE	0.6892	0.0601	0.0413	0.1112	0.4668	0.3845	0.2821	0.4025	
sess_kqhdfa7nt	NCNU_User_1774334375128	2026-03-24T06:44:04.122Z	B	Heart	0.8399424648	0.6441380737	0.426150634	0.6684881238	TRUE	0.3546	0.3968	0.3648	0.3734	0.4729	0.4448	0.2934	0.4655	
sess_kqhdfa7nt	NCNU_User_1774334375128	2026-03-24T06:44:04.797Z	B	Gull_Flap	1	0.8756053175	0.3475535003	0.8285984019	TRUE	0.6843	0.0599	0.0677	0.0971	0.4745	0.3824	0.2908	0.3938	
sess_kqhdfa7nt	NCNU_User_1774334375128	2026-03-24T06:44:06.130Z	B	Heart	0.9686727829	1	0	0.9921681957	TRUE	0.3711	0.462	0.3648	0.4638	0.4789	0.4716	0.2983	0.4821	
sess_kqhdfa7nt	NCNU_User_1774334375128	2026-03-24T06:44:06.803Z	B	Gull_Flap	1	1	0.3166921603	0.8891577439	TRUE	0.6885	0.0931	0.0909	0.142	0.4752	0.3956	0.2992	0.4012	
sess_kqhdfa7nt	NCNU_User_1774334375128	2026-03-24T06:44:08.268Z	B	Heart	1	1	0	1	TRUE	0.3858	0.5243	0.3453	0.5075	0.4703	0.4477	0.2865	0.4606	
sess_kqhdfa7nt	NCNU_User_1774334375128	2026-03-24T06:44:09.335Z	B	Gull_Flap	1	1	0.1581127787	0.9446605275	TRUE	0.6838	0.0973	0.0569	0.085	0.471	0.3918	0.2933	0.4104	
sess_kqhdfa7nt	NCNU_User_1774334375128	2026-03-24T06:44:12.640Z	B	Heart	1	0.8268863844	0.1119901599	0.8915579978	TRUE	0.3689	0.409	0.361	0.4208	0.4722	0.4358	0.2898	0.4432	
sess_kqhdfa7nt	NCNU_User_1774334375128	2026-03-24T06:44:15.172Z	B	Heart	0.6771731339	0.8290589622	0.1688991274	0.7918021738	TRUE	0.3684	0.5343	0.3861	0.5502	0.4725	0.444	0.2861	0.4607	
sess_kqhdfa7nt	NCNU_User_1774334375128	2026-03-24T06:44:17.043Z	B	Heart	0.9293722127	0.8537156295	0.2474390575	0.8372256348	TRUE	0.3857	0.6329	0.3412	0.6547	0.4709	0.4321	0.2893	0.4409	
sess_kqhdfa7nt	NCNU_User_1774334375128	2026-03-24T06:44:18.111Z	B	Gull_Flap	1	0.7469017501	0.1775607921	0.8366144228	TRUE	0.7669	0.1267	0.0229	0.1516	0.4798	0.4029	0.2877	0.4095	
sess_kqhdfa7nt	NCNU_User_1774334375128	2026-03-24T06:44:19.710Z	B	Heart	0.8023691673	1	0	0.9505922918	TRUE	0.3985	0.6493	0.3816	0.5441	0.4694	0.4429	0.2856	0.4579	
sess_kqhdfa7nt	NCNU_User_1774334375128	2026-03-24T06:44:20.244Z	B	Dance_Continuous	0.8689823448	0.5044895422	0.1839723383	0.7046510847	TRUE	0.5682	0.0962	0.1654	0.1525	0.4642	0.4108	0.2944	0.4233	30s_Interval_AutoLog
sess_kqhdfa7nt	NCNU_User_1774334375128	2026-03-24T06:44:24.643Z	B	Heart	0.793030045	0.8744794573	0.14530171	0.8471936957	TRUE	0.3872	0.6657	0.3383	0.6705	0.4766	0.4598	0.3007	0.4728	
sess_kqhdfa7nt	NCNU_User_1774334375128	2026-03-24T06:44:25.319Z	B	Gull_Flap	1	0.7699454655	0.4108982246	0.7641638076	TRUE	0.7002	0.2598	0.0225	0.2327	0.4767	0.409	0.2945	0.4171	
sess_kqhdfa7nt	NCNU_User_1774334375128	2026-03-24T06:44:26.658Z	B	Heart	0.9835370153	0.897247521	0.5432331425	0.7646516624	TRUE	0.3738	0.6443	0.3232	0.6251	0.4693	0.4428	0.282	0.4561	
sess_kqhdfa7nt	NCNU_User_1774334375128	2026-03-24T06:44:29.056Z	B	Heart	0.7554701314	0.878516592	0.8043128706	0.6087646649	TRUE	0.3657	0.5305	0.3884	0.5442	0.4743	0.4361	0.2842	0.4432	
sess_kqhdfa7nt	NCNU_User_1774334375128	2026-03-24T06:44:29.987Z	B	Gull_Flap	1	1	0.4184403002	0.8535458949	TRUE	0.7128	0.0833	0.0519	0.1616	0.4761	0.3722	0.2862	0.3933	
sess_kqhdfa7nt	NCNU_User_1774334375128	2026-03-24T06:44:31.455Z	B	Heart	0.713860207	0.5557471299	0.3165603529	0.6399677802	TRUE	0.3981	0.108	0.3462	0.0968	0.4595	0.4206	0.311	0.4229	
sess_kqhdfa7nt	NCNU_User_1774334375128	2026-03-24T06:44:31.992Z	B	Gull_Flap	1	0.7261743031	0	0.8904697212	TRUE	0.6941	0.0398	0.068	0.0482	0.4753	0.3744	0.3034	0.3844	
sess_kqhdfa7nt	NCNU_User_1774334375128	2026-03-24T06:44:34.258Z	B	Gull_Flap	1	0.4919961519	0.2270470218	0.7173320032	TRUE	0.6927	0.1971	0.0552	0.2044	0.4745	0.3832	0.2882	0.3961	
sess_kqhdfa7nt	NCNU_User_1774334375128	2026-03-24T06:44:35.720Z	B	Heart	1	0.7710353402	0.1590103463	0.8527605149	TRUE	0.3607	0.1436	0.3957	0.2253	0.4619	0.4579	0.3224	0.4527	
sess_kqhdfa7nt	NCNU_User_1774334375128	2026-03-24T06:44:36.529Z	B	Gull_Flap	1	0.9534640537	0.1894492589	0.9150783809	TRUE	0.6841	0.1802	0.0712	0.1915	0.4755	0.4006	0.2971	0.4082	
sess_kqhdfa7nt	NCNU_User_1774334375128	2026-03-24T06:44:38.932Z	B	Gull_Flap	1	0.6960334852	0	0.8784133941	TRUE	0.7058	0.2583	0.0729	0.2785	0.475	0.3917	0.2939	0.4022	
sess_kqhdfa7nt	NCNU_User_1774334375128	2026-03-24T06:44:40.932Z	B	Gull_Flap	1	0.4460749222	0.5392843899	0.5896804324	TRUE	0.694	0.3736	0.0786	0.3996	0.481	0.4046	0.2968	0.4188	
sess_kqhdfa7nt	NCNU_User_1774334375128	2026-03-24T06:44:42.967Z	B	Gull_Flap	1	0.3477188024	0.7185480929	0.4875956884	TRUE	0.6673	0.1277	0.0902	0.2252	0.472	0.3966	0.2967	0.408	
sess_kqhdfa7nt	NCNU_User_1774334375128	2026-03-24T06:44:44.872Z	B	Gull_Flap	1	0.5897296383	0.7721370319	0.5656438941	TRUE	0.6921	0.2766	0.0797	0.3159	0.4747	0.3931	0.293	0.4064	
sess_kqhdfa7nt	NCNU_User_1774334375128	2026-03-24T06:44:46.203Z	B	Heart	0.8697930399	0.9309967278	0.3503313433	0.8172309809	TRUE	0.3578	0.3177	0.3531	0.3045	0.4718	0.4173	0.3004	0.4255	
sess_kqhdfa7nt	NCNU_User_1774334375128	2026-03-24T06:44:47.413Z	B	Victory	1	0.4243700018	0.7307656166	0.5139800349	TRUE	0.5541	0.0564	0.2222	0.2427	0.48	0.4157	0.3034	0.4211	left
sess_kqhdfa7nt	NCNU_User_1774334375128	2026-03-24T06:44:49.449Z	B	Victory	1	0.9655633084	0	0.9862253234	TRUE	0.6499	0.1209	0.0678	0.1645	0.4775	0.4184	0.2954	0.4239	left
sess_kqhdfa7nt	NCNU_User_1774334375128	2026-03-24T06:44:50.276Z	B	Dance_Continuous	1	0.8819604207	0.4491197424	0.7955922584	TRUE	0.4144	0.3021	0.4072	0.1115	0.4713	0.4175	0.311	0.4117	30s_Interval_AutoLog
sess_kqhdfa7nt	NCNU_User_1774334375128	2026-03-24T06:44:51.484Z	B	Victory	1	1	0.7549525796	0.7357665971	TRUE	0.7031	0.1494	0.1047	0.3093	0.4851	0.426	0.2982	0.4324	left
sess_kqhdfa7nt	NCNU_User_1774334375128	2026-03-24T06:44:51.752Z	B	Victory	1	0.9386294344	0.4245829481	0.8268477419	TRUE	0.7073	0.1764	0.0528	0.2248	0.4857	0.4262	0.2941	0.4329	right
sess_kqhdfa7nt	NCNU_User_1774334375128	2026-03-24T06:44:53.525Z	B	Victory	1	0.578133781	0.1916746041	0.764167401	TRUE	0.5649	0.0096	0.2202	0.2173	0.4815	0.4158	0.3064	0.4175	left
sess_kqhdfa7nt	NCNU_User_1774334375128	2026-03-24T06:44:55.406Z	B	Victory	1	0.7565588809	0.5925397111	0.6952346535	TRUE	0.713	0.2212	0.0476	0.2966	0.4881	0.4275	0.2979	0.437	right
sess_kqhdfa7nt	NCNU_User_1774334375128	2026-03-24T06:45:07.450Z	B	Heart	0.5590157725	0.7039734492	0	0.7713433228	TRUE	0.3915	0.157	0.3919	0.1367	0.4761	0.4232	0.3095	0.4182	
sess_kqhdfa7nt	NCNU_User_1774334375128	2026-03-24T06:45:13.093Z	B	Victory	0.6621581901	0.4966406635	0.742986001	0.4541507126	TRUE	0.4747	-0.0138	0.3215	-0.0316	0.4776	0.4167	0.3146	0.4163	left
sess_kqhdfa7nt	NCNU_User_1774334375128	2026-03-24T06:45:17.294Z	B	Fireworks_Explosion	0.609442478	0.2392129966	0.5384706781	0.4095810808	TRUE	0.524	-0.0342	0.3503	-0.0359	0.4886	0.4366	0.336	0.4439	right
sess_kqhdfa7nt	NCNU_User_1774334375128	2026-03-24T06:45:20.361Z	B	Dance_Continuous	0.8565492095	0.5304572118	0.5483710376	0.5843903239	TRUE	0.5505	0.3613	0.3826	0.3788	0.5567	0.4185	0.3776	0.4112	30s_Interval_AutoLog
sess_kqhdfa7nt	NCNU_User_1774334375128	2026-03-24T06:45:23.467Z	B	Fireworks_Explosion	0.8958942163	0.3850364529	0.3989914312	0.5883411343	TRUE	0.5173	0.0793	0.3729	0.1974	0.5504	0.4247	0.3815	0.4249	left
sess_kqhdfa7nt	NCNU_User_1774334375128	2026-03-24T06:45:34.778Z	B	Victory	0.8545903931	0.404671262	0.6959176168	0.4819449372	TRUE	0.5084	0.2336	0.4178	0.3294	0.5581	0.4371	0.3805	0.4225	left
sess_kqhdfa7nt	NCNU_User_1774334375128	2026-03-24T06:45:42.644Z	B	Heart	0.6221175229	0.2595392111	0.4547741458	0.4501741141	TRUE	0.4823	0.3524	0.4492	0.3426	0.5508	0.4395	0.3794	0.4278	
sess_kqhdfa7nt	NCNU_User_1774334375128	2026-03-24T06:45:45.585Z	B	Fireworks_Explosion	0.9469742581	0.4032921763	0.2120787178	0.6738328838	TRUE	0.6206	-0.0534	0.2853	-0.0404	0.5435	0.4087	0.3813	0.4173	left
sess_kqhdfa7nt	NCNU_User_1774334375128	2026-03-24T06:45:47.055Z	B	Fireworks_Explosion	0.7971215224	0.2451986994	0.5019617633	0.4716732432	TRUE	0.5399	-0.0352	0.3545	-0.037	0.5464	0.4022	0.379	0.4117	left
sess_kqhdfa7nt	NCNU_User_1774334375128	2026-03-24T06:45:49.055Z	B	Fireworks_Explosion	0.6978339819	0.2001390021	0.4569072661	0.4445965532	TRUE	0.5472	-0.021	0.3666	-0.0287	0.5441	0.3993	0.3788	0.4118	left
sess_kqhdfa7nt	NCNU_User_1774334375128	2026-03-24T06:45:50.390Z	B	Dance_Continuous	0.9107892271	0.4024329768	0.630376277	0.5180388006	TRUE	0.5695	0.1312	0.3733	0.108	0.5469	0.4029	0.3786	0.4158	30s_Interval_AutoLog
sess_kqhdfa7nt	NCNU_User_1774334375128	2026-03-24T06:45:51.458Z	B	Victory	0.5981624116	0.5052406578	0.4393031872	0.5478807505	TRUE	0.5248	0.0744	0.4032	0.1181	0.5438	0.4074	0.3787	0.4217	left
sess_kqhdfa7nt	NCNU_User_1774334375128	2026-03-24T06:45:54.248Z	B	Fireworks_Explosion	0.5388025308	0.2156136454	0.6770784796	0.333968623	TRUE	0.5507	-0.0242	0.3791	-0.0351	0.5451	0.4054	0.3782	0.414	left
sess_kqhdfa7nt	NCNU_User_1774334375128	2026-03-24T06:45:58.640Z	B	Victory	0.9824671968	0.735860792	0.2181972491	0.8135920788	TRUE	0.6457	0.8005	0.5513	0.8508	0.543	0.4195	0.4354	0.4234	left
sess_rixe3qepw	NCNU_User_1774334760116	2026-03-24T06:46:10.496Z	B	Victory	0.5	0.5	0.5	0.5	FALSE	0.6429	0.597	0.6061	0.5439	0.6579	0.4462	0.6145	0.4446	left
sess_rixe3qepw	NCNU_User_1774334760116	2026-03-24T06:46:11.564Z	B	Heart	0.5	0.5	0.5	0.5	FALSE	0.6469	0.5902	0.5961	0.5599	0.6636	0.4504	0.6216	0.4499	
sess_rixe3qepw	NCNU_User_1774334760116	2026-03-24T06:46:18.397Z	B	Heart	0.5	0.5	0.5	0.5	FALSE	0.4824	0.5749	0.4316	0.6015	0.4623	0.4484	0.4256	0.4429	
sess_rixe3qepw	NCNU_User_1774334760116	2026-03-24T06:46:21.342Z	B	Baseline_End	0.6294843088	0.6430798183	0.3519615035	0.6414164783	TRUE	0.3746	0.6019	0.3332	0.5892	0.3892	0.4406	0.3459	0.4436	baseline calibrated
sess_rixe3qepw	NCNU_User_1774334760116	2026-03-24T06:46:22.535Z	B	Heart	0	0.8536497477	0.2383501653	0.6080373412	TRUE	0.2712	0.6187	0.2344	0.6671	0.3116	0.4367	0.2426	0.443	
sess_rixe3qepw	NCNU_User_1774334760116	2026-03-24T06:46:51.327Z	B	Victory	0	0.5200506299	1	0.2080202519	TRUE	0.2262	0.0671	0.2162	0.9849	0.4412	0.2897	0.1993	0.3656	left
sess_rixe3qepw	NCNU_User_1774334760116	2026-03-24T06:46:51.578Z	B	Dance_Continuous	0	0.3778456463	1	0.1511382585	TRUE	0.2262	0.0671	0.2162	0.9849	0.4412	0.2897	0.1993	0.3656	30s_Interval_AutoLog
sess_rixe3qepw	NCNU_User_1774334760116	2026-03-24T06:47:10.886Z	B	Victory	1	1	0.4116591474	0.8559192984	TRUE	0.6054	0.2348	0.4462	0.2445	0.6256	0.4045	0.4912	0.3846	right
sess_cnj5tzj33	NCNU_User_1774334831316	2026-03-24T06:47:11.467Z	B	Victory	0.5	0.5	0.5	0.5	FALSE	0.6786	0.3013	0.3255	0.3717	0.5515	0.4007	0.4164	0.3869	left
sess_cnj5tzj33	NCNU_User_1774334831316	2026-03-24T06:47:13.317Z	B	Victory	0.5	0.5	0.5	0.5	FALSE	0.7102	0.3177	0.4648	0.119	0.6237	0.3998	0.4907	0.3738	right
sess_cnj5tzj33	NCNU_User_1774334831316	2026-03-24T06:47:14.040Z	B	Victory	0.5	0.5	0.5	0.5	FALSE	0.7805	0.2883	0.4311	0.2665	0.6359	0.422	0.5087	0.3687	left
sess_cnj5tzj33	NCNU_User_1774334831316	2026-03-24T06:47:16.460Z	B	Victory	0.5	0.5	0.5	0.5	FALSE	0.7954	0.277	0.3855	0.1431	0.6031	0.4033	0.4749	0.3762	right
sess_cnj5tzj33	NCNU_User_1774334831316	2026-03-24T06:47:18.144Z	B	Victory	0.5	0.5	0.5	0.5	FALSE	0.6121	0.2328	0.2216	0.2503	0.4751	0.3867	0.3432	0.3664	left
sess_cnj5tzj33	NCNU_User_1774334831316	2026-03-24T06:47:18.586Z	B	Victory	0.5	0.5	0.5	0.5	FALSE	0.5379	0.2424	0.2958	0.1797	0.4797	0.3878	0.3453	0.3778	right
sess_cnj5tzj33	NCNU_User_1774334831316	2026-03-24T06:47:20.386Z	B	Victory	0.5	0.5	0.5	0.5	FALSE	0.7266	0.3842	0.3483	0.3744	0.5842	0.4065	0.4532	0.3931	left
sess_cnj5tzj33	NCNU_User_1774334831316	2026-03-24T06:47:22.089Z	B	Victory	0.5	0.5	0.5	0.5	FALSE	0.6482	0.2139	0.2466	0.1637	0.516	0.3923	0.3772	0.3841	right
sess_cnj5tzj33	NCNU_User_1774334831316	2026-03-24T06:47:32.230Z	B	Baseline_End	0	0	0.9044290026	0.03344984911	TRUE	0.6545	0.2115	0.4873	0.1604	0.6184	0.3758	0.4923	0.3476	baseline calibrated
sess_cnj5tzj33	NCNU_User_1774334831316	2026-03-24T06:47:33.164Z	B	Victory	0	0.1371104438	0.873680657	0.09905594755	TRUE	0.5858	0.2245	0.4572	0.2779	0.5904	0.3804	0.4687	0.3787	left
sess_cnj5tzj33	NCNU_User_1774334831316	2026-03-24T06:47:34.499Z	B	Heart	0	0	1	0	TRUE	0.4759	0.4242	0.4395	0.4318	0.5159	0.397	0.3943	0.4151	
sess_cnj5tzj33	NCNU_User_1774334831316	2026-03-24T06:47:38.503Z	B	Heart	0	0	0.5962166234	0.1413241818	TRUE	0.6493	0.4511	0.6209	0.4541	0.643	0.3877	0.5141	0.3659	
sess_cnj5tzj33	NCNU_User_1774334831316	2026-03-24T06:47:40.239Z	B	Heart	0	0	0.5512379231	0.1570667269	TRUE	0.3891	0.4655	0.3511	0.4501	0.5007	0.3799	0.3756	0.38	
sess_cnj5tzj33	NCNU_User_1774334831316	2026-03-24T06:47:42.239Z	B	Heart	0	0.2564807527	0.2315222397	0.3715595172	TRUE	0.6338	0.6098	0.6417	0.6066	0.636	0.399	0.5173	0.3834	
sess_cnj5tzj33	NCNU_User_1774334831316	2026-03-24T06:47:44.775Z	B	Heart	0	0.2515607696	0.1557289781	0.3961191655	TRUE	0.581	0.5939	0.5527	0.5715	0.6207	0.3899	0.5006	0.3857	
sess_cnj5tzj33	NCNU_User_1774334831316	2026-03-24T06:47:45.713Z	B	Heart	0	0.2781377012	0.1350476831	0.4139883914	TRUE	0.5736	0.4816	0.5436	0.4887	0.5867	0.3764	0.4641	0.3825	
sess_cnj5tzj33	NCNU_User_1774334831316	2026-03-24T06:47:48.112Z	B	Fireworks_Explosion	0	0.2837354176	0.5861170453	0.2583532012	TRUE	0.6554	0.3539	0.6879	0.5091	0.6523	0.3974	0.5484	0.3716	right
sess_cnj5tzj33	NCNU_User_1774334831316	2026-03-24T06:47:49.312Z	B	Heart	0	0.1719984188	0.1105125467	0.3801199762	TRUE	0.499	0.3549	0.4777	0.359	0.5341	0.3897	0.4143	0.3864	
sess_cnj5tzj33	NCNU_User_1774334831316	2026-03-24T06:47:53.604Z	B	Gull_Flap	1	0.3604890718	0.6589238099	0.5135722952	TRUE	0.7074	0.3183	0.2273	0.3436	0.5432	0.3751	0.3977	0.3872	
sess_cnj5tzj33	NCNU_User_1774334831316	2026-03-24T06:48:02.283Z	B	Dance_Continuous	1	0.9911100102	0.1778012673	0.9342135605	TRUE	0.5895	0.2724	0.3516	0.4199	0.6444	0.4096	0.5181	0.3707	30s_Interval_AutoLog
sess_cnj5tzj33	NCNU_User_1774334831316	2026-03-24T06:48:08.419Z	B	Heart	0	0	0.9399992532	0.02100026138	TRUE	0.5841	0.4198	0.5613	0.4055	0.6118	0.4044	0.4969	0.3921	
sess_cnj5tzj33	NCNU_User_1774334831316	2026-03-24T06:48:13.626Z	B	Heart	0	0	0.6315051912	0.1289731831	TRUE	0.3774	0.4724	0.3656	0.4385	0.5232	0.3691	0.4034	0.3765	
sess_cnj5tzj33	NCNU_User_1774334831316	2026-03-24T06:48:14.558Z	B	Heart	0	0	0.3412194075	0.2305732074	TRUE	0.6442	0.5057	0.6313	0.5448	0.6171	0.3942	0.5006	0.3695	
sess_cnj5tzj33	NCNU_User_1774334831316	2026-03-24T06:48:16.696Z	B	Heart	0	0.2363519312	0.2115029854	0.3705147276	TRUE	0.3211	0.4086	0.365	0.419	0.5244	0.3691	0.4058	0.3673	
sess_cnj5tzj33	NCNU_User_1774334831316	2026-03-24T06:48:18.295Z	B	Heart	0	0.2584819376	0.05850891838	0.4329146536	TRUE	0.634	0.5323	0.6364	0.5696	0.6192	0.4094	0.5039	0.3827	
sess_cnj5tzj33	NCNU_User_1774334831316	2026-03-24T06:48:19.096Z	B	Victory	0	0.3914422088	0.001605396107	0.5060149949	TRUE	0.6797	0.5403	0.7222	0.3959	0.6461	0.3902	0.5395	0.3703	left
sess_cnj5tzj33	NCNU_User_1774334831316	2026-03-24T06:48:20.301Z	B	Heart	0	0.4236281008	0	0.5194512403	TRUE	0.4399	0.6095	0.4611	0.5966	0.5447	0.3764	0.4147	0.4018	
sess_cnj5tzj33	NCNU_User_1774334831316	2026-03-24T06:48:31.212Z	B	Fireworks_Explosion	0.1488205637	0.04318592833	0.5196308879	0.2226087015	TRUE	0.5741	0.2568	0.3746	0.3765	0.5452	0.3921	0.4155	0.3891	left
sess_cnj5tzj33	NCNU_User_1774334831316	2026-03-24T06:48:32.410Z	B	Dance_Continuous	0.1542503239	0.1946832285	0.4028183901	0.3254494358	TRUE	0.6255	0.3736	0.4165	0.3664	0.5823	0.3843	0.4565	0.3913	30s_Interval_AutoLog
sess_cnj5tzj33	NCNU_User_1774334831316	2026-03-24T06:48:36.684Z	B	Victory	0.08853852314	0.3231221394	0.5903805733	0.2947502859	TRUE	0.7002	0.2895	0.5232	0.2073	0.6542	0.4072	0.5283	0.3608	right
sess_cnj5tzj33	NCNU_User_1774334831316	2026-03-24T06:48:37.484Z	B	Victory	0.2203511728	0.4044026848	0.21221932	0.4925721051	TRUE	0.6027	0.2758	0.3647	0.3935	0.5522	0.3916	0.4258	0.3969	left
sess_cnj5tzj33	NCNU_User_1774334831316	2026-03-24T06:48:43.088Z	B	Victory	0.3224991905	0.4246834675	0.2591472706	0.5097966399	TRUE	0.6924	0.4303	0.51	0.2479	0.6493	0.4026	0.5267	0.3725	right
sess_cnj5tzj33	NCNU_User_1774334831316	2026-03-24T06:48:43.491Z	B	Victory	0.4207229371	0.2635023583	0.5832865897	0.3564313712	TRUE	0.7486	0.3649	0.5017	0.2311	0.6515	0.4145	0.5306	0.3751	left
sess_cnj5tzj33	NCNU_User_1774334831316	2026-03-24T06:48:45.093Z	B	Victory	0.3849408527	0.7520806772	0.2619568217	0.6553825965	TRUE	0.5961	0.3723	0.3747	0.1901	0.5237	0.3968	0.3986	0.3925	right
sess_cnj5tzj33	NCNU_User_1774334831316	2026-03-24T06:48:45.760Z	B	Victory	0.3925682975	0.6598927591	0.3142420513	0.60211446	TRUE	0.5614	0.2548	0.383	0.3582	0.5556	0.3905	0.4236	0.3907	left
sess_cnj5tzj33	NCNU_User_1774334831316	2026-03-24T06:48:48.029Z	B	Victory	0.320191527	0.4268709442	0.8732182987	0.2951698549	TRUE	0.642	0.4177	0.3646	0.4558	0.5715	0.4068	0.441	0.4077	left
sess_cnj5tzj33	NCNU_User_1774334831316	2026-03-24T06:48:49.494Z	B	Victory	0.702345287	0.7192383706	0.9199255655	0.491307722	TRUE	0.6841	0.5107	0.2729	0.3609	0.563	0.401	0.4297	0.4022	right
sess_cnj5tzj33	NCNU_User_1774334831316	2026-03-24T06:48:50.431Z	B	Victory	0.604442371	1	0.2725873886	0.8057050068	TRUE	0.7657	0.4117	0.5525	0.2494	0.6487	0.4126	0.5286	0.3691	left
sess_cnj5tzj33	NCNU_User_1774334831316	2026-03-24T06:48:51.766Z	B	Victory	0.3498299631	1	0.0272820616	0.8279087692	TRUE	0.5909	0.2745	0.405	0.2789	0.5729	0.3822	0.4453	0.3968	right
sess_cnj5tzj33	NCNU_User_1774334831316	2026-03-24T06:48:52.697Z	B	Victory	0.2832849598	0.9504072489	0.2484017969	0.7140435106	TRUE	0.513	0.2306	0.3442	0.3622	0.5207	0.3838	0.3946	0.4054	left
sess_cnj5tzj33	NCNU_User_1774334831316	2026-03-24T06:48:54.288Z	B	Victory	0.512943745	0.7250148927	0.4494466393	0.6109355696	TRUE	0.7012	0.5339	0.5035	0.2898	0.6291	0.4177	0.5119	0.3722	right
sess_cnj5tzj33	NCNU_User_1774334831316	2026-03-24T06:48:54.952Z	B	Victory	0.4802949444	0.7933938046	0.1811470669	0.7240297845	TRUE	0.6617	0.3186	0.4372	0.3695	0.6137	0.4021	0.4802	0.3676	left
sess_cnj5tzj33	NCNU_User_1774334831316	2026-03-24T06:48:56.554Z	B	Victory	0.2535088139	0.5057782564	1	0.265688506	TRUE	0.5027	0.2545	0.3421	0.2635	0.5038	0.375	0.3701	0.4246	right
sess_cnj5tzj33	NCNU_User_1774334831316	2026-03-24T06:48:57.223Z	B	Victory	0.3893194886	0.3961103966	0.8280774896	0.3159469094	TRUE	0.684	0.4192	0.3785	0.4862	0.5894	0.4029	0.4591	0.3987	left
sess_cnj5tzj33	NCNU_User_1774334831316	2026-03-24T06:48:58.693Z	B	Victory	0.4366548362	1	0.3338987732	0.7422991384	TRUE	0.7289	0.5354	0.4896	0.2699	0.648	0.4294	0.5253	0.3682	right
sess_cnj5tzj33	NCNU_User_1774334831316	2026-03-24T06:49:00.024Z	B	Victory	0.2666676286	0.9056170984	0.2201225147	0.7018708664	TRUE	0.4304	0.3619	0.2856	0.4878	0.5063	0.3755	0.3769	0.4314	left
sess_cnj5tzj33	NCNU_User_1774334831316	2026-03-24T06:49:01.092Z	B	Victory	0.09782653163	0.6863491606	0.1569096734	0.5940779115	TRUE	0.6158	0.3628	0.486	0.3409	0.6273	0.3986	0.504	0.3782	right
sess_cnj5tzj33	NCNU_User_1774334831316	2026-03-24T06:49:02.159Z	B	Victory	0	1	0.02413610055	0.7415523648	TRUE	0.6227	0.4586	0.4296	0.4987	0.614	0.4088	0.478	0.3864	left
sess_cnj5tzj33	NCNU_User_1774334831316	2026-03-24T06:49:02.427Z	B	Dance_Continuous	0.1194826545	0.9130680123	0.008322201154	0.7421850981	TRUE	0.5839	0.5457	0.3822	0.3749	0.5749	0.3913	0.4387	0.3972	30s_Interval_AutoLog
sess_cnj5tzj33	NCNU_User_1774334831316	2026-03-24T06:49:05.230Z	B	Heart	0	0.2970159535	0.117222864	0.427778379	TRUE	0.6279	0.4757	0.6454	0.4721	0.6478	0.3937	0.5269	0.3619	
sess_cnj5tzj33	NCNU_User_1774334831316	2026-03-24T06:49:05.897Z	B	Heart	0	0.06725030836	0.2343590825	0.2948744445	TRUE	0.4795	0.4783	0.5112	0.4899	0.5758	0.3724	0.4428	0.3687	
sess_cnj5tzj33	NCNU_User_1774334831316	2026-03-24T06:49:06.566Z	B	Heart	0	0.1343660384	0.08571157526	0.373747364	TRUE	0.3754	0.5268	0.338	0.4566	0.5155	0.3705	0.3904	0.3944	
sess_cnj5tzj33	NCNU_User_1774334831316	2026-03-24T06:49:07.766Z	B	Heart	0	0.2456240349	0.1414486955	0.3987425705	TRUE	0.6403	0.4234	0.6118	0.4638	0.616	0.3894	0.4907	0.3723	
sess_cnj5tzj33	NCNU_User_1774334831316	2026-03-24T06:49:08.433Z	B	Heart	0	0.1275191793	0.1518193947	0.3478708836	TRUE	0.6959	0.4829	0.6873	0.4702	0.6309	0.399	0.531	0.3729	
sess_cnj5tzj33	NCNU_User_1774334831316	2026-03-24T06:49:10.036Z	B	Heart	0	0.02970981684	0.2019659546	0.2911958426	TRUE	0.4051	0.5156	0.3827	0.4616	0.5397	0.3619	0.4126	0.3833	
sess_cnj5tzj33	NCNU_User_1774334831316	2026-03-24T06:49:11.506Z	B	Heart	0	0.2732582589	0.006444093874	0.4570478707	TRUE	0.4832	0.4921	0.5194	0.5015	0.5834	0.3752	0.45	0.3867	
sess_cnj5tzj33	NCNU_User_1774334831316	2026-03-24T06:49:12.707Z	B	Heart	0	0.3392701229	0	0.4857080491	TRUE	0.6939	0.4798	0.6719	0.4954	0.6296	0.3831	0.514	0.3732	
sess_cnj5tzj33	NCNU_User_1774334831316	2026-03-24T06:49:20.314Z	B	Fireworks_Explosion	0.07967810222	0.5481544668	0.0346752108	0.5770449885	TRUE	0.7028	0.2637	0.5196	0.1804	0.6521	0.4123	0.5269	0.368	left
sess_cnj5tzj33	NCNU_User_1774334831316	2026-03-24T06:49:26.187Z	B	Fireworks_Explosion	0	0.2904753953	0.6606297172	0.2349697571	TRUE	0.5028	0.1944	0.3397	0.2325	0.509	0.3772	0.3775	0.419	left
sess_cnj5tzj33	NCNU_User_1774334831316	2026-03-24T06:49:29.924Z	B	Victory	0	0.2534936711	0.3208495189	0.3391001368	TRUE	0.4991	0.2833	0.3386	0.2775	0.5178	0.3818	0.3832	0.4105	right
sess_cnj5tzj33	NCNU_User_1774334831316	2026-03-24T06:49:32.460Z	B	Dance_Continuous	0	0.6970850576	0.3823298442	0.4950185776	TRUE	0.6704	0.3587	0.5381	0.3177	0.6332	0.4012	0.5096	0.3776	30s_Interval_AutoLog
sess_cnj5tzj33	NCNU_User_1774334831316	2026-03-24T06:49:34.729Z	B	Victory	0.05515373918	0.08042015248	0.6323581392	0.1746311471	TRUE	0.5485	0.5046	0.346	0.3172	0.5202	0.3873	0.3855	0.4108	right
sess_cnj5tzj33	NCNU_User_1774334831316	2026-03-24T06:49:35.797Z	B	Victory	0	0.3752551995	0.3710913868	0.3702200944	TRUE	0.6039	0.2558	0.403	0.3972	0.5651	0.3871	0.434	0.3798	left
sess_cnj5tzj33	NCNU_User_1774334831316	2026-03-24T06:49:51.275Z	B	Heart	0.01373351404	0.3491530564	0.3488910641	0.3709827287	TRUE	0.3347	0.3768	0.2986	0.4522	0.4888	0.3651	0.3662	0.4091	
sess_cnj5tzj33	NCNU_User_1774334831316	2026-03-24T06:49:52.881Z	B	Heart	0	0.8620653903	0.02144872689	0.6873191017	TRUE	0.6762	0.4862	0.6797	0.4178	0.6367	0.4125	0.5334	0.3554	
sess_cnj5tzj33	NCNU_User_1774334831316	2026-03-24T06:49:53.799Z	B	Victory	0	0.1813468581	0.3204231428	0.3103906433	TRUE	0.4796	0.4703	0.5066	0.4892	0.5732	0.3801	0.434	0.3693	right
sess_cnj5tzj33	NCNU_User_1774334831316	2026-03-24T06:49:54.733Z	B	Heart	0	0.03268829004	0.6728920897	0.1275630846	TRUE	0.3845	0.4325	0.3545	0.3843	0.506	0.3703	0.3758	0.3642	
sess_cnj5tzj33	NCNU_User_1774334831316	2026-03-24T06:50:00.604Z	B	Victory	0	0.1526625845	0.8671814764	0.1075515171	TRUE	0.5138	0.096	0.4982	0.1153	0.576	0.3641	0.4453	0.3766	right
sess_cnj5tzj33	NCNU_User_1774334831316	2026-03-24T06:50:02.474Z	B	Dance_Continuous	0	0	1	0	TRUE	0.5825	0.1574	0.5172	0.1446	0.5836	0.3596	0.4536	0.3698	30s_Interval_AutoLog
sess_cnj5tzj33	NCNU_User_1774334831316	2026-03-24T06:50:05.543Z	B	Heart	0	0	1	0	TRUE	0.4544	0.4533	0.4225	0.445	0.5061	0.3782	0.3749	0.4172	
sess_cnj5tzj33	NCNU_User_1774334831316	2026-03-24T06:50:10.348Z	B	Victory	0	0	0.7693496418	0.08072762538	TRUE	0.6571	0.49	0.678	0.4871	0.6549	0.3789	0.5286	0.3676	right
sess_cnj5tzj33	NCNU_User_1774334831316	2026-03-24T06:50:15.553Z	B	Victory	0.4523147042	0.8020758438	0.3050607475	0.677137752	TRUE	0.6898	0.4519	0.3272	0.5877	0.5533	0.3997	0.4092	0.4136	left
sess_cnj5tzj33	NCNU_User_1774334831316	2026-03-24T06:50:16.488Z	B	Victory	0.6816976443	0.5205953859	0.3684208191	0.5997152788	TRUE	0.7369	0.4971	0.3068	0.5146	0.5882	0.403	0.4525	0.4081	right
sess_cnj5tzj33	NCNU_User_1774334831316	2026-03-24T06:50:18.227Z	B	Victory	0.3872425353	0.7186424617	0.01566503388	0.7287848567	TRUE	0.6552	0.3426	0.3893	0.4975	0.5822	0.4038	0.4438	0.3982	left
sess_cnj5tzj33	NCNU_User_1774334831316	2026-03-24T06:50:18.760Z	B	Victory	0.678668832	0.2843005412	0.5829014097	0.4293719311	TRUE	0.6692	0.3199	0.2551	0.3347	0.5431	0.3919	0.3998	0.3961	right
sess_cnj5tzj33	NCNU_User_1774334831316	2026-03-24T06:50:20.762Z	B	Victory	0.6758057023	0.7704217278	0.6062125817	0.6149457131	TRUE	0.6985	0.448	0.5261	0.2371	0.622	0.4121	0.5014	0.3831	right
sess_cnj5tzj33	NCNU_User_1774334831316	2026-03-24T06:50:21.029Z	B	Victory	0.6088904912	0.4158000132	0.6360397221	0.4459287253	TRUE	0.6754	0.2921	0.4627	0.3986	0.6276	0.3995	0.4923	0.3751	left
sess_cnj5tzj33	NCNU_User_1774334831316	2026-03-24T06:50:22.894Z	B	Victory	0.481171111	0.6154359582	0.6352683209	0.4941232487	TRUE	0.5655	0.1478	0.3029	0.1955	0.535	0.3697	0.3957	0.3921	right
sess_cnj5tzj33	NCNU_User_1774334831316	2026-03-24T06:50:24.932Z	B	Victory	0.9639257665	0.5171446401	0.8695296323	0.4935039263	TRUE	0.7299	0.3672	0.414	0.0872	0.6263	0.4154	0.5005	0.3666	right
sess_cnj5tzj33	NCNU_User_1774334831316	2026-03-24T06:50:32.587Z	B	Dance_Continuous	1	0.4088895745	0.3317244619	0.6474522681	TRUE	0.5742	0.3748	0.4037	0.8602	0.5827	0.3762	0.4511	0.3967	30s_Interval_AutoLog
sess_spqxejqza	NCNU_User_1774335033876	2026-03-24T06:50:41.319Z	B	Heart	0.5	0.5	0.5	0.5	FALSE	0.2482	0.8296	0.2484	0.8288	0.295	0.3857	0.2934	0.3886	
sess_spqxejqza	NCNU_User_1774335033876	2026-03-24T06:50:47.861Z	B	Heart	0.5	0.5	0.5	0.5	FALSE	0.1653	0.7447	0.1477	0.7451	0.1003	0.4116	0.1307	0.4005	
sess_spqxejqza	NCNU_User_1774335033876	2026-03-24T06:50:49.809Z	B	Baseline_End	0.2599237425	0.2342367161	0.8232876837	0.2205249328	TRUE	0.9041	0.7197	0.9527	0.7006	0.9688	0.5737	0.9177	0.569	baseline calibrated
sess_spqxejqza	NCNU_User_1774335033876	2026-03-24T06:51:02.698Z	B	Dance_Continuous	0	0.09374537951	1	0.03749815181	TRUE	0.8949	0.7	0.9317	0.67	0.97	0.5788	0.9153	0.5717	30s_Interval_AutoLog
sess_spqxejqza	NCNU_User_1774335033876	2026-03-24T06:51:07.744Z	B	Victory	0	0.1484798843	1	0.05939195371	TRUE	0.8946	0.6969	0.9544	0.6989	0.97	0.5802	0.9149	0.5732	right
sess_spqxejqza	NCNU_User_1774335033876	2026-03-24T06:51:29.226Z	B	Victory	0	0.1765787178	0.9960084643	0.07202852462	TRUE	0.9218	0.6779	0.9518	0.7135	0.9706	0.5816	0.9157	0.5738	right
sess_spqxejqza	NCNU_User_1774335033876	2026-03-24T06:51:32.787Z	B	Dance_Continuous	0	0.1541054646	0.7788090169	0.1390590299	TRUE	0.8956	0.7095	0.9372	0.6758	0.9693	0.5789	0.9149	0.5732	30s_Interval_AutoLog
sess_spqxejqza	NCNU_User_1774335033876	2026-03-24T06:51:34.080Z	B	Victory	0	0.1341054314	0.9969003917	0.05472703546	TRUE	0.8939	0.7105	0.9518	0.6955	0.9672	0.5768	0.9128	0.5735	left
sess_spqxejqza	NCNU_User_1774335033876	2026-03-24T06:51:44.134Z	B	Victory	0	0.2350289649	0.5156258676	0.2635425323	TRUE	0.9034	0.7098	0.9477	0.7148	0.9657	0.5778	0.9103	0.5784	right
sess_spqxejqza	NCNU_User_1774335033876	2026-03-24T06:51:47.329Z	B	Victory	0	0.1471963941	0.8495106593	0.1115498269	TRUE	0.9028	0.7066	0.951	0.7147	0.9686	0.5818	0.9136	0.5781	right
sess_spqxejqza	NCNU_User_1774335033876	2026-03-24T06:51:48.606Z	B	Victory	0	0.2622008354	0.5223411858	0.2720609191	TRUE	0.9265	0.7318	0.92	0.7101	0.9691	0.5765	0.9122	0.5722	left
sess_spqxejqza	NCNU_User_1774335033876	2026-03-24T06:51:59.504Z	B	Victory	0	1	0	0.75	TRUE	0.3965	0.5716	0.3824	0.5689	0.5559	0.45	0.4281	0.4504	right
sess_mqanqsxwc	NCNU_User_1774335120172	2026-03-24T06:52:00.708Z	B	Heart	0.5	0.5	0.5	0.5	FALSE	0.4059	0.632	0.3858	0.5942	0.5162	0.436	0.4088	0.4541	
sess_mqanqsxwc	NCNU_User_1774335120172	2026-03-24T06:52:01.907Z	B	Heart	0.5	0.5	0.5	0.5	FALSE	0.5553	0.6359	0.5048	0.6204	0.5616	0.4484	0.4376	0.4492	
sess_mqanqsxwc	NCNU_User_1774335120172	2026-03-24T06:52:11.551Z	B	Heart	0.5	0.5	0.5	0.5	FALSE	0.5237	0.2326	0.4982	0.2317	0.546	0.4285	0.4458	0.4272	
sess_mqanqsxwc	NCNU_User_1774335120172	2026-03-24T06:52:17.295Z	B	Victory	0.5	0.5	0.5	0.5	FALSE	0.604	0.3401	0.3623	0.4952	0.558	0.4517	0.4335	0.4641	left
sess_mqanqsxwc	NCNU_User_1774335120172	2026-03-24T06:52:18.092Z	B	Heart	0.5	0.5	0.5	0.5	FALSE	0.4916	0.5889	0.4582	0.5235	0.5523	0.4461	0.4331	0.4519	
sess_mqanqsxwc	NCNU_User_1774335120172	2026-03-24T06:52:20.092Z	B	Baseline_End	0	0	0.2841946413	0.2505318755	TRUE	0.5511	0.5476	0.4738	0.535	0.5606	0.4572	0.4372	0.4475	baseline calibrated
sess_mqanqsxwc	NCNU_User_1774335120172	2026-03-24T06:52:22.097Z	B	Heart	0	0.8401256201	0.0843931959	0.6565126295	TRUE	0.5005	0.5089	0.4464	0.5134	0.5547	0.4567	0.4329	0.4616	
sess_mqanqsxwc	NCNU_User_1774335120172	2026-03-24T06:52:22.364Z	B	Victory	0.1499751266	0.8500505183	0.1090283969	0.6893540501	TRUE	0.6018	0.3631	0.4207	0.5215	0.556	0.4535	0.4319	0.4519	left
sess_mqanqsxwc	NCNU_User_1774335120172	2026-03-24T06:52:26.902Z	B	Victory	0.3325089916	0.1401948657	1	0.1392051942	TRUE	0.5937	0.3217	0.4061	0.4844	0.559	0.4453	0.4333	0.4427	left
sess_mqanqsxwc	NCNU_User_1774335120172	2026-03-24T06:52:28.905Z	B	Victory	0.4105591792	0.9823991949	0.6786650615	0.6080667012	TRUE	0.6048	0.3247	0.4073	0.4896	0.5614	0.4509	0.4368	0.4461	left
sess_mqanqsxwc	NCNU_User_1774335120172	2026-03-24T06:52:31.307Z	B	Victory	0.4270151281	0.4011668428	0.8796561656	0.3093408612	TRUE	0.511	0.4891	0.3757	0.3774	0.5516	0.4527	0.4238	0.4598	left
sess_mqanqsxwc	NCNU_User_1774335120172	2026-03-24T06:52:40.780Z	B	Heart	0.1072070309	0.1851856948	0.5697492742	0.2514637897	TRUE	0.5127	0.4904	0.4827	0.499	0.5568	0.4549	0.4317	0.4512	
sess_mqanqsxwc	NCNU_User_1774335120172	2026-03-24T06:52:42.381Z	B	Victory	0	0	0.6127944574	0.1355219399	TRUE	0.4856	0.5049	0.4881	0.5028	0.5544	0.4568	0.428	0.4595	right
sess_mqanqsxwc	NCNU_User_1774335120172	2026-03-24T06:52:43.316Z	B	Heart	0	0.03862454915	0.3355447051	0.2480091729	TRUE	0.5121	0.5279	0.5042	0.4314	0.5565	0.4492	0.4308	0.4469	
sess_mqanqsxwc	NCNU_User_1774335120172	2026-03-24T06:52:44.387Z	B	Victory	0	0.1880386728	0.4171250942	0.2792216862	TRUE	0.4915	0.4739	0.4934	0.475	0.5562	0.4536	0.4322	0.4501	left
sess_mqanqsxwc	NCNU_User_1774335120172	2026-03-24T06:52:44.653Z	B	Heart	0	0	0.5953700533	0.1416204813	TRUE	0.4888	0.467	0.4881	0.4657	0.5559	0.4521	0.4315	0.4496	
sess_mqanqsxwc	NCNU_User_1774335120172	2026-03-24T06:52:45.851Z	B	Heart	0	0.7495898373	0.3157810998	0.53931255	TRUE	0.5125	0.527	0.4926	0.542	0.5603	0.4566	0.4358	0.449	
sess_mqanqsxwc	NCNU_User_1774335120172	2026-03-24T06:52:47.056Z	B	Heart	0	0.5997618955	0.0909022812	0.5580889598	TRUE	0.4931	0.5027	0.4962	0.5031	0.5522	0.4521	0.4314	0.4516	
sess_mqanqsxwc	NCNU_User_1774335120172	2026-03-24T06:52:47.323Z	B	Victory	0	0.2196752629	0.1730552301	0.3773007746	TRUE	0.4886	0.494	0.4932	0.5026	0.553	0.4513	0.4288	0.45	left
sess_mqanqsxwc	NCNU_User_1774335120172	2026-03-24T06:52:48.656Z	B	Victory	0	0.8555910002	0.08379897958	0.6629067572	TRUE	0.5566	0.6	0.4837	0.5033	0.5521	0.4382	0.429	0.454	right
sess_mqanqsxwc	NCNU_User_1774335120172	2026-03-24T06:52:50.122Z	B	Dance_Continuous	0.02944197948	1	0.6254599361	0.5384495172	TRUE	0.534	0.4964	0.4695	0.4991	0.5558	0.459	0.4336	0.447	30s_Interval_AutoLog
sess_mqanqsxwc	NCNU_User_1774335120172	2026-03-24T06:52:51.224Z	B	Heart	0	0.5619305369	0.1866251079	0.509453427	TRUE	0.5082	0.5292	0.4915	0.4288	0.5535	0.4536	0.4291	0.453	
sess_mqanqsxwc	NCNU_User_1774335120172	2026-03-24T06:52:52.557Z	B	Heart	0	0.3349866794	0.3605023858	0.3578188367	TRUE	0.4545	0.4871	0.42	0.4812	0.5503	0.4489	0.4295	0.4466	
sess_mqanqsxwc	NCNU_User_1774335120172	2026-03-24T06:52:55.887Z	B	Victory	0.4363639423	0.5672798191	0.6843364082	0.4464851703	TRUE	0.5974	0.3414	0.4819	0.5095	0.5671	0.4504	0.4456	0.4446	left
sess_mqanqsxwc	NCNU_User_1774335120172	2026-03-24T06:52:57.887Z	B	Heart	0	0.431623544	0.6180172064	0.3063433954	TRUE	0.5073	0.4391	0.4809	0.4608	0.5483	0.4422	0.4297	0.4446	
sess_mqanqsxwc	NCNU_User_1774335120172	2026-03-24T06:52:58.688Z	B	Victory	0.3697846408	0.5326206729	0.4549847354	0.496249772	TRUE	0.6215	0.4019	0.3862	0.349	0.5567	0.4457	0.4261	0.443	right
sess_mqanqsxwc	NCNU_User_1774335120172	2026-03-24T06:52:59.222Z	B	Heart	0	0.3344237495	1	0.1337694998	TRUE	0.5122	0.5139	0.4966	0.5212	0.5544	0.4574	0.4322	0.4518	
sess_mqanqsxwc	NCNU_User_1774335120172	2026-03-24T06:53:01.758Z	B	Heart	0.003107065548	0.7152507746	0.2371125512	0.5538876833	TRUE	0.5063	0.5103	0.4887	0.5348	0.5595	0.4574	0.4364	0.4478	
sess_mqanqsxwc	NCNU_User_1774335120172	2026-03-24T06:53:09.501Z	B	Victory	0.240190716	1	0.9065728072	0.4927471965	TRUE	0.5534	0.7065	0.4939	0.689	0.559	0.4557	0.4368	0.4487	right
sess_mqanqsxwc	NCNU_User_1774335120172	2026-03-24T06:53:16.439Z	B	Heart	0.07695111983	0.5985324223	1	0.2586507489	TRUE	0.3994	0.5463	0.3629	0.5637	0.5347	0.4488	0.4193	0.4672	
sess_mqanqsxwc	NCNU_User_1774335120172	2026-03-24T06:53:19.504Z	B	Victory	0.04388379596	0.8506180108	0.8207409737	0.4139588125	TRUE	0.5524	0.6008	0.425	0.5408	0.5364	0.4375	0.4164	0.4489	left
sess_mqanqsxwc	NCNU_User_1774335120172	2026-03-24T06:53:20.176Z	B	Dance_Continuous	0	0.7142570798	0.7406659985	0.3764697325	TRUE	0.5681	0.3821	0.527	0.4194	0.56	0.4824	0.463	0.4234	30s_Interval_AutoLog
sess_mqanqsxwc	NCNU_User_1774335120172	2026-03-24T06:53:20.715Z	B	Heart	0	0.24503197	0.3972716595	0.3089677072	TRUE	0.5913	0.4746	0.5547	0.433	0.5675	0.4588	0.4594	0.4223	
sess_mqanqsxwc	NCNU_User_1774335120172	2026-03-24T06:53:22.712Z	B	Heart	0	0.8421226445	0.2979183326	0.5825776414	TRUE	0.4878	0.4105	0.49	0.421	0.5537	0.4472	0.4318	0.4398	
sess_mqanqsxwc	NCNU_User_1774335120172	2026-03-24T06:53:24.851Z	B	Heart	0	0.6344778732	0.2982183107	0.4994147406	TRUE	0.509	0.8237	0.5013	0.7636	0.5544	0.4551	0.4262	0.4635	
sess_mqanqsxwc	NCNU_User_1774335120172	2026-03-24T06:53:34.193Z	B	Victory	0.9455904424	0.199795023	1	0.3163156198	TRUE	0.5808	0.9034	0.4451	0.845	0.5584	0.4926	0.4348	0.4927	left
sess_mqanqsxwc	NCNU_User_1774335120172	2026-03-24T06:53:34.991Z	B	Heart	0.1332978208	0	0.9590239562	0.04766607052	TRUE	0.5533	0.4451	0.5238	0.4394	0.5522	0.4517	0.4456	0.4344	
sess_mqanqsxwc	NCNU_User_1774335120172	2026-03-24T06:53:43.266Z	B	Victory	1	0.8255227503	0.3898417939	0.7937644722	TRUE	0.5999	0.3331	0.4034	0.4609	0.5669	0.4462	0.4415	0.4339	left
sess_mqanqsxwc	NCNU_User_1774335120172	2026-03-24T06:53:48.337Z	B	Victory	0.145209888	1	0.1005158659	0.7511219189	TRUE	0.4308	0.4126	0.3908	0.3991	0.5561	0.4424	0.4347	0.4615	left
sess_mqanqsxwc	NCNU_User_1774335120172	2026-03-24T06:53:50.206Z	B	Dance_Continuous	0	0.3411564136	0.735999856	0.2288626158	TRUE	0.5619	0.569	0.4884	0.4793	0.5624	0.4531	0.4455	0.4329	30s_Interval_AutoLog
sess_mqanqsxwc	NCNU_User_1774335120172	2026-03-24T06:53:54.472Z	B	Heart	0.2592795787	0.1872099607	0.4267170947	0.3403528958	TRUE	0.4718	0.3913	0.5079	0.4753	0.5628	0.4401	0.4358	0.4291	
sess_mqanqsxwc	NCNU_User_1774335120172	2026-03-24T06:53:54.738Z	B	Victory	0.1487826339	0.1502571298	0.3144798087	0.3372305774	TRUE	0.4615	0.4775	0.5485	0.4647	0.5626	0.4632	0.4358	0.4498	left
sess_mqanqsxwc	NCNU_User_1774335120172	2026-03-24T06:53:55.806Z	B	Heart	0	0.01320249954	0.6942049975	0.1123092507	TRUE	0.4843	0.4278	0.5063	0.3613	0.5658	0.4464	0.443	0.4397	
sess_mqanqsxwc	NCNU_User_1774335120172	2026-03-24T06:53:59.942Z	B	Victory	0.3723944026	0.8710210624	0.8137714642	0.5066870131	TRUE	0.6197	0.4693	0.4187	0.5601	0.5684	0.4573	0.4437	0.4456	left
sess_mqanqsxwc	NCNU_User_1774335120172	2026-03-24T06:54:01.275Z	B	Victory	0.0384653817	0.9698209533	0.7709901987	0.4776981572	TRUE	0.4702	0.4891	0.5465	0.4385	0.5607	0.453	0.438	0.4465	right
sess_mqanqsxwc	NCNU_User_1774335120172	2026-03-24T06:54:04.614Z	B	Victory	0	0.2932086734	0.4143765716	0.3222516693	TRUE	0.5582	0.5904	0.446	0.47	0.5629	0.454	0.4348	0.4471	right
sess_mqanqsxwc	NCNU_User_1774335120172	2026-03-24T06:54:05.682Z	B	Heart	0	0	0.6762334616	0.1133182885	TRUE	0.4977	0.5133	0.5298	0.4583	0.5621	0.4487	0.4366	0.4424	
sess_mqanqsxwc	NCNU_User_1774335120172	2026-03-24T06:54:06.616Z	B	Victory	0	0.2064004497	0.2944168664	0.3295142766	TRUE	0.46	0.4709	0.5436	0.4464	0.5652	0.4435	0.4398	0.4442	right
sess_mqanqsxwc	NCNU_User_1774335120172	2026-03-24T06:54:16.093Z	B	Victory	0.2981053833	0.6730099028	0.6406481787	0.4695034444	TRUE	0.5623	0.5987	0.51	0.4904	0.564	0.4565	0.4435	0.4422	right
sess_mqanqsxwc	NCNU_User_1774335120172	2026-03-24T06:54:16.623Z	B	Heart	0.02227448795	0.4433009411	0.3450617325	0.4121173921	TRUE	0.521	0.524	0.5268	0.4673	0.5595	0.456	0.4464	0.4392	
sess_mqanqsxwc	NCNU_User_1774335120172	2026-03-24T06:54:17.290Z	B	Heart	0	0	1	0	TRUE	0.5583	0.3417	0.5126	0.3314	0.561	0.4574	0.4495	0.4385	
sess_mqanqsxwc	NCNU_User_1774335120172	2026-03-24T06:54:18.625Z	B	Heart	0	0.4531795596	0.9835964454	0.187013068	TRUE	0.462	0.3868	0.4687	0.3849	0.5626	0.448	0.4417	0.4389	
sess_mqanqsxwc	NCNU_User_1774335120172	2026-03-24T06:54:20.230Z	B	Dance_Continuous	0.8966175454	0.2404377059	1	0.3203294687	TRUE	0.6701	0.511	0.4653	0.3829	0.5641	0.4303	0.4383	0.421	30s_Interval_AutoLog
sess_mqanqsxwc	NCNU_User_1774335120172	2026-03-24T06:54:30.507Z	B	Heart	0	0.2020364276	1	0.08081457103	TRUE	0.4548	0.6664	0.4094	0.6971	0.5664	0.4613	0.4426	0.4479	
sess_mqanqsxwc	NCNU_User_1774335120172	2026-03-24T06:54:35.576Z	B	Victory	0.2573571372	0.5869509846	0.6266885062	0.4297787009	TRUE	0.5316	0.7887	0.5329	0.8021	0.5305	0.4596	0.4032	0.4626	left
sess_mqanqsxwc	NCNU_User_1774335120172	2026-03-24T06:54:37.446Z	B	Heart	0.2684668113	0	1	0.06711670282	TRUE	0.5214	0.2259	0.4739	0.2261	0.5512	0.4077	0.4463	0.4132	
sess_mqanqsxwc	NCNU_User_1774335120172	2026-03-24T06:54:41.848Z	B	Heart	0.4350630122	0.3448208956	0.7943690843	0.3186649318	TRUE	0.5188	0.4929	0.4913	0.5136	0.5592	0.4496	0.439	0.4427	
sess_mqanqsxwc	NCNU_User_1774335120172	2026-03-24T06:54:46.790Z	B	Heart	0.538218155	0.315190587	0.9878784099	0.2648733301	TRUE	0.5208	0.5013	0.487	0.4834	0.5577	0.4592	0.4369	0.4439	
sess_mqanqsxwc	NCNU_User_1774335120172	2026-03-24T06:54:47.591Z	B	Heart	0.1171676751	0.2846666406	0.9994275568	0.1433589302	TRUE	0.4778	0.4706	0.4842	0.5017	0.5575	0.47	0.4367	0.4557	
sess_mqanqsxwc	NCNU_User_1774335120172	2026-03-24T06:54:49.326Z	B	Heart	0	0.6095204595	0.5633688582	0.3966290834	TRUE	0.5177	0.8175	0.4872	0.779	0.5605	0.4555	0.4373	0.4492	
sess_mqanqsxwc	NCNU_User_1774335120172	2026-03-24T06:54:50.257Z	B	Dance_Continuous	1	0.7555468127	1	0.5522187251	TRUE	0.5455	0.3782	0.4416	0.6589	0.5577	0.4381	0.4338	0.4559	30s_Interval_AutoLog
sess_mqanqsxwc	NCNU_User_1774335120172	2026-03-24T06:54:55.719Z	B	Heart	0	0.2980106079	1	0.1192042432	TRUE	0.5704	0.8567	0.5584	0.7848	0.5716	0.4869	0.4537	0.4572	
sess_mqanqsxwc	NCNU_User_1774335120172	2026-03-24T06:54:58.655Z	B	Heart	0.1121039274	0	1	0.02802598186	TRUE	0.4975	0.2367	0.4763	0.2423	0.5506	0.4236	0.4456	0.4191	
sess_mqanqsxwc	NCNU_User_1774335120172	2026-03-24T06:55:00.662Z	B	Heart	0	0	0.7135244881	0.1002664292	TRUE	0.525	0.2485	0.4769	0.2847	0.5567	0.4174	0.4525	0.417	
sess_mqanqsxwc	NCNU_User_1774335120172	2026-03-24T06:55:01.232Z	B	Victory	0	0.07845447564	0.8114761333	0.09736514361	TRUE	0.5188	0.4408	0.5185	0.4395	0.5604	0.4518	0.4303	0.4457	left
sess_mqanqsxwc	NCNU_User_1774335120172	2026-03-24T06:55:02.599Z	B	Heart	0	0	1	0	TRUE	0.4877	0.8681	0.4529	0.8962	0.5319	0.4853	0.393	0.5154	
sess_mqanqsxwc	NCNU_User_1774335120172	2026-03-24T06:55:06.499Z	B	Heart	0.7773599124	0	0.8696994544	0.2399451691	TRUE	0.4485	0.6936	0.4421	0.6979	0.4365	0.4463	0.4397	0.4467	
sess_echb3e5ct	NCNU_User_1774335306991	2026-03-24T06:55:23.276Z	B	Baseline_End	0.1889693817	0.1220404856	0.9193739238	0.1242776663	TRUE	0.4678	0.5972	0.4566	0.5964	0.4765	0.5554	0.443	0.5566	baseline calibrated
sess_echb3e5ct	NCNU_User_1774335306991	2026-03-24T06:55:48.068Z	B	Heart	1	1	0.3847641425	0.8653325501	TRUE	0.0915	0.4098	0.1014	0.3807	0.0805	0.4487	0.0644	0.4365	
sess_echb3e5ct	NCNU_User_1774335306991	2026-03-24T06:55:53.360Z	B	Dance_Continuous	1	0.5033014937	0.4406505014	0.647092922	TRUE	0.7652	0.5344	0.6817	0.5042	0.7391	0.5202	0.6992	0.5078	30s_Interval_AutoLog
sess_echb3e5ct	NCNU_User_1774335306991	2026-03-24T06:55:57.734Z	B	Heart	1	1	0	1	TRUE	0.7572	0.5337	0.7083	0.5009	0.7375	0.5117	0.7	0.4858	
sess_echb3e5ct	NCNU_User_1774335306991	2026-03-24T06:56:01.248Z	B	Heart	1	1	0.02593347797	0.9909232827	TRUE	0.041	0.8676	0.0418	0.8704	0.0697	0.6037	0.0016	0.5931	
sess_echb3e5ct	NCNU_User_1774335306991	2026-03-24T06:56:17.098Z	B	Fireworks_Explosion	0.6527628246	0.2992835616	0.6930310561	0.3903432611	TRUE	0.0448	0.8075	0.0113	0.8107	0.0441	0.5972	-0.0267	0.6236	right
sess_echb3e5ct	NCNU_User_1774335306991	2026-03-24T06:56:24.580Z	B	Dance_Continuous	1	0.828912866	0.2053865141	0.8596798665	TRUE	0.1204	0.7901	0.1077	0.506	0.1117	0.6396	0.101	0.5505	30s_Interval_AutoLog
sess_echb3e5ct	NCNU_User_1774335306991	2026-03-24T06:56:29.326Z	B	Victory	1	1	0	1	TRUE	0.6633	0.8083	0.4582	0.8237	0.6182	0.3983	0.5011	0.3904	right
sess_echb3e5ct	NCNU_User_1774335306991	2026-03-24T06:56:31.675Z	B	Heart	1	1	0	1	TRUE	0.1414	0.8029	0.097	0.7737	0.1451	0.603	0.074	0.6123	
sess_echb3e5ct	NCNU_User_1774335306991	2026-03-24T06:56:33.164Z	B	Fireworks_Explosion	0.8891004033	1	0.1879664467	0.9064868445	TRUE	0.655	0.8217	0.469	0.7374	0.6229	0.4021	0.5007	0.3941	left
sess_echb3e5ct	NCNU_User_1774335306991	2026-03-24T06:56:35.444Z	B	Heart	1	1	0.02102947156	0.992639685	TRUE	0.1357	0.8022	0.1148	0.8003	0.1499	0.5992	0.0726	0.602	
sess_echb3e5ct	NCNU_User_1774335306991	2026-03-24T06:56:36.552Z	B	Fireworks_Explosion	1	1	0.06064854432	0.9787730095	TRUE	0.6543	0.8209	0.4761	0.7075	0.6242	0.3985	0.5025	0.3934	left
sess_echb3e5ct	NCNU_User_1774335306991	2026-03-24T06:56:38.591Z	B	Heart	1	1	0	1	TRUE	0.1348	0.8029	0.0982	0.7783	0.1478	0.6032	0.0751	0.6113	
sess_qkoi1afwv	NCNU_User_1774335410937	2026-03-24T06:57:06.533Z	B	Baseline_End	1	0.9720689572	0.05699988915	0.9688776217	TRUE	0.6117	0.3028	0.31	0.2935	0.5217	0.3534	0.3818	0.3597	baseline calibrated
sess_qkoi1afwv	NCNU_User_1774335410937	2026-03-24T06:57:06.734Z	B	Victory	1	1	0.01807636892	0.9936732709	TRUE	0.54	0.277	0.3275	0.3831	0.5248	0.4067	0.3842	0.4103	left
sess_qkoi1afwv	NCNU_User_1774335410937	2026-03-24T06:57:07.233Z	B	Gull_Flap	1	0.9487096504	0.202348365	0.9086619324	TRUE	0.6857	0.2687	0.1814	0.2625	0.5179	0.3936	0.3698	0.3942	
sess_qkoi1afwv	NCNU_User_1774335410937	2026-03-24T06:57:08.334Z	B	Gull_Flap	1	0.9972376575	0.02293571713	0.990867562	TRUE	0.6698	0.2705	0.2214	0.2949	0.5148	0.3837	0.3768	0.3869	
sess_qkoi1afwv	NCNU_User_1774335410937	2026-03-24T06:57:09.059Z	B	Victory	1	0.9314462139	0.02944601325	0.9622723809	TRUE	0.6487	0.0402	0.2872	0.3645	0.5099	0.3516	0.3787	0.3763	left
sess_qkoi1afwv	NCNU_User_1774335410937	2026-03-24T06:57:09.873Z	B	Victory	1	0.64831228	0.279595967	0.7614663235	TRUE	0.5394	0.4424	0.2413	0.0672	0.5126	0.38	0.3861	0.3335	right
sess_qkoi1afwv	NCNU_User_1774335410937	2026-03-24T06:57:11.124Z	B	Victory	1	1	0.1919185863	0.9328284948	TRUE	0.5762	0.2136	0.3154	0.4593	0.5019	0.4068	0.3687	0.4324	left
sess_qkoi1afwv	NCNU_User_1774335410937	2026-03-24T06:57:12.060Z	B	Victory	1	1	0.4512067617	0.8420776334	TRUE	0.6088	0.5288	0.3753	0.2799	0.528	0.4278	0.3879	0.4368	right
sess_qkoi1afwv	NCNU_User_1774335410937	2026-03-24T06:57:13.916Z	B	Victory	1	0.9201694666	0.2547791576	0.8788950815	TRUE	0.643	0.1453	0.3283	0.4272	0.5182	0.4057	0.3772	0.4343	left
sess_qkoi1afwv	NCNU_User_1774335410937	2026-03-24T06:57:14.227Z	B	Victory	1	0.867030556	0.3935691246	0.8090630288	TRUE	0.5816	0.3782	0.3027	0.2207	0.518	0.3634	0.3809	0.3657	right
sess_qkoi1afwv	NCNU_User_1774335410937	2026-03-24T06:57:16.052Z	B	Victory	1	1	0.1999075699	0.9300323505	TRUE	0.5608	0.1837	0.2759	0.3556	0.5096	0.3542	0.3767	0.3751	left
sess_qkoi1afwv	NCNU_User_1774335410937	2026-03-24T06:57:18.444Z	B	Victory	1	0.9631943858	0.1822477004	0.9214910592	TRUE	0.5916	0.4406	0.3151	0.2156	0.5266	0.3714	0.3892	0.3671	right
sess_qkoi1afwv	NCNU_User_1774335410937	2026-03-24T06:57:18.645Z	B	Victory	1	1	0.3327646719	0.8835323648	TRUE	0.6454	0.2611	0.3364	0.4483	0.5259	0.4125	0.3886	0.4342	left
sess_qkoi1afwv	NCNU_User_1774335410937	2026-03-24T06:57:20.579Z	B	Victory	1	1	0.4554109245	0.8406061764	TRUE	0.6401	0.2697	0.3749	0.3141	0.5447	0.409	0.406	0.4126	right
sess_qkoi1afwv	NCNU_User_1774335410937	2026-03-24T06:57:21.384Z	B	Victory	1	1	0.3437723885	0.879679664	TRUE	0.5939	0.1841	0.3758	0.2651	0.5224	0.3765	0.3838	0.3739	left
sess_qkoi1afwv	NCNU_User_1774335410937	2026-03-24T06:57:23.388Z	B	Victory	1	0.9928283702	0.3105823741	0.8884275172	TRUE	0.6048	0.2025	0.3294	0.3494	0.502	0.3866	0.3692	0.3931	left
sess_qkoi1afwv	NCNU_User_1774335410937	2026-03-24T06:57:23.690Z	B	Victory	1	0.9207323892	0.4278392749	0.8185492095	TRUE	0.5193	0.2632	0.2717	0.1685	0.5064	0.3703	0.374	0.3647	right
sess_qkoi1afwv	NCNU_User_1774335410937	2026-03-24T06:57:25.797Z	B	Victory	1	1	0.3001073598	0.8949624241	TRUE	0.6674	0.2567	0.3782	0.2989	0.5286	0.3865	0.3908	0.3835	left
sess_qkoi1afwv	NCNU_User_1774335410937	2026-03-24T06:57:27.925Z	B	Victory	1	0.7604321116	0.3397819215	0.7852491721	TRUE	0.5655	0.4995	0.2169	0.3526	0.5112	0.4139	0.3774	0.4272	right
sess_qkoi1afwv	NCNU_User_1774335410937	2026-03-24T06:57:28.428Z	B	Victory	1	1	0.1865709357	0.9347001725	TRUE	0.5994	0.4484	0.4041	0.31	0.5184	0.4254	0.3867	0.4188	left
sess_qkoi1afwv	NCNU_User_1774335410937	2026-03-24T06:57:29.933Z	B	Victory	1	1	0.03241244005	0.988655646	TRUE	0.6051	0.527	0.3785	0.3362	0.5283	0.4255	0.3901	0.4302	right
sess_qkoi1afwv	NCNU_User_1774335410937	2026-03-24T06:57:30.831Z	B	Victory	1	0.9118035476	0.3555251438	0.8402876187	TRUE	0.6682	0.1985	0.2852	0.4166	0.5153	0.3946	0.3782	0.4058	left
sess_qkoi1afwv	NCNU_User_1774335410937	2026-03-24T06:57:35.430Z	B	Victory	1	1	0.09680008085	0.9661199717	TRUE	0.6985	0.2185	0.3268	0.4791	0.5055	0.3727	0.3739	0.3842	left
sess_qkoi1afwv	NCNU_User_1774335410937	2026-03-24T06:57:36.627Z	B	Dance_Continuous	1	1	0	1	TRUE	0.6311	0.4999	0.2357	0.4875	0.5191	0.4026	0.3847	0.3955	30s_Interval_AutoLog
sess_qkoi1afwv	NCNU_User_1774335410937	2026-03-24T06:57:37.130Z	B	Victory	1	1	0.1639418371	0.942620357	TRUE	0.6174	0.4974	0.3565	0.3248	0.524	0.3966	0.3901	0.3872	right
sess_qkoi1afwv	NCNU_User_1774335410937	2026-03-24T06:57:38.235Z	B	Victory	1	1	0.1938846775	0.9321403629	TRUE	0.6326	0.229	0.3441	0.4561	0.5197	0.3584	0.3919	0.3777	left
sess_qkoi1afwv	NCNU_User_1774335410937	2026-03-24T06:57:39.364Z	B	Victory	1	0.8645362949	0.2531586242	0.8572089995	TRUE	0.6324	0.3973	0.3774	0.2695	0.5225	0.4197	0.3834	0.4118	right
sess_qkoi1afwv	NCNU_User_1774335410937	2026-03-24T06:57:40.300Z	B	Victory	1	1	0.1883805272	0.9340668155	TRUE	0.6282	0.1835	0.3339	0.3515	0.52	0.3962	0.3851	0.4036	left
sess_qkoi1afwv	NCNU_User_1774335410937	2026-03-24T06:57:42.504Z	B	Victory	1	1	0.1100001506	0.9614999473	TRUE	0.5639	0.262	0.23	0.3841	0.5155	0.3687	0.3849	0.3594	left
sess_qkoi1afwv	NCNU_User_1774335410937	2026-03-24T06:57:43.007Z	B	Victory	1	0.9461278354	0.3643693412	0.8509218648	TRUE	0.6348	0.3499	0.3682	0.2787	0.5121	0.3699	0.38	0.3655	right
sess_qkoi1afwv	NCNU_User_1774335410937	2026-03-24T06:57:44.814Z	B	Victory	1	1	0.2181907864	0.9236332248	TRUE	0.5991	0.2359	0.2918	0.33	0.5116	0.3945	0.3792	0.3917	left
sess_qkoi1afwv	NCNU_User_1774335410937	2026-03-24T06:57:56.940Z	B	Victory	1	0.7270648418	0.3396046588	0.7719643061	TRUE	0.5972	0.5671	0.381	0.2679	0.533	0.3858	0.3991	0.3791	right
sess_qkoi1afwv	NCNU_User_1774335410937	2026-03-24T06:58:06.724Z	B	Dance_Continuous	1	1	0.007451357683	0.9973920248	TRUE	0.6008	0.5351	0.312	0.4703	0.5289	0.4128	0.3954	0.4242	30s_Interval_AutoLog
sess_qkoi1afwv	NCNU_User_1774335410937	2026-03-24T06:58:19.042Z	B	Victory	1	1	0.06372818279	0.977695136	TRUE	0.5703	0.235	0.3439	0.2023	0.528	0.3887	0.396	0.3812	right
sess_qkoi1afwv	NCNU_User_1774335410937	2026-03-24T06:58:24.475Z	B	Gull_Flap	1	1	0.2269817446	0.9205563894	TRUE	0.7054	0.3388	0.1993	0.3597	0.5204	0.3842	0.384	0.3906	
sess_qkoi1afwv	NCNU_User_1774335410937	2026-03-24T06:58:35.016Z	B	Gull_Flap	1	1	0	1	TRUE	0.7	0.3852	0.1917	0.3308	0.5246	0.3915	0.3876	0.3869	
sess_qkoi1afwv	NCNU_User_1774335410937	2026-03-24T06:58:36.019Z	B	Gull_Flap	1	1	0	1	TRUE	0.7047	0.3925	0.1915	0.3853	0.5188	0.401	0.3826	0.402	
sess_qkoi1afwv	NCNU_User_1774335410937	2026-03-24T06:58:36.744Z	B	Dance_Continuous	1	1	0	1	TRUE	0.7045	0.347	0.1948	0.3413	0.516	0.3625	0.3803	0.3585	30s_Interval_AutoLog
sess_qkoi1afwv	NCNU_User_1774335410937	2026-03-24T06:58:37.973Z	B	Victory	1	1	0	1	TRUE	0.7749	0.3963	0.2053	0.4192	0.5221	0.4008	0.3848	0.4027	left
sess_qkoi1afwv	NCNU_User_1774335410937	2026-03-24T06:58:49.064Z	B	Victory	1	1	0	1	TRUE	0.7338	0.2974	0.2195	0.445	0.5251	0.4063	0.3908	0.4068	left
sess_qkoi1afwv	NCNU_User_1774335410937	2026-03-24T06:58:56.590Z	B	Gull_Flap	1	0.8205788275	0.1044070267	0.8916890716	TRUE	0.7057	0.3728	0.1907	0.3721	0.5269	0.3909	0.391	0.3907	
sess_qkoi1afwv	NCNU_User_1774335410937	2026-03-24T06:59:06.760Z	B	Dance_Continuous	1	1	0.257924427	0.9097264506	TRUE	0.6061	0.5769	0.2998	0.4753	0.523	0.4277	0.3936	0.4135	30s_Interval_AutoLog
sess_qkoi1afwv	NCNU_User_1774335410937	2026-03-24T06:59:08.778Z	B	Victory	1	1	0	1	TRUE	0.586	0.6222	0.2627	0.1269	0.5162	0.4145	0.3825	0.3999	right
sess_qkoi1afwv	NCNU_User_1774335410937	2026-03-24T06:59:09.095Z	B	Victory	1	0.9074650421	0.02767147579	0.9533010003	TRUE	0.608	0.8515	0.289	0.0924	0.5176	0.4314	0.3883	0.3987	left
sess_qkoi1afwv	NCNU_User_1774335410937	2026-03-24T06:59:25.385Z	B	Gull_Flap	1	1	0	1	TRUE	0.7741	0.319	0.1943	0.3412	0.5286	0.3807	0.3906	0.3813	
sess_qkoi1afwv	NCNU_User_1774335410937	2026-03-24T06:59:26.787Z	B	Gull_Flap	1	1	0	1	TRUE	0.7222	0.3411	0.1815	0.3205	0.5272	0.3785	0.3875	0.3746	
sess_qkoi1afwv	NCNU_User_1774335410937	2026-03-24T06:59:28.198Z	B	Gull_Flap	1	1	0.07237785825	0.9746677496	TRUE	0.7169	0.3532	0.1863	0.3104	0.5278	0.3646	0.3908	0.3587	
sess_qkoi1afwv	NCNU_User_1774335410937	2026-03-24T06:59:36.329Z	B	Gull_Flap	1	1	0.1821383374	0.9362515819	TRUE	0.6642	0.3208	0.2528	0.3492	0.5233	0.3685	0.3971	0.3642	
sess_qkoi1afwv	NCNU_User_1774335410937	2026-03-24T06:59:36.829Z	B	Dance_Continuous	1	1	0.2586926031	0.9094575889	TRUE	0.5924	0.1583	0.3639	0.1089	0.5333	0.3477	0.408	0.3337	30s_Interval_AutoLog
sess_qkoi1afwv	NCNU_User_1774335410937	2026-03-24T06:59:42.068Z	B	Gull_Flap	1	1	0	1	TRUE	0.6526	0.3235	0.2335	0.339	0.5146	0.3668	0.3903	0.3627	
sess_qkoi1afwv	NCNU_User_1774335410937	2026-03-24T06:59:44.991Z	B	Gull_Flap	1	1	0	1	TRUE	0.65	0.2836	0.2391	0.3136	0.5109	0.3709	0.3867	0.3624	
sess_qkoi1afwv	NCNU_User_1774335410937	2026-03-24T06:59:46.911Z	B	Gull_Flap	1	1	0	1	TRUE	0.6552	0.3039	0.2348	0.2742	0.515	0.3654	0.3913	0.3581	
sess_qkoi1afwv	NCNU_User_1774335410937	2026-03-24T06:59:48.943Z	B	Gull_Flap	1	0.6624080441	0.06188814208	0.8433023679	TRUE	0.7111	0.3628	0.2186	0.4022	0.522	0.4063	0.3897	0.4052	
sess_qkoi1afwv	NCNU_User_1774335410937	2026-03-24T07:00:03.410Z	B	Victory	1	0.7768064791	0.3276548901	0.7960433801	TRUE	0.6415	0.3492	0.2867	0.3491	0.5314	0.4108	0.3863	0.4081	left
sess_qkoi1afwv	NCNU_User_1774335410937	2026-03-24T07:00:06.642Z	B	Victory	1	1	0.1542229347	0.9460219729	TRUE	0.6467	0.4632	0.2789	0.2574	0.5364	0.3908	0.3989	0.3665	right
sess_qkoi1afwv	NCNU_User_1774335410937	2026-03-24T07:00:06.846Z	B	Dance_Continuous	1	1	0.2220514197	0.9222820031	TRUE	0.6585	0.45	0.2747	0.2068	0.5367	0.4117	0.4029	0.3925	30s_Interval_AutoLog
sess_qkoi1afwv	NCNU_User_1774335410937	2026-03-24T07:00:08.953Z	B	Victory	1	1	0.412677165	0.8555629923	TRUE	0.6521	0.2674	0.2634	0.259	0.528	0.3777	0.3889	0.3763	right
sess_qkoi1afwv	NCNU_User_1774335410937	2026-03-24T07:00:09.160Z	B	Victory	1	1	0.4992499601	0.825262514	TRUE	0.6715	0.3558	0.2621	0.4675	0.5253	0.4133	0.3852	0.4157	left
sess_qkoi1afwv	NCNU_User_1774335410937	2026-03-24T07:00:11.083Z	B	Victory	1	1	0.3132263604	0.8903707739	TRUE	0.617	0.3422	0.2801	0.3404	0.5293	0.4083	0.3873	0.4145	right
sess_qkoi1afwv	NCNU_User_1774335410937	2026-03-24T07:00:11.408Z	B	Victory	1	0.907965101	0.3844269973	0.8286365913	TRUE	0.6199	0.2735	0.2933	0.2731	0.53	0.3752	0.3917	0.38	left
sess_qkoi1afwv	NCNU_User_1774335410937	2026-03-24T07:00:13.484Z	B	Victory	1	0.9018413593	0.455325647	0.8013725673	TRUE	0.6022	0.5541	0.284	0.3038	0.5357	0.4142	0.3962	0.4063	right
sess_qkoi1afwv	NCNU_User_1774335410937	2026-03-24T07:00:14.462Z	B	Victory	1	0.481237608	0.5523902056	0.5991584712	TRUE	0.6191	0.3452	0.2947	0.3418	0.5335	0.4145	0.389	0.4195	left
sess_qkoi1afwv	NCNU_User_1774335410937	2026-03-24T07:00:16.061Z	B	Victory	1	0.7235252092	0.1671324801	0.8309137157	TRUE	0.6114	0.4695	0.3265	0.3387	0.5315	0.3841	0.394	0.3916	right
sess_qkoi1afwv	NCNU_User_1774335410937	2026-03-24T07:00:16.814Z	B	Victory	1	0.6607947062	0.252041634	0.7761033106	TRUE	0.6027	0.3716	0.293	0.3567	0.53	0.409	0.3873	0.4097	left
sess_qkoi1afwv	NCNU_User_1774335410937	2026-03-24T07:00:18.147Z	B	Victory	1	0.958459864	0.04268562167	0.968443978	TRUE	0.5922	0.533	0.3014	0.2703	0.527	0.3841	0.3856	0.3811	right
sess_qkoi1afwv	NCNU_User_1774335410937	2026-03-24T07:00:19.018Z	B	Victory	1	0.9381760002	0.1467529549	0.9239068659	TRUE	0.5939	0.2675	0.3202	0.2383	0.539	0.3901	0.3976	0.3814	left
sess_qkoi1afwv	NCNU_User_1774335410937	2026-03-24T07:00:20.220Z	B	Victory	1	1	0.4778892961	0.8327387463	TRUE	0.6286	0.4821	0.2743	0.3267	0.5404	0.4088	0.3988	0.4054	right
sess_qkoi1afwv	NCNU_User_1774335410937	2026-03-24T07:00:22.363Z	B	Victory	1	0.7267276695	0.3269853775	0.7762461857	TRUE	0.6222	0.2182	0.3259	0.2165	0.5478	0.3712	0.4098	0.3726	left
sess_qkoi1afwv	NCNU_User_1774335410937	2026-03-24T07:00:24.285Z	B	Gull_Flap	1	1	0.1066678797	0.9626662421	TRUE	0.6998	0.2693	0.2349	0.2516	0.5313	0.3432	0.3912	0.3384	
sess_qkoi1afwv	NCNU_User_1774335410937	2026-03-24T07:00:28.233Z	B	Gull_Flap	1	0.6186386217	0.282926254	0.7484312598	TRUE	0.7111	0.3065	0.2086	0.289	0.5384	0.3444	0.3988	0.346	
sess_qkoi1afwv	NCNU_User_1774335410937	2026-03-24T07:00:32.504Z	B	Heart	1	1	0	1	TRUE	0.5496	0.6615	0.6034	0.6554	0.579	0.4216	0.6185	0.4145	
sess_zri853s6g	NCNU_User_1774335632605	2026-03-24T07:00:40.636Z	B	Heart	0.5	0.5	0.5	0.5	FALSE	0.2685	0.59	0.2238	0.6332	0.2651	0.4724	0.2214	0.4637	
sess_zri853s6g	NCNU_User_1774335632605	2026-03-24T07:00:42.204Z	B	Fireworks_Explosion	0.5	0.5	0.5	0.5	FALSE	0.058	0.8143	0.0725	0.8061	0.0876	0.6073	0.0169	0.6284	right
sess_zri853s6g	NCNU_User_1774335632605	2026-03-24T07:00:42.496Z	B	Fireworks_Explosion	0.5	0.5	0.5	0.5	FALSE	0.0513	0.8176	0.0473	0.7957	0.0874	0.6073	0.0168	0.6287	left
sess_zri853s6g	NCNU_User_1774335632605	2026-03-24T07:00:43.938Z	B	Fireworks_Explosion	0.5	0.5	0.5	0.5	FALSE	0.053	0.8167	0.0717	0.8006	0.0885	0.6086	0.0168	0.6287	left
sess_zri853s6g	NCNU_User_1774335632605	2026-03-24T07:00:46.976Z	B	Baseline_End	0.1453816669	0.2280159742	0.7274887085	0.2229307584	TRUE	0.0499	0.82	0.067	0.8131	0.0873	0.6048	0.0164	0.6287	baseline calibrated
sess_zri853s6g	NCNU_User_1774335632605	2026-03-24T07:01:17.022Z	B	Dance_Continuous	0.9315575162	1	0.3806776739	0.8496521932	TRUE	0.5665	0.9171	0.2513	0.8991	0.4631	0.4927	0.3046	0.5183	30s_Interval_AutoLog
sess_zri853s6g	NCNU_User_1774335632605	2026-03-24T07:01:27.302Z	B	Victory	0.7756667071	0.8910926038	0.7417032567	0.6407575785	TRUE	0.5815	0.5204	0.3774	0.2054	0.5115	0.4669	0.384	0.4491	right
sess_zri853s6g	NCNU_User_1774335632605	2026-03-24T07:01:47.141Z	B	Dance_Continuous	0.6024253626	1	0.8242253863	0.6121274555	TRUE	0.6133	0.7354	0.5951	0.5755	0.5091	0.486	0.3993	0.4511	30s_Interval_AutoLog
sess_zri853s6g	NCNU_User_1774335632605	2026-03-24T07:01:51.676Z	B	Heart	0.6108057089	1	0.7262630511	0.6485093593	TRUE	0.0503	0.8132	0.0362	0.7847	0.09	0.6121	0.0202	0.6187	
sess_i801uwb2n	NCNU_User_1774335723215	2026-03-24T07:02:20.431Z	B	Heart	0.5	0.5	0.5	0.5	FALSE	0.5751	0.6766	0.5734	0.7145	0.5164	0.5005	0.4052	0.488	
sess_i801uwb2n	NCNU_User_1774335723215	2026-03-24T07:02:22.300Z	B	Heart	0.5	0.5	0.5	0.5	FALSE	0.5845	0.6666	0.5638	0.6192	0.5049	0.4825	0.3856	0.4628	
sess_i801uwb2n	NCNU_User_1774335723215	2026-03-24T07:02:23.101Z	B	Baseline_End	0.6210625346	1	0	0.9052656336	TRUE	0.3392	0.6785	0.2977	0.9183	0.485	0.4799	0.3718	0.5	baseline calibrated
sess_i801uwb2n	NCNU_User_1774335723215	2026-03-24T07:02:26.039Z	B	Heart	0.5988145339	1	0	0.8997036335	TRUE	0.5798	0.7541	0.589	0.6451	0.5257	0.4985	0.4108	0.4725	
sess_i801uwb2n	NCNU_User_1774335723215	2026-03-24T07:02:26.971Z	B	Heart	0.07812714946	0.9266649896	0	0.7401977832	TRUE	0.3221	0.7269	0.2816	0.8033	0.4851	0.5076	0.3718	0.4996	
sess_i801uwb2n	NCNU_User_1774335723215	2026-03-24T07:02:29.644Z	B	Heart	0	1	0	0.75	TRUE	0.5476	0.7199	0.5241	0.6957	0.5123	0.4903	0.3883	0.4755	
sess_i801uwb2n	NCNU_User_1774335723215	2026-03-24T07:02:32.305Z	B	Heart	0	0.7208683352	0	0.6383473341	TRUE	0.2639	0.6986	0.2871	0.7845	0.4996	0.4939	0.379	0.4968	
sess_i801uwb2n	NCNU_User_1774335723215	2026-03-24T07:02:33.110Z	B	Heart	0	1	0	0.75	TRUE	0.5355	0.9557	0.5673	0.9235	0.5232	0.4964	0.3968	0.4997	
sess_i801uwb2n	NCNU_User_1774335723215	2026-03-24T07:02:35.777Z	B	Victory	1	0.5215069091	0.1777016349	0.7464071914	TRUE	0.5471	0.2557	0.4026	0.2011	0.5352	0.4751	0.4021	0.4544	right
sess_i801uwb2n	NCNU_User_1774335723215	2026-03-24T07:02:53.130Z	B	Dance_Continuous	0.5192616896	0.3838509469	0.5407423847	0.4440959665	TRUE	0.3891	0.8924	0.2652	0.5982	0.4673	0.5125	0.3277	0.4886	30s_Interval_AutoLog
sess_i801uwb2n	NCNU_User_1774335723215	2026-03-24T07:03:09.938Z	B	Heart	0	0.0909271306	0.8796648959	0.07848813867	TRUE	0.2578	0.5186	0.2268	0.535	0.4648	0.4763	0.3613	0.4791	
sess_i801uwb2n	NCNU_User_1774335723215	2026-03-24T07:03:13.542Z	B	Heart	0	0.2008126982	1	0.08032507929	TRUE	0.519	0.8495	0.4828	0.8259	0.53	0.5104	0.3953	0.4776	
sess_i801uwb2n	NCNU_User_1774335723215	2026-03-24T07:03:14.747Z	B	Heart	0	0.7664183934	1	0.3065673574	TRUE	0.2413	0.425	0.214	0.3897	0.4273	0.474	0.3288	0.488	
sess_i801uwb2n	NCNU_User_1774335723215	2026-03-24T07:03:23.185Z	B	Dance_Continuous	0	0.1425076776	1	0.05700307105	TRUE	0.3645	0.73	0.2332	0.6833	0.4963	0.4888	0.3691	0.4824	30s_Interval_AutoLog
sess_i801uwb2n	NCNU_User_1774335723215	2026-03-24T07:03:41.232Z	B	Victory	0.2982918546	0.45516218	0.5607265509	0.4103835428	TRUE	0.6162	1.0069	0.3239	0.8802	0.5451	0.5176	0.3892	0.5113	left
sess_i801uwb2n	NCNU_User_1774335723215	2026-03-24T07:03:46.975Z	B	Victory	1	0.4103731027	0.329382344	0.6488654207	TRUE	0.5673	0.1487	0.3578	0.1191	0.5256	0.4633	0.3944	0.4483	right
sess_i801uwb2n	NCNU_User_1774335723215	2026-03-24T07:03:51.113Z	B	Victory	1	0.3466130138	0.6172153505	0.5226198328	TRUE	0.6576	0.9882	0.261	0.982	0.5426	0.5044	0.3886	0.5114	left
sess_i801uwb2n	NCNU_User_1774335723215	2026-03-24T07:03:53.248Z	B	Dance_Continuous	1	0.5979402763	0.05181975162	0.8210391975	TRUE	0.6753	0.8297	0.3121	0.8357	0.5654	0.5077	0.4177	0.5094	30s_Interval_AutoLog
sess_i801uwb2n	NCNU_User_1774335723215	2026-03-24T07:03:57.112Z	B	Gull_Flap	1	1	0	1	TRUE	0.6972	0.3813	0.1911	0.4017	0.5162	0.4582	0.3831	0.4572	
sess_i801uwb2n	NCNU_User_1774335723215	2026-03-24T07:04:11.522Z	B	Victory	1	0.2432896916	0.1243096443	0.6538075011	TRUE	0.5669	0.2796	0.399	0.1885	0.5342	0.4724	0.4	0.4523	right
sess_i801uwb2n	NCNU_User_1774335723215	2026-03-24T07:04:23.269Z	B	Dance_Continuous	1	0.8361143241	0.5923491782	0.7271235173	TRUE	0.5844	0.5685	0.3655	0.4464	0.5479	0.473	0.4059	0.4703	30s_Interval_AutoLog
sess_i801uwb2n	NCNU_User_1774335723215	2026-03-24T07:04:27.139Z	B	Heart	0	0.6420215209	0	0.6068086084	TRUE	0.3565	0.707	0.3533	0.6871	0.4674	0.5037	0.3282	0.5107	
sess_i801uwb2n	NCNU_User_1774335723215	2026-03-24T07:04:29.608Z	B	Heart	0.1768660698	0.173229757	0.5590938677	0.2678255665	TRUE	0.7743	0.5487	0.7488	0.5453	0.7912	0.5458	0.7522	0.5423	
sess_f2prm4bwf	NCNU_User_1774335870672	2026-03-24T07:04:37.450Z	B	Fireworks_Explosion	0.5	0.5	0.5	0.5	FALSE	0.7589	0.6483	0.7315	0.6517	0.7906	0.5539	0.7483	0.5481	right
sess_f2prm4bwf	NCNU_User_1774335870672	2026-03-24T07:04:46.765Z	B	Baseline_End	0.2993010389	0.6415507991	0.4858592418	0.5113948447	TRUE	0.7585	0.6511	0.7331	0.6462	0.7902	0.5555	0.7481	0.5477	baseline calibrated
sess_f2prm4bwf	NCNU_User_1774335870672	2026-03-24T07:04:53.338Z	B	Dance_Continuous	0.1396814007	0.2457058692	0.6246290477	0.2645825311	TRUE	0.759	0.6517	0.7355	0.632	0.7905	0.5545	0.7477	0.5474	30s_Interval_AutoLog
sess_f2prm4bwf	NCNU_User_1774335870672	2026-03-24T07:05:48.526Z	B	Dance_Continuous	0.3141503736	0	1	0.07853759339	TRUE	0.7587	0.6495	0.7353	0.6319	0.7901	0.5539	0.7478	0.5486	30s_Interval_AutoLog
sess_f2prm4bwf	NCNU_User_1774335870672	2026-03-24T07:06:08.948Z	B	Victory	0.973849147	1	0	0.9934622868	TRUE	0.7637	0.655	0.7298	0.657	0.7898	0.5565	0.7471	0.5483	right
sess_c1g7l9f11	NCNU_User_1774335977706	2026-03-24T07:06:27.413Z	B	Victory	0.5	0.5	0.5	0.5	FALSE	0.4848	0.4002	0.398	0.2503	0.4774	0.317	0.3644	0.3096	right
sess_c1g7l9f11	NCNU_User_1774335977706	2026-03-24T07:06:32.824Z	B	Baseline_End	0.1664630003	0	0.02997025915	0.3811261594	TRUE	0.4752	0.0209	0.3728	0.0339	0.4879	0.3118	0.3857	0.3193	baseline calibrated
sess_c1g7l9f11	NCNU_User_1774335977706	2026-03-24T07:06:40.740Z	B	Victory	0.5743979571	0.1446334353	1	0.2014528634	TRUE	0.6726	0.0892	0.3827	0.0415	0.5598	0.3005	0.4226	0.3056	right
sess_c1g7l9f11	NCNU_User_1774335977706	2026-03-24T07:06:54.872Z	B	Heart	0	0	0.04568619576	0.3340098315	TRUE	0.4478	0.0779	0.4041	0.1045	0.532	0.3191	0.418	0.3379	
sess_c1g7l9f11	NCNU_User_1774335977706	2026-03-24T07:07:00.643Z	B	Victory	0.7820024025	0.4710043502	0	0.7339023407	TRUE	0.5836	0.1418	0.2327	0.0841	0.4582	0.3596	0.3349	0.3488	left
sess_c1g7l9f11	NCNU_User_1774335977706	2026-03-24T07:07:02.898Z	B	Dance_Continuous	0.3466334378	0.5930879012	0.06793435924	0.6501164942	TRUE	0.4983	0.3128	0.2936	0.3282	0.4659	0.3402	0.3515	0.3615	30s_Interval_AutoLog
sess_c1g7l9f11	NCNU_User_1774335977706	2026-03-24T07:07:10.760Z	B	Victory	0	0.6002421975	0	0.590096879	TRUE	0.4559	0.2113	0.3522	0.0862	0.4962	0.3324	0.3809	0.3466	right
sess_c1g7l9f11	NCNU_User_1774335977706	2026-03-24T07:07:21.071Z	B	Victory	0.5821422568	0.5023664409	0	0.6964821406	TRUE	0.6587	0.0837	0.2897	-0.0131	0.4965	0.3386	0.3751	0.3263	left
sess_c1g7l9f11	NCNU_User_1774335977706	2026-03-24T07:07:23.619Z	B	Victory	0.7312623933	0.3317745657	0.6625803979	0.4336222854	TRUE	0.5462	0.6662	0.4414	0.6781	0.4714	0.3479	0.3379	0.3288	right
sess_c1g7l9f11	NCNU_User_1774335977706	2026-03-24T07:07:28.211Z	B	Victory	1	0	1	0.25	TRUE	0.6059	0.7834	0.2596	0.2471	0.4706	0.3555	0.3414	0.3484	left
sess_c1g7l9f11	NCNU_User_1774335977706	2026-03-24T07:07:32.904Z	B	Dance_Continuous	1	0.4439434349	0.3755666903	0.6461290323	TRUE	0.44	0.2936	0.2989	0.4128	0.4439	0.3062	0.3448	0.3441	30s_Interval_AutoLog
sess_c1g7l9f11	NCNU_User_1774335977706	2026-03-24T07:07:38.857Z	B	Gull_Flap	0.9022467981	0.1097545563	0	0.6194635221	TRUE	0.5724	0.1095	0.1421	0.1927	0.4189	0.3129	0.2887	0.3322	
sess_c1g7l9f11	NCNU_User_1774335977706	2026-03-24T07:07:40.671Z	B	Gull_Flap	1	0.6925455534	0.2844016499	0.7774776439	TRUE	0.6501	0.2472	0.195	0.2273	0.4763	0.2851	0.3514	0.3014	
sess_c1g7l9f11	NCNU_User_1774335977706	2026-03-24T07:07:42.591Z	B	Gull_Flap	1	1	0	1	TRUE	0.6251	0.2219	0.1471	0.2977	0.4381	0.2916	0.3078	0.3277	
sess_c1g7l9f11	NCNU_User_1774335977706	2026-03-24T07:07:49.609Z	B	Gull_Flap	1	0.5654037614	0.4919952738	0.6539631587	TRUE	0.6786	0.2759	0.225	0.2977	0.5079	0.301	0.3736	0.3048	
sess_c1g7l9f11	NCNU_User_1774335977706	2026-03-24T07:07:53.635Z	B	Gull_Flap	1	0.4741020023	0.1292560951	0.7444011676	TRUE	0.6667	0.2381	0.1551	0.1911	0.4824	0.2988	0.3379	0.3013	
sess_c1g7l9f11	NCNU_User_1774335977706	2026-03-24T07:07:57.900Z	B	Victory	0.409365969	0.1674936979	0	0.5193389714	TRUE	0.6124	0.0476	0.4427	0.1899	0.4988	0.318	0.3792	0.3265	right
sess_c1g7l9f11	NCNU_User_1774335977706	2026-03-24T07:08:02.748Z	B	Victory	1	0.1710377608	0.5995080113	0.4585873004	TRUE	0.6334	0.6645	0.3473	0.1696	0.472	0.3447	0.3559	0.3145	left
sess_c1g7l9f11	NCNU_User_1774335977706	2026-03-24T07:08:12.693Z	B	Victory	1	0.2442143541	0.3983551288	0.5582614466	TRUE	0.6419	0.6503	0.4518	0.2559	0.4673	0.3715	0.356	0.3453	right
sess_c1g7l9f11	NCNU_User_1774335977706	2026-03-24T07:08:16.943Z	B	Victory	0.5979226114	0.2708562811	0.5808306629	0.4045324333	TRUE	0.474	0.0145	0.2021	0.0496	0.4169	0.3475	0.3179	0.3542	right
sess_c1g7l9f11	NCNU_User_1774335977706	2026-03-24T07:08:19.687Z	B	Victory	0.2142465711	0.6794333561	0.2406026146	0.5911240701	TRUE	0.3393	0.1981	0.2362	0.4112	0.4432	0.3295	0.3486	0.3755	left
sess_c1g7l9f11	NCNU_User_1774335977706	2026-03-24T07:08:27.330Z	B	Heart	0	0.02138454306	0.1505823182	0.3058500059	TRUE	0.3947	0.108	0.3753	0.113	0.451	0.3316	0.3344	0.3393	
sess_c1g7l9f11	NCNU_User_1774335977706	2026-03-24T07:08:28.245Z	B	Victory	0	0	0.1544405116	0.2959458209	TRUE	0.3909	0.1451	0.4072	0.1483	0.4454	0.3324	0.3318	0.3452	right
sess_c1g7l9f11	NCNU_User_1774335977706	2026-03-24T07:08:33.002Z	B	Dance_Continuous	0	0.2178297734	0.1029542893	0.4010979081	TRUE	0.4781	0.251	0.3763	0.197	0.4473	0.3458	0.3454	0.3328	30s_Interval_AutoLog
sess_c1g7l9f11	NCNU_User_1774335977706	2026-03-24T07:08:37.122Z	B	Victory	0	0.5545566316	0.0590709249	0.5511478289	TRUE	0.3421	0.4063	0.2903	0.3751	0.428	0.3383	0.3169	0.358	left
sess_c1g7l9f11	NCNU_User_1774335977706	2026-03-24T07:08:38.922Z	B	Heart	0	0.2538195709	0.1352969211	0.404173906	TRUE	0.4152	0.0817	0.37	0.1086	0.4243	0.3237	0.3128	0.3203	
sess_c1g7l9f11	NCNU_User_1774335977706	2026-03-24T07:08:39.304Z	B	Gull_Flap	0.273031092	0.2605473096	0.1358706654	0.4749219639	TRUE	0.5543	0.1835	0.171	0.1789	0.4245	0.3391	0.3093	0.3291	
sess_c1g7l9f11	NCNU_User_1774335977706	2026-03-24T07:08:40.559Z	B	Heart	0	0	0.602078253	0.1392726115	TRUE	0.3735	0.142	0.3244	0.1411	0.4256	0.3369	0.3194	0.3368	
sess_c1g7l9f11	NCNU_User_1774335977706	2026-03-24T07:08:41.711Z	B	Gull_Flap	0.3648214793	0	1	0.09120536982	TRUE	0.5689	0.2263	0.1658	0.2501	0.4226	0.3214	0.3029	0.341	
sess_c1g7l9f11	NCNU_User_1774335977706	2026-03-24T07:08:49.853Z	B	Victory	1	0	1	0.25	TRUE	0.0527	0.8981	0.0669	0.8998	0.0863	0.669	0.0168	0.696	left
sess_2ukqj8p24	NCNU_User_1774336132746	2026-03-24T07:08:54.550Z	B	Fireworks_Explosion	0.5	0.5	0.5	0.5	FALSE	0.0572	0.8969	0.0705	0.9	0.0851	0.6661	0.0165	0.6991	left
sess_2ukqj8p24	NCNU_User_1774336132746	2026-03-24T07:08:58.128Z	B	Heart	0.5	0.5	0.5	0.5	FALSE	0.5665	0.76	0.5485	0.7793	0.6338	0.4399	0.4785	0.4425	
sess_2ukqj8p24	NCNU_User_1774336132746	2026-03-24T07:09:05.177Z	B	Heart	0.5	0.5	0.5	0.5	FALSE	0.4769	0.8962	0.4731	0.9018	0.6004	0.3711	0.3506	0.3847	
sess_2ukqj8p24	NCNU_User_1774336132746	2026-03-24T07:09:08.126Z	B	Baseline_End	1	0.9535333272	0	0.9814133309	TRUE	0.5845	0.9709	0.274	1.0247	0.5658	0.389	0.3254	0.429	baseline calibrated
sess_2ukqj8p24	NCNU_User_1774336132746	2026-03-24T07:09:11.640Z	B	Heart	1	0.625559105	0	0.850223642	TRUE	0.7776	0.7105	0.7278	0.7195	0.7818	0.619	0.7357	0.6146	
sess_2ukqj8p24	NCNU_User_1774336132746	2026-03-24T07:09:35.442Z	B	Victory	1	1	0	1	TRUE	0.3989	0.5617	0.205	0.532	0.6	0.4384	0.4354	0.4182	right
sess_2ukqj8p24	NCNU_User_1774336132746	2026-03-24T07:09:38.217Z	B	Dance_Continuous	1	1	0	1	TRUE	0.753	0.7568	0.5721	0.5607	0.5474	0.432	0.3812	0.4373	30s_Interval_AutoLog
sess_2ukqj8p24	NCNU_User_1774336132746	2026-03-24T07:09:43.445Z	B	Victory	1	0.5895189173	0.3065027351	0.7285316096	TRUE	0.5092	0.8828	0.4216	0.9126	0.5801	0.4115	0.3786	0.4212	left
sess_2ukqj8p24	NCNU_User_1774336132746	2026-03-24T07:10:17.106Z	B	Dance_Continuous	0.7230915811	0.2768047566	0.8075841453	0.3588403471	TRUE	0.5114	0.8353	0.3811	0.839	0.5429	0.4271	0.3504	0.4289	30s_Interval_AutoLog
sess_2ukqj8p24	NCNU_User_1774336132746	2026-03-24T07:10:27.605Z	B	Victory	1	1	0	1	TRUE	0.4297	0.3562	0.6113	0.2471	0.635	0.3647	0.4884	0.3995	left
sess_508yxouvm	NCNU_User_1774336229697	2026-03-24T07:10:30.271Z	B	Gull_Flap	0.5	0.5	0.5	0.5	FALSE	0.8046	0.147	0.139	0.1808	0.5606	0.4161	0.3862	0.4401	
sess_508yxouvm	NCNU_User_1774336229697	2026-03-24T07:10:31.904Z	B	Heart	0.5	0.5	0.5	0.5	FALSE	0.5335	0.3193	0.5794	0.3813	0.6634	0.3958	0.51	0.4205	
sess_508yxouvm	NCNU_User_1774336229697	2026-03-24T07:10:35.392Z	B	Heart	0.5	0.5	0.5	0.5	FALSE	0.779	0.5523	0.7443	0.4719	0.6578	0.4049	0.488	0.4366	
sess_508yxouvm	NCNU_User_1774336229697	2026-03-24T07:10:36.903Z	B	Victory	0.5	0.5	0.5	0.5	FALSE	0.3866	0.8203	0.066	0.872	0.5559	0.4137	0.3822	0.4344	right
sess_508yxouvm	NCNU_User_1774336229697	2026-03-24T07:10:46.873Z	B	Baseline_End	0.3147870954	0.7739646772	0.1861756044	0.6731211832	TRUE	0.3275	0.6225	-0.0003	0.5365	0.5071	0.4151	0.3308	0.4457	baseline calibrated
sess_508yxouvm	NCNU_User_1774336229697	2026-03-24T07:10:47.216Z	B	Dance_Continuous	0.4125826556	0.6850518292	0.05529409197	0.7078134634	TRUE	0.3173	0.5687	0.0393	0.4487	0.5045	0.408	0.3312	0.4198	30s_Interval_AutoLog
sess_508yxouvm	NCNU_User_1774336229697	2026-03-24T07:10:52.076Z	B	Heart	0.09426335925	0.8137831672	0.04482010321	0.6833920706	TRUE	0.8582	0.0677	0.8593	0.0671	0.7928	0.3912	0.6591	0.4072	
sess_508yxouvm	NCNU_User_1774336229697	2026-03-24T07:10:56.710Z	B	Victory	0.4777336686	0.6855932246	0.2405600731	0.6594746814	TRUE	0.3966	0.856	0.0796	0.8915	0.5249	0.4217	0.348	0.4342	right
sess_508yxouvm	NCNU_User_1774336229697	2026-03-24T07:11:02.670Z	B	Victory	0.4292108618	0.3468126589	0.9697910987	0.2566008944	TRUE	0.7928	0.7095	0.5514	0.6836	0.6472	0.4181	0.4686	0.4486	right
sess_508yxouvm	NCNU_User_1774336229697	2026-03-24T07:11:03.712Z	B	Heart	0.1723822048	0.755046916	0.7848975809	0.4204001643	TRUE	0.6083	0.5654	0.5936	0.541	0.6422	0.421	0.4658	0.4449	
sess_508yxouvm	NCNU_User_1774336229697	2026-03-24T07:11:07.947Z	B	Heart	0.1901977648	0	0.9052281438	0.08071959085	TRUE	0.3885	0.0773	0.411	0.0553	0.4997	0.3834	0.322	0.4115	
sess_508yxouvm	NCNU_User_1774336229697	2026-03-24T07:11:10.015Z	B	Gull_Flap	0.7781460472	0.1102744275	0.361398992	0.4621566356	TRUE	0.9019	0.1238	0.1286	0.2563	0.5884	0.3933	0.3873	0.4158	
sess_508yxouvm	NCNU_User_1774336229697	2026-03-24T07:11:11.395Z	B	Victory	0.4568676453	0.2453898012	0.7369070607	0.3044553606	TRUE	0.5268	0.6921	0.705	0.5849	0.6424	0.4134	0.4519	0.4458	right
sess_508yxouvm	NCNU_User_1774336229697	2026-03-24T07:11:15.248Z	B	Victory	0.5678969149	0.7521095165	0.1087904205	0.7547413881	TRUE	0.5714	0.8031	0.7409	0.3895	0.6399	0.4116	0.4658	0.4468	right
sess_508yxouvm	NCNU_User_1774336229697	2026-03-24T07:11:17.234Z	B	Dance_Continuous	1	0.2256246446	0.4621261272	0.5285057133	TRUE	0.378	0.813	0.091	0.2512	0.5256	0.4141	0.3362	0.4115	30s_Interval_AutoLog
sess_508yxouvm	NCNU_User_1774336229697	2026-03-24T07:11:18.655Z	B	Heart	0.3909975078	0.6533537485	0.01799624571	0.7027921903	TRUE	0.5767	0.884	0.5991	0.8869	0.666	0.4191	0.4804	0.4564	
sess_508yxouvm	NCNU_User_1774336229697	2026-03-24T07:11:35.711Z	B	Victory	0.6488651131	0.5534913659	0.3939968169	0.5957139387	TRUE	0.4857	0.6954	0.5539	0.2041	0.6288	0.4126	0.4442	0.4196	right
sess_508yxouvm	NCNU_User_1774336229697	2026-03-24T07:11:37.104Z	B	Fireworks_Explosion	0.9142124929	0.008383370729	0.2696500482	0.4875289547	TRUE	0.3739	0.7037	0.0075	0.3478	0.5441	0.4135	0.3499	0.4034	right
sess_508yxouvm	NCNU_User_1774336229697	2026-03-24T07:11:47.261Z	B	Dance_Continuous	0.2686640568	1	0	0.8171660142	TRUE	0.2909	0.5802	0.4653	0.4777	0.4875	0.4189	0.305	0.4651	30s_Interval_AutoLog
sess_508yxouvm	NCNU_User_1774336229697	2026-03-24T07:11:50.621Z	B	Heart	0.3902104332	0.810093538	0.4966052494	0.5977781862	TRUE	0.4789	0.7451	0.4853	0.7482	0.5115	0.4316	0.3158	0.4467	
sess_508yxouvm	NCNU_User_1774336229697	2026-03-24T07:11:54.752Z	B	Victory	0.2870895727	0.5634133625	0	0.6471377382	TRUE	0.4577	0.78	0.4548	0.735	0.498	0.4193	0.2993	0.4497	right
sess_508yxouvm	NCNU_User_1774336229697	2026-03-24T07:11:56.923Z	B	Fireworks_Explosion	1	0.6943765749	0.09903557782	0.8430881777	TRUE	0.8567	0.2426	0.3129	0.2718	0.6927	0.4172	0.5018	0.431	left
sess_508yxouvm	NCNU_User_1774336229697	2026-03-24T07:11:58.427Z	B	Heart	0.2785296048	0.5353371249	0	0.6337672512	TRUE	0.5006	0.7403	0.525	0.7089	0.5309	0.4291	0.3396	0.4271	
sess_508yxouvm	NCNU_User_1774336229697	2026-03-24T07:12:01.785Z	B	Victory	1	0.7427436909	0	0.8970974764	TRUE	0.4464	0.8525	0.2679	0.4122	0.586	0.421	0.397	0.4557	right
sess_508yxouvm	NCNU_User_1774336229697	2026-03-24T07:12:06.413Z	B	Heart	0.4480469393	1	0.1070458647	0.8245456822	TRUE	0.6418	0.9356	0.6417	0.9288	0.6507	0.42	0.451	0.4451	
sess_508yxouvm	NCNU_User_1774336229697	2026-03-24T07:12:17.370Z	B	Dance_Continuous	1	1	0.3194173319	0.8882039338	TRUE	0.3562	0.8258	0.0838	0.3845	0.5327	0.4189	0.3337	0.4278	30s_Interval_AutoLog
sess_508yxouvm	NCNU_User_1774336229697	2026-03-24T07:12:22.449Z	B	Victory	1	1	0.06488308659	0.9772909197	TRUE	0.9678	0.5002	0.5014	1.0293	0.6664	0.4041	0.4646	0.4444	left
sess_508yxouvm	NCNU_User_1774336229697	2026-03-24T07:12:24.737Z	B	Heart	0.1655971412	0.1083655364	0.6117888638	0.2206193975	TRUE	0.2906	0.184	0.3305	0.1619	0.4874	0.4019	0.2986	0.4182	
sess_508yxouvm	NCNU_User_1774336229697	2026-03-24T07:12:30.959Z	B	Victory	0.160428004	0.7858267194	0.7174227562	0.4533397241	TRUE	0.5385	0.8611	0.6534	0.5973	0.6086	0.4179	0.4106	0.4573	right
sess_508yxouvm	NCNU_User_1774336229697	2026-03-24T07:12:34.302Z	B	Heart	0.4050096736	0.6463321523	0.4516808673	0.5516969758	TRUE	0.5373	0.8621	0.5603	0.9358	0.6679	0.4186	0.4725	0.4425	
sess_508yxouvm	NCNU_User_1774336229697	2026-03-24T07:12:36.251Z	B	Victory	1	0.2806424145	0.6481900035	0.4853904646	TRUE	0.7267	-0.0031	0.2385	0.9367	0.4949	0.4047	0.3031	0.4534	left
sess_508yxouvm	NCNU_User_1774336229697	2026-03-24T07:12:42.447Z	B	Fireworks_Explosion	0.6544211933	0.4916550714	0.7405136891	0.4510875357	TRUE	0.9532	0.4322	0.6362	0.5153	0.6354	0.4012	0.443	0.4268	left
sess_508yxouvm	NCNU_User_1774336229697	2026-03-24T07:12:47.381Z	B	Dance_Continuous	0.3998019124	0.4106632927	0.4662500626	0.4510282733	TRUE	0.6381	0.4467	0.2729	0.4593	0.5698	0.3992	0.3781	0.4226	30s_Interval_AutoLog
sess_508yxouvm	NCNU_User_1774336229697	2026-03-24T07:12:48.201Z	B	Victory	0.7584053944	0.4920124944	0.4812895855	0.5679549914	TRUE	0.3783	-0.0118	0.0067	0.1183	0.4946	0.3911	0.3008	0.4249	left
sess_508yxouvm	NCNU_User_1774336229697	2026-03-24T07:12:48.998Z	B	Victory	0.5063634461	0.3695720569	0.2102452705	0.5508338396	TRUE	0.2883	0.2713	0.1598	-0.0288	0.487	0.3811	0.2994	0.4036	right
sess_508yxouvm	NCNU_User_1774336229697	2026-03-24T07:12:52.883Z	B	Victory	0.1626774376	1	0.6488377052	0.5635761626	TRUE	0.5786	0.5356	0.4439	0.4741	0.6749	0.4058	0.4833	0.4487	right
sess_508yxouvm	NCNU_User_1774336229697	2026-03-24T07:12:54.721Z	B	Fireworks_Explosion	0.4543878635	0.8571821876	0	0.8064698409	TRUE	0.887	0.315	0.5905	0.6037	0.6583	0.4183	0.4648	0.4395	left
sess_508yxouvm	NCNU_User_1774336229697	2026-03-24T07:12:57.225Z	B	Gull_Flap	0.6884046849	1	0	0.9221011712	TRUE	0.7685	0.287	0.0161	0.4142	0.5234	0.406	0.3033	0.4158	
sess_6wpzqlbpp	NCNU_User_1774336393440	2026-03-24T07:13:29.028Z	B	Baseline_End	0.8433362732	1	0	0.9608340683	TRUE	0.9239	0.7124	0.8892	0.772	0.9582	0.6331	0.9027	0.6209	baseline calibrated
sess_6wpzqlbpp	NCNU_User_1774336393440	2026-03-24T07:13:59.049Z	B	Dance_Continuous	1	1	0	1	TRUE	0.5829	0.9394	0.3426	0.9242	0.5657	0.4679	0.3808	0.4454	30s_Interval_AutoLog
sess_6wpzqlbpp	NCNU_User_1774336393440	2026-03-24T07:14:00.019Z	B	Victory	1	1	0	1	TRUE	0.6275	0.9626	0.3447	0.5133	0.6077	0.4764	0.4283	0.451	right
sess_6wpzqlbpp	NCNU_User_1774336393440	2026-03-24T07:14:01.890Z	B	Victory	1	1	0	1	TRUE	0.6396	0.3803	0.2945	0.3679	0.5746	0.4528	0.3953	0.4378	left
sess_6wpzqlbpp	NCNU_User_1774336393440	2026-03-24T07:14:03.956Z	B	Victory	1	1	0	1	TRUE	0.6373	0.3299	0.2891	0.3711	0.5656	0.4459	0.3843	0.4451	left
sess_6wpzqlbpp	NCNU_User_1774336393440	2026-03-24T07:14:07.442Z	B	Fireworks_Explosion	1	1	0	1	TRUE	0.6263	0.6376	0.2979	0.3224	0.5645	0.4442	0.3777	0.4417	right
sess_6wpzqlbpp	NCNU_User_1774336393440	2026-03-24T07:14:10.301Z	B	Victory	1	1	0	1	TRUE	0.5387	0.9927	0.2986	0.3355	0.5387	0.4809	0.3914	0.4553	right
sess_6wpzqlbpp	NCNU_User_1774336393440	2026-03-24T07:14:16.011Z	B	Fireworks_Explosion	1	1	0	1	TRUE	0.5413	0.3432	0.3823	0.3479	0.5352	0.4563	0.3819	0.459	left
sess_6wpzqlbpp	NCNU_User_1774336393440	2026-03-24T07:14:17.891Z	B	Fireworks_Explosion	1	1	0	1	TRUE	0.5366	0.3469	0.3823	0.3525	0.5352	0.4547	0.3814	0.4551	left
sess_6wpzqlbpp	NCNU_User_1774336393440	2026-03-24T07:14:18.472Z	B	Victory	1	1	0	1	TRUE	0.5506	0.3513	0.3823	0.349	0.5349	0.4541	0.3875	0.4598	left
sess_6wpzqlbpp	NCNU_User_1774336393440	2026-03-24T07:14:19.506Z	B	Fireworks_Explosion	1	1	0	1	TRUE	0.5124	0.4036	0.3652	0.4308	0.5391	0.4655	0.385	0.4552	left
sess_6wpzqlbpp	NCNU_User_1774336393440	2026-03-24T07:14:22.771Z	B	Heart	1	1	0	1	TRUE	0.4526	0.3015	0.4382	0.2983	0.5297	0.4521	0.3802	0.4472	
sess_6wpzqlbpp	NCNU_User_1774336393440	2026-03-24T07:14:24.779Z	B	Gull_Flap	1	1	0	1	TRUE	0.7433	0.3057	0.1701	0.3236	0.5369	0.4299	0.3825	0.4271	
sess_6wpzqlbpp	NCNU_User_1774336393440	2026-03-24T07:14:25.586Z	B	Heart	1	1	0	1	TRUE	0.4453	0.1555	0.4284	0.159	0.5189	0.4218	0.3797	0.4408	
sess_6wpzqlbpp	NCNU_User_1774336393440	2026-03-24T07:14:26.201Z	B	Heart	1	1	0	1	TRUE	0.4458	0.1477	0.4373	0.1487	0.5173	0.4189	0.3765	0.4325	
sess_6wpzqlbpp	NCNU_User_1774336393440	2026-03-24T07:14:27.403Z	B	Gull_Flap	1	1	0	1	TRUE	0.7261	0.4141	0.1925	0.3618	0.5341	0.4643	0.3818	0.447	
sess_6wpzqlbpp	NCNU_User_1774336393440	2026-03-24T07:14:29.055Z	B	Dance_Continuous	1	1	0	1	TRUE	0.5776	0.9873	0.238	0.9158	0.5321	0.4771	0.3747	0.4627	30s_Interval_AutoLog
sess_6wpzqlbpp	NCNU_User_1774336393440	2026-03-24T07:14:59.069Z	B	Dance_Continuous	1	1	0	1	TRUE	0.5378	1.0154	0.3961	1.0313	0.5467	0.4821	0.3901	0.4724	30s_Interval_AutoLog
sess_6wpzqlbpp	NCNU_User_1774336393440	2026-03-24T07:15:29.135Z	B	Dance_Continuous	1	1	0	1	TRUE	0.5316	1.0102	0.3739	1.0045	0.5456	0.4792	0.389	0.4647	30s_Interval_AutoLog
sess_6wpzqlbpp	NCNU_User_1774336393440	2026-03-24T07:13:15.477Z	B	Heart	0.5	0.5	0.5	0.5	FALSE	0.8889	0.7723	0.8888	0.7722	0.9532	0.6236	0.9001	0.6204	
sess_v7jmg2ig7	NCNU_User_1774336530141	2026-03-24T07:15:36.004Z	B	Heart	0.5	0.5	0.5	0.5	FALSE	0.4489	0.3928	0.447	0.3869	0.5272	0.4491	0.387	0.4432	
sess_v7jmg2ig7	NCNU_User_1774336530141	2026-03-24T07:15:38.457Z	B	Heart	0.5	0.5	0.5	0.5	FALSE	0.4465	0.3783	0.4193	0.3857	0.5173	0.4438	0.3791	0.4536	
sess_v7jmg2ig7	NCNU_User_1774336530141	2026-03-24T07:15:46.779Z	B	Baseline_End	0.4480953835	0.200035787	0.8818605304	0.233386975	TRUE	0.512	1.0184	0.3141	0.9829	0.5132	0.4917	0.3552	0.473	baseline calibrated
sess_v7jmg2ig7	NCNU_User_1774336530141	2026-03-24T07:15:52.661Z	B	Victory	0.8725216151	0.8865063387	0.6070416884	0.7102683483	TRUE	0.5119	0.2739	0.3391	0.2869	0.5146	0.4658	0.3604	0.4614	left
sess_v7jmg2ig7	NCNU_User_1774336530141	2026-03-24T07:15:54.670Z	B	Victory	0.5315314219	0.6738158559	0.3008185548	0.6471227036	TRUE	0.6	0.3794	0.4237	0.3396	0.5262	0.4728	0.3768	0.4613	left
sess_v7jmg2ig7	NCNU_User_1774336530141	2026-03-24T07:15:54.883Z	B	Victory	0.5177767771	0.5801116145	0.2950802061	0.6082107679	TRUE	0.5607	0.3473	0.3842	0.3441	0.5354	0.4634	0.382	0.4687	right
sess_v7jmg2ig7	NCNU_User_1774336530141	2026-03-24T07:15:56.307Z	B	Heart	0.5616991766	0.726964898	0.2710904073	0.6863291108	TRUE	0.4343	0.4267	0.4293	0.456	0.5243	0.4523	0.3802	0.4611	
sess_v7jmg2ig7	NCNU_User_1774336530141	2026-03-24T07:15:59.207Z	B	Dance_Continuous	1	1	0.3387486425	0.8814379751	TRUE	0.6285	0.7988	0.2949	0.8282	0.5273	0.4729	0.3843	0.4761	30s_Interval_AutoLog
sess_v7jmg2ig7	NCNU_User_1774336530141	2026-03-24T07:15:59.745Z	B	Victory	1	0.7826270316	0.5306721189	0.727315571	TRUE	0.6496	0.3347	0.2582	0.554	0.5296	0.4646	0.3823	0.4573	left
sess_v7jmg2ig7	NCNU_User_1774336530141	2026-03-24T07:16:02.625Z	B	Fireworks_Explosion	1	0.9167075876	0.07592493298	0.9401093085	TRUE	0.6449	0.4063	0.3355	0.923	0.5112	0.4535	0.3605	0.4578	left
sess_v7jmg2ig7	NCNU_User_1774336530141	2026-03-24T07:16:07.636Z	B	Fireworks_Explosion	0.479390125	0.7650337167	0.1842529181	0.7113724966	TRUE	0.5165	0.245	0.3151	0.2747	0.5185	0.4456	0.3657	0.4474	right
sess_v7jmg2ig7	NCNU_User_1774336530141	2026-03-24T07:16:08.772Z	B	Fireworks_Explosion	0.4199069073	0.5329066955	0.3258831943	0.554080287	TRUE	0.5037	0.2406	0.2967	0.2913	0.5153	0.4433	0.3629	0.4438	left
sess_v7jmg2ig7	NCNU_User_1774336530141	2026-03-24T07:16:10.575Z	B	Fireworks_Explosion	0.4676584435	0.7595763625	0.08051910307	0.7425634698	TRUE	0.4812	0.3028	0.2979	0.4152	0.4993	0.4364	0.3429	0.4443	left
sess_v7jmg2ig7	NCNU_User_1774336530141	2026-03-24T07:16:21.318Z	B	Victory	0.847503091	0.7511899097	0.4353431599	0.7099816307	TRUE	0.5061	0.2936	0.3512	0.3172	0.5263	0.4616	0.3694	0.4598	left
sess_v7jmg2ig7	NCNU_User_1774336530141	2026-03-24T07:16:23.340Z	B	Victory	0.487794322	0.9419064643	0.1834387622	0.7845075995	TRUE	0.5029	0.1107	0.3463	0.1723	0.5058	0.4367	0.3582	0.4405	left
sess_v7jmg2ig7	NCNU_User_1774336530141	2026-03-24T07:16:25.356Z	B	Gull_Flap	0.844931593	0.7454076956	0.1672533599	0.8008573005	TRUE	0.6833	0.1576	0.1809	0.2397	0.5044	0.4379	0.3668	0.4418	
sess_v7jmg2ig7	NCNU_User_1774336530141	2026-03-24T07:16:29.266Z	B	Dance_Continuous	0.4281202773	0.731375624	0.3920034622	0.6123791071	TRUE	0.4859	0.4125	0.3653	0.4403	0.5125	0.4637	0.3593	0.4659	30s_Interval_AutoLog
sess_v7jmg2ig7	NCNU_User_1774336530141	2026-03-24T07:16:31.396Z	B	Fireworks_Explosion	0.2280315517	0.8684820331	0.03288725461	0.7428901621	TRUE	0.4597	0.1781	0.3672	0.1611	0.5029	0.4186	0.3604	0.4318	left
sess_v7jmg2ig7	NCNU_User_1774336530141	2026-03-24T07:16:42.164Z	B	Heart	0.0818001475	0.9639624482	0.03802780934	0.7427252829	TRUE	0.5881	0.6646	0.5777	0.6541	0.5742	0.4743	0.4159	0.4497	
sess_v7jmg2ig7	NCNU_User_1774336530141	2026-03-24T07:16:46.881Z	B	Heart	0.2812586931	0.702654296	0.06760467616	0.677714755	TRUE	0.3251	0.7033	0.3437	0.7079	0.4653	0.4355	0.4341	0.4449	
sess_v7jmg2ig7	NCNU_User_1774336530141	2026-03-24T07:16:51.241Z	B	Victory	0.7310254966	1	0.1073424222	0.8951865264	TRUE	0.5838	0.7499	0.1831	0.8262	0.515	0.4605	0.3591	0.474	right
sess_v7jmg2ig7	NCNU_User_1774336530141	2026-03-24T07:16:52.585Z	B	Heart	0.4986550262	0.5466847648	0.3434995265	0.5731128282	TRUE	0.4356	0.1269	0.4351	0.127	0.5254	0.4092	0.3739	0.4234	
sess_v7jmg2ig7	NCNU_User_1774336530141	2026-03-24T07:16:56.766Z	B	Heart	0.137689366	0.5869368845	0.09949224608	0.5843748092	TRUE	0.4083	0.4175	0.4297	0.4109	0.507	0.419	0.3562	0.4282	
sess_v7jmg2ig7	NCNU_User_1774336530141	2026-03-24T07:16:59.293Z	B	Dance_Continuous	0.5203196993	0.7670919128	0.2934578491	0.6842064428	TRUE	0.5417	0.8314	0.3246	0.744	0.5361	0.4603	0.3703	0.4561	30s_Interval_AutoLog
sess_v7jmg2ig7	NCNU_User_1774336530141	2026-03-24T07:17:04.026Z	B	Gull_Flap	1	1	0.4026532298	0.8590713696	TRUE	0.7396	0.2048	0.1741	0.3027	0.537	0.4333	0.3728	0.4346	
sess_v7jmg2ig7	NCNU_User_1774336530141	2026-03-24T07:17:05.342Z	B	Heart	0.5367527818	1	0.2085142813	0.811208197	TRUE	0.4071	0.5684	0.392	0.6351	0.5356	0.4537	0.3717	0.4618	
sess_v7jmg2ig7	NCNU_User_1774336530141	2026-03-24T07:17:06.009Z	B	Gull_Flap	0.9796124071	0.8158147519	0.4646959301	0.758585427	TRUE	0.7506	0.3994	0.152	0.4314	0.5301	0.4351	0.3648	0.4322	
sess_v7jmg2ig7	NCNU_User_1774336530141	2026-03-24T07:17:09.771Z	B	Heart	0.6942872143	0.6045766539	0.3233656849	0.6522244754	TRUE	0.4421	0.0787	0.4215	0.0926	0.5277	0.4042	0.3789	0.4119	
sess_v7jmg2ig7	NCNU_User_1774336530141	2026-03-24T07:17:11.361Z	B	Heart	0	0.3930056343	0.3012376063	0.4017690915	TRUE	0.4502	0.1096	0.4034	0.106	0.5299	0.401	0.3766	0.4124	
sess_v7jmg2ig7	NCNU_User_1774336530141	2026-03-24T07:17:11.902Z	B	Gull_Flap	0.5988571232	0.6088250711	0.2364997102	0.6604694107	TRUE	0.7025	0.0326	0.1846	0.1928	0.5265	0.4171	0.3723	0.4248	
sess_v7jmg2ig7	NCNU_User_1774336530141	2026-03-24T07:17:15.799Z	B	Heart	0.2946539312	0.828635933	0.451073002	0.5972423053	TRUE	0.44	0.6606	0.4429	0.6837	0.5504	0.4529	0.3901	0.4417	
sess_v7jmg2ig7	NCNU_User_1774336530141	2026-03-24T07:17:16.239Z	B	Victory	0.751250109	0.9277432461	0.2291032366	0.8287236929	TRUE	0.6838	0.5507	0.1431	0.4608	0.5451	0.4575	0.3793	0.4528	right
sess_v7jmg2ig7	NCNU_User_1774336530141	2026-03-24T07:17:17.883Z	B	Heart	0.6885490582	0.9701657791	0.1240866944	0.8667732331	TRUE	0.4506	0.6781	0.464	0.7186	0.531	0.4544	0.3722	0.454	
sess_v7jmg2ig7	NCNU_User_1774336530141	2026-03-24T07:17:19.877Z	B	Heart	0.6086738283	0.7296386317	0.1425598267	0.7441279704	TRUE	0.4203	0.6215	0.4257	0.641	0.5223	0.4556	0.3647	0.4506	
sess_v7jmg2ig7	NCNU_User_1774336530141	2026-03-24T07:17:23.066Z	B	Heart	0.6250122248	1	0.01016994463	0.9026935756	TRUE	0.4321	0.4505	0.3995	0.4574	0.5178	0.4284	0.3684	0.4453	
sess_v7jmg2ig7	NCNU_User_1774336530141	2026-03-24T07:17:25.155Z	B	Heart	0.6222681189	0.9353589428	0.07884695888	0.8521141712	TRUE	0.4348	0.5686	0.4093	0.5723	0.5173	0.4566	0.3624	0.4577	
sess_v7jmg2ig7	NCNU_User_1774336530141	2026-03-24T07:17:29.298Z	B	Dance_Continuous	0.6141233894	1	0.2031579516	0.8324255643	TRUE	0.3696	0.5401	0.1627	0.401	0.5512	0.4622	0.4075	0.4389	30s_Interval_AutoLog
sess_v7jmg2ig7	NCNU_User_1774336530141	2026-03-24T07:17:44.039Z	B	Fireworks_Explosion	0.06781348025	0.7605823859	0.01192276375	0.6670133571	TRUE	0.644	0.7334	0.656	0.7498	0.53	0.4621	0.3712	0.4597	left
sess_v7jmg2ig7	NCNU_User_1774336530141	2026-03-24T07:17:58.843Z	B	Gull_Flap	1	0.800662155	0.4745115198	0.75418583	TRUE	0.7659	0.1673	0.1369	0.3113	0.5434	0.4243	0.361	0.4173	
sess_v7jmg2ig7	NCNU_User_1774336530141	2026-03-24T07:17:59.389Z	B	Dance_Continuous	1	0.7835714721	0.6133352388	0.6987612552	TRUE	0.623	0.9165	0.3001	0.9014	0.5277	0.4738	0.3551	0.4665	30s_Interval_AutoLog
sess_v7jmg2ig7	NCNU_User_1774336530141	2026-03-24T07:18:01.154Z	B	Gull_Flap	0.9666020848	0.8881875505	0.3673082519	0.8183676532	TRUE	0.7176	0.1609	0.1641	0.2333	0.5191	0.4308	0.3651	0.4258	
sess_v7jmg2ig7	NCNU_User_1774336530141	2026-03-24T07:18:02.995Z	B	Gull_Flap	0.8546195494	0.913264547	0.3647073848	0.8013131215	TRUE	0.7088	0.1191	0.1655	0.1633	0.5208	0.4148	0.3586	0.415	
sess_v7jmg2ig7	NCNU_User_1774336530141	2026-03-24T07:18:10.077Z	B	Gull_Flap	1	0.6156725253	0.338552623	0.7277755921	TRUE	0.7324	0.2101	0.1303	0.3398	0.5289	0.422	0.3524	0.424	
sess_v7jmg2ig7	NCNU_User_1774336530141	2026-03-24T07:18:12.847Z	B	Victory	0.6394384218	0.7413436119	0.361243214	0.6799619253	TRUE	0.4719	0.4453	0.2919	0.4567	0.5205	0.4465	0.3594	0.4403	left
sess_v7jmg2ig7	NCNU_User_1774336530141	2026-03-24T07:18:19.489Z	B	Fireworks_Explosion	0.3396806415	0.7453896171	0.4729930738	0.5675284314	TRUE	0.365	0.8752	0.4259	0.8821	0.5398	0.4629	0.3704	0.4496	left
sess_v7jmg2ig7	NCNU_User_1774336530141	2026-03-24T07:18:23.420Z	B	Victory	0.4177460394	1	0.2392248729	0.7707078043	TRUE	0.6164	0.3614	0.2485	0.2679	0.5404	0.4315	0.3675	0.4391	right
sess_v7jmg2ig7	NCNU_User_1774336530141	2026-03-24T07:18:24.181Z	B	Heart	0.5005506691	0.9070149462	0.269397442	0.7436545411	TRUE	0.4326	0.5987	0.4064	0.6386	0.5215	0.4425	0.3688	0.4406	
sess_v7jmg2ig7	NCNU_User_1774336530141	2026-03-24T07:18:25.618Z	B	Victory	1	0.8599782918	0.2331995277	0.862371482	TRUE	0.6862	0.2616	0.2173	0.4235	0.5351	0.4529	0.3699	0.4491	left
sess_v7jmg2ig7	NCNU_User_1774336530141	2026-03-24T07:18:28.038Z	B	Heart	0.6088273708	0.8629914014	0.1392739579	0.798657518	TRUE	0.4492	0.5463	0.4539	0.5483	0.5239	0.4415	0.3704	0.4344	
sess_v7jmg2ig7	NCNU_User_1774336530141	2026-03-24T07:18:28.699Z	B	Victory	1	0.9038353458	0.2459872286	0.8754386083	TRUE	0.8	0.4091	0.1818	0.5279	0.532	0.4483	0.3658	0.4518	left
sess_v7jmg2ig7	NCNU_User_1774336530141	2026-03-24T07:18:29.474Z	B	Dance_Continuous	0.5372377619	1	0.06981817216	0.8598730802	TRUE	0.4381	0.4384	0.4364	0.4457	0.5252	0.4264	0.3704	0.4382	30s_Interval_AutoLog
sess_v7jmg2ig7	NCNU_User_1774336530141	2026-03-24T07:18:32.235Z	B	Heart	0.5387119165	0.7844864753	0.2999441821	0.6934921055	TRUE	0.4472	0.1123	0.4273	0.119	0.5296	0.4113	0.3691	0.4212	
sess_v7jmg2ig7	NCNU_User_1774336530141	2026-03-24T07:18:35.111Z	B	Heart	0.3676979244	0.4208290408	0.59203602	0.4030434904	TRUE	0.4522	0.1409	0.4604	0.1407	0.5355	0.414	0.3731	0.4167	
sess_v7jmg2ig7	NCNU_User_1774336530141	2026-03-24T07:18:36.207Z	B	Gull_Flap	0.6512616683	0.6314565921	0.2854685445	0.6654840633	TRUE	0.7278	0.1165	0.1825	0.2359	0.5353	0.4266	0.3748	0.4358	
sess_v7jmg2ig7	NCNU_User_1774336530141	2026-03-24T07:18:48.243Z	B	Heart	0.6638720273	0.5409277343	0.3331708867	0.6157292902	TRUE	0.4504	0.1481	0.3994	0.1473	0.5262	0.4135	0.3715	0.4265	
sess_v7jmg2ig7	NCNU_User_1774336530141	2026-03-24T07:18:48.804Z	B	Victory	0.164103962	0.3904055732	0.5063411224	0.3699688269	TRUE	0.4517	0.1414	0.4596	0.1293	0.5301	0.4159	0.3706	0.427	right
sess_v7jmg2ig7	NCNU_User_1774336530141	2026-03-24T07:18:49.883Z	B	Gull_Flap	0.5190491213	0.3276477614	0.4161254578	0.4651774746	TRUE	0.7671	0.3538	0.1506	0.2965	0.5209	0.4455	0.3632	0.4402	
sess_v7jmg2ig7	NCNU_User_1774336530141	2026-03-24T07:18:57.304Z	B	Victory	0.4744944138	0.4164507831	0.2054819178	0.5632852455	TRUE	0.5286	0.3783	0.3137	0.3555	0.5353	0.4387	0.3664	0.4375	right
sess_v7jmg2ig7	NCNU_User_1774336530141	2026-03-24T07:18:58.207Z	B	Fireworks_Explosion	0.3555958709	0.391371673	0.2111309713	0.521551797	TRUE	0.5049	0.3524	0.314	0.3437	0.5305	0.4329	0.3581	0.4401	right
sess_v7jmg2ig7	NCNU_User_1774336530141	2026-03-24T07:18:59.559Z	B	Dance_Continuous	0.4796498175	0.4249714207	0.2886864433	0.5388607675	TRUE	0.5367	0.4713	0.3096	0.4733	0.5165	0.4585	0.3433	0.4639	30s_Interval_AutoLog
sess_v7jmg2ig7	NCNU_User_1774336530141	2026-03-24T07:19:00.575Z	B	Victory	0.3855694577	0.5295498754	0.1234497533	0.6150049009	TRUE	0.5144	0.3366	0.333	0.3935	0.5257	0.4271	0.3518	0.4368	left
sess_v7jmg2ig7	NCNU_User_1774336530141	2026-03-24T07:19:01.257Z	B	Fireworks_Explosion	0.2487915312	0.6205684067	0.03827201142	0.6470300415	TRUE	0.48	0.2975	0.3787	0.3489	0.5333	0.4338	0.3646	0.4303	right
sess_v7jmg2ig7	NCNU_User_1774336530141	2026-03-24T07:19:01.598Z	B	Victory	0.2661445027	0.6087054572	0.01836974604	0.6535888975	TRUE	0.5157	0.3755	0.3578	0.3814	0.5391	0.4359	0.3641	0.4365	right
sess_v7jmg2ig7	NCNU_User_1774336530141	2026-03-24T07:19:05.319Z	B	Victory	0.3223793435	0.6662526695	0.2097555197	0.6236814718	TRUE	0.5104	0.3079	0.3299	0.4441	0.533	0.4315	0.3672	0.4307	left
sess_v7jmg2ig7	NCNU_User_1774336530141	2026-03-24T07:19:06.440Z	B	Fireworks_Explosion	0.2961860887	0.6812839114	0.1858040295	0.6315286764	TRUE	0.516	0.3173	0.2959	0.3312	0.532	0.445	0.3567	0.454	right
sess_v7jmg2ig7	NCNU_User_1774336530141	2026-03-24T07:19:09.120Z	B	Victory	0.5694370792	0.8346404972	0.3166868728	0.7153750632	TRUE	0.5988	0.1715	0.2209	0.2178	0.523	0.4431	0.3554	0.4483	left
sess_v7jmg2ig7	NCNU_User_1774336530141	2026-03-24T07:19:11.909Z	B	Victory	0.4156190312	0.7574367234	0.294108853	0.6539413486	TRUE	0.5052	0.2166	0.2634	0.2357	0.5146	0.4245	0.3518	0.4327	left
sess_v7jmg2ig7	NCNU_User_1774336530141	2026-03-24T07:19:14.260Z	B	Victory	0.5495957884	1	0.4232305035	0.7392682709	TRUE	0.5479	0.2442	0.2439	0.2766	0.5119	0.4427	0.342	0.4458	right
sess_v7jmg2ig7	NCNU_User_1774336530141	2026-03-24T07:19:17.406Z	B	Victory	0.5788554982	0.6714640047	0.1256775401	0.7193123374	TRUE	0.5488	0.2581	0.2932	0.2628	0.5119	0.4321	0.3441	0.4295	right
sess_v7jmg2ig7	NCNU_User_1774336530141	2026-03-24T07:19:21.401Z	B	Victory	0.5050042569	0.5898072923	0.06140217055	0.6906832214	TRUE	0.55	0.241	0.2888	0.2631	0.5187	0.4407	0.3409	0.4397	right
sess_v7jmg2ig7	NCNU_User_1774336530141	2026-03-24T07:19:22.082Z	B	Victory	0.4909189862	0.6267108419	0.01487079564	0.7182093049	TRUE	0.5398	0.2506	0.2249	0.3172	0.5237	0.4413	0.3533	0.4417	left
sess_v7jmg2ig7	NCNU_User_1774336530141	2026-03-24T07:19:25.339Z	B	Victory	0.5161477927	0.4114756469	0.3895493015	0.5072849514	TRUE	0.5412	0.2554	0.3132	0.2492	0.5268	0.4387	0.349	0.4323	left
sess_v7jmg2ig7	NCNU_User_1774336530141	2026-03-24T07:19:28.004Z	B	Victory	0.5004812955	0.8161155527	0.04260523908	0.7866547113	TRUE	0.504	0.1956	0.335	0.2415	0.5187	0.4304	0.3513	0.4312	right
sess_v7jmg2ig7	NCNU_User_1774336530141	2026-03-24T07:19:29.600Z	B	Dance_Continuous	0.5110283718	0.7498277302	0.2852990882	0.6778335041	TRUE	0.48	0.3298	0.3171	0.4443	0.5179	0.4371	0.3487	0.4384	30s_Interval_AutoLog
sess_v7jmg2ig7	NCNU_User_1774336530141	2026-03-24T07:19:30.134Z	B	Victory	0.6637635388	0.6607456248	0.3799177777	0.6472679124	TRUE	0.5613	0.261	0.2471	0.2892	0.5112	0.4436	0.3406	0.4467	left
sess_v7jmg2ig7	NCNU_User_1774336530141	2026-03-24T07:19:32.137Z	B	Victory	0.5286732356	0.5539008978	0.2824873789	0.6048580854	TRUE	0.5109	0.257	0.2885	0.3006	0.5091	0.4349	0.3397	0.4411	left
sess_9r0df1mp3	NCNU_User_1774336780138	2026-03-24T07:19:42.940Z	B	Victory	0.5	0.5	0.5	0.5	FALSE	0.2151	0.5421	0.1327	0.8026	0.1936	0.5183	0.1258	0.4889	right
sess_9r0df1mp3	NCNU_User_1774336780138	2026-03-24T07:19:43.607Z	B	Heart	0.5	0.5	0.5	0.5	FALSE	0.1671	0.8135	0.1688	0.8124	0.1089	0.5101	0.135	0.4903	
sess_9r0df1mp3	NCNU_User_1774336780138	2026-03-24T07:19:53.364Z	B	Heart	0.5	0.5	0.5	0.5	FALSE	0.9687	0.8247	0.9695	0.79	1.0243	0.6527	0.9681	0.6363	
sess_9r0df1mp3	NCNU_User_1774336780138	2026-03-24T07:19:56.250Z	B	Victory	0.5	0.5	0.5	0.5	FALSE	0.9713	0.8102	0.9737	0.783	1.0228	0.6477	0.968	0.63	left
sess_9r0df1mp3	NCNU_User_1774336780138	2026-03-24T07:20:22.705Z	B	Victory	0.5	0.5	0.5	0.5	FALSE	0.6177	0.2662	0.4037	0.3023	0.6157	0.5656	0.4452	0.5718	right
sess_9r0df1mp3	NCNU_User_1774336780138	2026-03-24T07:20:24.220Z	B	Heart	0.5	0.5	0.5	0.5	FALSE	0.5275	0.1987	0.493	0.2153	0.6024	0.5306	0.452	0.5404	
sess_1ho7dln6j	NCNU_User_1774336824326	2026-03-24T07:20:24.648Z	B	Victory	0.5	0.5	0.5	0.5	FALSE	0.6817	0.0476	0.3305	0.2195	0.5995	0.5327	0.4552	0.5483	left
sess_1ho7dln6j	NCNU_User_1774336824326	2026-03-24T07:20:32.184Z	B	Fireworks_Explosion	0.5	0.5	0.5	0.5	FALSE	0.6955	0.3008	0.4372	0.3124	0.6361	0.5695	0.4801	0.5621	left
sess_1ho7dln6j	NCNU_User_1774336824326	2026-03-24T07:20:34.383Z	B	Heart	0.5	0.5	0.5	0.5	FALSE	0.5425	0.3926	0.4911	0.3745	0.5885	0.659	0.4309	0.6734	
sess_1ho7dln6j	NCNU_User_1774336824326	2026-03-24T07:20:35.538Z	B	Gull_Flap	0.5	0.5	0.5	0.5	FALSE	0.7846	0.3435	0.216	0.3981	0.595	0.5269	0.4248	0.53	
sess_1ho7dln6j	NCNU_User_1774336824326	2026-03-24T07:20:39.242Z	B	Heart	0.5	0.5	0.5	0.5	FALSE	0.3275	0.3483	0.3492	0.3188	0.468	0.5395	0.3446	0.6075	
sess_1ho7dln6j	NCNU_User_1774336824326	2026-03-24T07:20:39.672Z	B	Victory	0.5	0.5	0.5	0.5	FALSE	0.3253	0.3776	0.3819	0.3192	0.4902	0.5565	0.357	0.6047	left
sess_1ho7dln6j	NCNU_User_1774336824326	2026-03-24T07:20:40.199Z	B	Baseline_End	0	0.4897232184	0.02398775726	0.5374935723	TRUE	0.5586	0.2189	0.4416	0.2222	0.5701	0.5368	0.4191	0.5449	baseline calibrated
sess_1ho7dln6j	NCNU_User_1774336824326	2026-03-24T07:20:40.718Z	B	Heart	0	0.7209283703	0.0831927604	0.609253882	TRUE	0.6551	0.4293	0.6367	0.3827	0.637	0.6039	0.5336	0.5327	
sess_1ho7dln6j	NCNU_User_1774336824326	2026-03-24T07:20:42.706Z	B	Gull_Flap	0.7508096625	0.8054837843	0.09957587038	0.8250443747	TRUE	0.7371	0.3169	0.1785	0.4554	0.5394	0.5195	0.3717	0.5598	
sess_1ho7dln6j	NCNU_User_1774336824326	2026-03-24T07:20:44.712Z	B	Victory	0	1	0.1042401496	0.7135159476	TRUE	0.5337	0.558	0.5537	0.5764	0.6123	0.5739	0.4574	0.5662	right
sess_1ho7dln6j	NCNU_User_1774336824326	2026-03-24T07:20:45.259Z	B	Heart	0	1	0.3217850524	0.6373752317	TRUE	0.5589	0.0967	0.5082	0.119	0.6131	0.5369	0.4677	0.5401	
sess_1ho7dln6j	NCNU_User_1774336824326	2026-03-24T07:20:46.316Z	B	Gull_Flap	1	1	0.2965245882	0.8962163941	TRUE	0.8225	0.4446	0.2468	0.5009	0.6197	0.566	0.4469	0.5851	
sess_1ho7dln6j	NCNU_User_1774336824326	2026-03-24T07:20:48.768Z	B	Heart	0.4997569266	0.7936357498	0.5307365734	0.6066357309	TRUE	0.497	0.2291	0.4916	0.213	0.5786	0.5454	0.4315	0.5558	
sess_1ho7dln6j	NCNU_User_1774336824326	2026-03-24T07:20:50.704Z	B	Victory	0	0.4149202332	0.08370981868	0.4866696567	TRUE	0.405	0.2834	0.4671	0.2695	0.5677	0.5269	0.4268	0.5444	left
sess_1ho7dln6j	NCNU_User_1774336824326	2026-03-24T07:20:51.439Z	B	Gull_Flap	0.451946341	0.8303909795	0.1631864407	0.7380277228	TRUE	0.7408	0.3034	0.1664	0.5743	0.5526	0.5184	0.3882	0.5837	
sess_1ho7dln6j	NCNU_User_1774336824326	2026-03-24T07:20:52.917Z	B	Gull_Flap	1	1	0.8625833353	0.6980958326	TRUE	0.958	0.5309	0.3444	0.5248	0.7517	0.5861	0.5687	0.5595	
sess_1ho7dln6j	NCNU_User_1774336824326	2026-03-24T07:21:00.302Z	B	Gull_Flap	1	1	0.6188448674	0.7834042964	TRUE	0.8824	0.4465	0.2947	0.4146	0.677	0.6041	0.4997	0.6059	
sess_1ho7dln6j	NCNU_User_1774336824326	2026-03-24T07:21:02.727Z	B	Victory	1	1	0.5098436572	0.82155472	TRUE	0.8186	0.2952	0.2881	0.4072	0.6228	0.5616	0.4565	0.5753	left
sess_1ho7dln6j	NCNU_User_1774336824326	2026-03-24T07:21:10.271Z	B	Dance_Continuous	0.5513063489	0.737973168	0.2984419762	0.6785611628	TRUE	0.9013	0.1369	0.6683	-0.0419	0.7409	0.5272	0.6065	0.5266	30s_Interval_AutoLog
sess_1ho7dln6j	NCNU_User_1774336824326	2026-03-24T07:21:11.227Z	B	Victory	0.5281443828	0.5139321048	0.5167717973	0.5067388086	TRUE	0.6386	0.4106	0.48	0.5813	0.6672	0.586	0.5136	0.6275	left
sess_1ho7dln6j	NCNU_User_1774336824326	2026-03-24T07:21:13.351Z	B	Victory	1	0.6603017431	0.3962108698	0.7254468928	TRUE	0.618	-0.0119	0.2444	0.3948	0.6055	0.5406	0.4579	0.5557	left
sess_1ho7dln6j	NCNU_User_1774336824326	2026-03-24T07:21:15.028Z	B	Victory	1	0.9037916464	0.6225762687	0.7436149645	TRUE	0.909	0.4987	0.7613	0.3028	0.7178	0.6034	0.6032	0.5819	right
sess_1ho7dln6j	NCNU_User_1774336824326	2026-03-24T07:21:17.113Z	B	Victory	0.6965363752	0.4948849193	0.5248271067	0.5383985742	TRUE	0.4395	0.246	0.2303	0.5547	0.5875	0.574	0.4438	0.6208	left
sess_1ho7dln6j	NCNU_User_1774336824326	2026-03-24T07:21:18.995Z	B	Victory	0.7784938738	1	0.06125200529	0.9231852666	TRUE	0.8776	0.6027	0.7967	0.3257	0.7135	0.6033	0.6059	0.5638	right
sess_1ho7dln6j	NCNU_User_1774336824326	2026-03-24T07:21:20.902Z	B	Victory	0.6063472779	1	0	0.9015868195	TRUE	0.4152	0.3275	0.2512	0.6436	0.5866	0.5607	0.4469	0.6035	left
sess_1ho7dln6j	NCNU_User_1774336824326	2026-03-24T07:21:23.668Z	B	Heart	0	0.165293239	0.8832815547	0.1069687515	TRUE	0.6158	0.4056	0.6203	0.4299	0.6833	0.7018	0.5293	0.6971	
sess_1ho7dln6j	NCNU_User_1774336824326	2026-03-24T07:21:26.319Z	B	Gull_Flap	0.9857010977	0.5065969939	0.4344568886	0.647004161	TRUE	0.8737	0.4382	0.3184	0.416	0.6801	0.5242	0.5147	0.5388	
sess_1ho7dln6j	NCNU_User_1774336824326	2026-03-24T07:21:28.856Z	B	Heart	0	0.3706973844	0.6192311121	0.2815480645	TRUE	0.7222	0.3301	0.7196	0.3587	0.7039	0.5663	0.5773	0.5207	
sess_1ho7dln6j	NCNU_User_1774336824326	2026-03-24T07:21:30.327Z	B	Heart	0	0.3843438322	0.1838018265	0.4394068936	TRUE	0.7767	0.5028	0.7934	0.4633	0.6883	0.5513	0.6251	0.4911	
sess_1ho7dln6j	NCNU_User_1774336824326	2026-03-24T07:21:31.066Z	B	Heart	0	0.07431867757	0.2348082747	0.2975445749	TRUE	0.5681	0.3102	0.515	0.3161	0.6263	0.5412	0.4789	0.5647	
sess_1ho7dln6j	NCNU_User_1774336824326	2026-03-24T07:21:31.975Z	B	Heart	0.07617905699	0.2033590286	0.5438922581	0.2600260853	TRUE	0.35	0.5282	0.3621	0.5574	0.5174	0.6089	0.4451	0.6816	
sess_1ho7dln6j	NCNU_User_1774336824326	2026-03-24T07:21:33.217Z	B	Heart	0	0.3744064627	0.602626325	0.2888433713	TRUE	0.5256	0.2305	0.567	0.2157	0.6379	0.5456	0.4772	0.5498	
sess_1ho7dln6j	NCNU_User_1774336824326	2026-03-24T07:21:40.348Z	B	Dance_Continuous	0.05835317342	0.5732172978	0.2327055166	0.5124282817	TRUE	0.8997	0.308	0.8148	0.1799	0.7071	0.5615	0.5918	0.514	30s_Interval_AutoLog
sess_1ho7dln6j	NCNU_User_1774336824326	2026-03-24T07:21:41.846Z	B	Fireworks_Explosion	0.651978343	0.2722236416	0.2176617055	0.5457024455	TRUE	0.6976	0.2194	0.3545	0.3785	0.6194	0.577	0.456	0.5851	left
sess_1ho7dln6j	NCNU_User_1774336824326	2026-03-24T07:21:42.486Z	B	Gull_Flap	1	0.5779862724	0.333090505	0.7146128322	TRUE	0.8526	0.3287	0.1919	0.4229	0.5877	0.5689	0.4197	0.5911	
sess_1ho7dln6j	NCNU_User_1774336824326	2026-03-24T07:21:45.097Z	B	Gull_Flap	1	0.5071653563	0	0.8028661425	TRUE	0.8988	0.566	0.418	0.2982	0.7384	0.5931	0.6008	0.5202	
sess_1ho7dln6j	NCNU_User_1774336824326	2026-03-24T07:21:47.865Z	B	Heart	0.2115982581	0	0.5527804768	0.2094263976	TRUE	0.4834	0.2536	0.4961	0.2387	0.5857	0.5403	0.435	0.5696	
sess_1ho7dln6j	NCNU_User_1774336824326	2026-03-24T07:21:52.273Z	B	Heart	0.1859341413	0.491175074	0.4829750814	0.4239122865	TRUE	0.6159	0.7046	0.6034	0.7235	0.688	0.6285	0.5232	0.6497	
sess_1ho7dln6j	NCNU_User_1774336824326	2026-03-24T07:21:53.568Z	B	Victory	0	0.6828022327	0.1782104347	0.5607472409	TRUE	0.5698	0.2989	0.5494	0.3315	0.6845	0.5533	0.5363	0.5577	left
sess_1ho7dln6j	NCNU_User_1774336824326	2026-03-24T07:21:56.217Z	B	Heart	0.4225206246	0.6436380994	0.2645674352	0.6204867936	TRUE	0.6159	0.3038	0.5858	0.2944	0.6823	0.5485	0.5283	0.5566	
sess_1ho7dln6j	NCNU_User_1774336824326	2026-03-24T07:21:58.296Z	B	Heart	0	0.9464810957	0.123788143	0.6852665882	TRUE	0.5887	0.373	0.6109	0.3706	0.6794	0.5637	0.5298	0.5636	
sess_1ho7dln6j	NCNU_User_1774336824326	2026-03-24T07:22:00.755Z	B	Gull_Flap	1	0.5330101391	0.4218362481	0.6655613688	TRUE	0.8297	0.3686	0.306	0.3906	0.651	0.5295	0.4898	0.5403	
sess_1ho7dln6j	NCNU_User_1774336824326	2026-03-24T07:22:03.383Z	B	Gull_Flap	1	0.4009950347	0.1838070198	0.6960655569	TRUE	0.9761	0.5277	0.3738	0.4533	0.782	0.5516	0.6237	0.5358	
sess_1ho7dln6j	NCNU_User_1774336824326	2026-03-24T07:22:05.615Z	B	Victory	1	0.924954433	0.05003480269	0.9524695922	TRUE	0.8686	0.4665	0.2567	0.4776	0.604	0.571	0.4345	0.5756	left
sess_1ho7dln6j	NCNU_User_1774336824326	2026-03-24T07:22:10.369Z	B	Dance_Continuous	1	1	0.6498783757	0.7725425685	TRUE	0.7264	0.5518	0.3129	0.6462	0.6378	0.563	0.482	0.5759	30s_Interval_AutoLog
sess_1ho7dln6j	NCNU_User_1774336824326	2026-03-24T07:22:10.578Z	B	Victory	1	0.7943629895	0.954816416	0.5835594502	TRUE	0.6625	0.3306	0.3172	0.4709	0.6178	0.5693	0.4575	0.5802	left
sess_1ho7dln6j	NCNU_User_1774336824326	2026-03-24T07:22:10.895Z	B	Victory	0.9469917914	0.8498296334	0.563887632	0.72931913	TRUE	0.6649	0.4961	0.3885	0.3519	0.6031	0.5895	0.439	0.5967	right
sess_1ho7dln6j	NCNU_User_1774336824326	2026-03-24T07:22:13.121Z	B	Victory	0.5957904533	0.8582414936	0.1336696202	0.7954598437	TRUE	0.7202	0.4118	0.6173	0.3735	0.708	0.5618	0.5464	0.5585	right
sess_1ho7dln6j	NCNU_User_1774336824326	2026-03-24T07:22:13.326Z	B	Victory	0.3675904055	0.4844130941	0.2262925488	0.5564604469	TRUE	0.7479	0.3991	0.651	0.3616	0.7225	0.5851	0.5655	0.5784	left
sess_1ho7dln6j	NCNU_User_1774336824326	2026-03-24T07:22:16.374Z	B	Victory	0.7523579086	0.503947733	0.3185514827	0.6281755514	TRUE	0.3799	0.2885	0.2048	0.6028	0.5703	0.5424	0.4365	0.6307	left
sess_1ho7dln6j	NCNU_User_1774336824326	2026-03-24T07:22:19.320Z	B	Heart	0	0.784114457	0.1568593625	0.6087450059	TRUE	0.7965	0.379	0.7832	0.4023	0.7206	0.6387	0.5932	0.5291	
sess_1ho7dln6j	NCNU_User_1774336824326	2026-03-24T07:22:19.645Z	B	Victory	0	1	0.07384225648	0.7241552102	TRUE	0.7856	0.3535	0.7915	0.4118	0.7204	0.6334	0.6007	0.5227	left
sess_1ho7dln6j	NCNU_User_1774336824326	2026-03-24T07:22:21.022Z	B	Heart	0	0.3053935908	0	0.4721574363	TRUE	0.4753	0.2575	0.4613	0.2735	0.6191	0.5003	0.4877	0.5498	
sess_1ho7dln6j	NCNU_User_1774336824326	2026-03-24T07:22:21.336Z	B	Victory	0	0.3559442982	0	0.4923777193	TRUE	0.4262	0.2885	0.4455	0.2649	0.5814	0.5047	0.4634	0.5939	right
sess_1ho7dln6j	NCNU_User_1774336824326	2026-03-24T07:22:21.547Z	B	Heart	0	0.8111442063	0	0.6744576825	TRUE	0.3805	0.4022	0.3785	0.457	0.5654	0.5214	0.4728	0.6059	
sess_1ho7dln6j	NCNU_User_1774336824326	2026-03-24T07:22:23.355Z	B	Victory	0	0.4722039022	0.07650417737	0.5121050988	TRUE	0.5585	0.1633	0.6055	0.164	0.6574	0.5138	0.5118	0.5263	left
sess_1ho7dln6j	NCNU_User_1774336824326	2026-03-24T07:22:25.988Z	B	Heart	0	0.3369782672	0.1496146728	0.4324261714	TRUE	0.568	0.1896	0.6086	0.2164	0.6823	0.5225	0.522	0.5232	
sess_1ho7dln6j	NCNU_User_1774336824326	2026-03-24T07:22:26.728Z	B	Fireworks_Explosion	0	0.1866113409	0.1048149094	0.3879593181	TRUE	0.574	0.0358	0.4227	0.0766	0.6003	0.5226	0.4635	0.5446	left
sess_1ho7dln6j	NCNU_User_1774336824326	2026-03-24T07:22:28.188Z	B	Gull_Flap	1	0.4128089768	0.695596779	0.521664718	TRUE	0.8304	0.4044	0.2651	0.4204	0.6406	0.5128	0.4684	0.5299	
sess_1ho7dln6j	NCNU_User_1774336824326	2026-03-24T07:22:33.409Z	B	Heart	0.2831334937	0.4806180171	0.3655239774	0.4850971881	TRUE	0.5044	0.1636	0.5446	0.1955	0.6429	0.536	0.4979	0.5474	
sess_1ho7dln6j	NCNU_User_1774336824326	2026-03-24T07:22:34.348Z	B	Gull_Flap	0.802876915	1	0.04799386257	0.9339213769	TRUE	0.8304	0.2594	0.295	0.3119	0.6478	0.5192	0.4836	0.5453	
sess_1ho7dln6j	NCNU_User_1774336824326	2026-03-24T07:22:37.012Z	B	Heart	0	0.9034021437	0.3476783378	0.5896734393	TRUE	0.4875	0.5142	0.4949	0.5127	0.6075	0.5462	0.4541	0.563	
sess_1ho7dln6j	NCNU_User_1774336824326	2026-03-24T07:22:39.982Z	B	Heart	0	1	0.1914454097	0.6829941066	TRUE	0.8068	0.4602	0.792	0.4127	0.7472	0.5281	0.6407	0.4986	
sess_1ho7dln6j	NCNU_User_1774336824326	2026-03-24T07:22:40.400Z	B	Dance_Continuous	0	0.7993796567	0.2961672743	0.5660933167	TRUE	0.8359	0.5566	0.8499	0.498	0.7858	0.529	0.7054	0.4787	30s_Interval_AutoLog
sess_1ho7dln6j	NCNU_User_1774336824326	2026-03-24T07:22:42.056Z	B	Heart	0.07275512426	1	0.3540610127	0.6442674266	TRUE	0.6679	0.5724	0.6464	0.6324	0.7076	0.5585	0.5529	0.5481	
sess_1ho7dln6j	NCNU_User_1774336824326	2026-03-24T07:22:47.073Z	B	Fireworks_Explosion	0.6969273499	0.1609926088	0.7113330916	0.3396622989	TRUE	0.7236	0.1768	0.3683	0.2143	0.6319	0.6282	0.4894	0.6369	left
sess_1ho7dln6j	NCNU_User_1774336824326	2026-03-24T07:22:47.948Z	B	Victory	1	0.03274320605	1	0.2630972824	TRUE	0.725	-0.0158	0.3858	0.0162	0.6344	0.5271	0.4984	0.5347	left
sess_1ho7dln6j	NCNU_User_1774336824326	2026-03-24T07:22:52.511Z	B	Victory	0.2619853235	0.9796839299	0.1422825747	0.7575710017	TRUE	0.8192	0.3533	0.7488	0.2613	0.7389	0.5839	0.5974	0.5122	left
sess_1ho7dln6j	NCNU_User_1774336824326	2026-03-24T07:22:58.972Z	B	Heart	0	0.6520286519	0	0.6108114608	TRUE	0.6554	0.1222	0.6196	0.1398	0.7009	0.5322	0.5606	0.5288	
sess_1ho7dln6j	NCNU_User_1774336824326	2026-03-24T07:22:59.802Z	B	Gull_Flap	0.7843123081	1	0	0.946078077	TRUE	0.8936	0.4816	0.3528	0.4627	0.7049	0.5228	0.5393	0.5245	
sess_1ho7dln6j	NCNU_User_1774336824326	2026-03-24T07:23:02.336Z	B	Gull_Flap	1	1	0.3783214066	0.8675875077	TRUE	0.8816	0.5733	0.2822	0.5602	0.6762	0.6314	0.4934	0.6481	
sess_1ho7dln6j	NCNU_User_1774336824326	2026-03-24T07:23:06.115Z	B	Heart	0	0.7315827073	0.3459135137	0.5215633532	TRUE	0.6261	0.3753	0.6463	0.416	0.6702	0.7196	0.5148	0.6691	
sess_1ho7dln6j	NCNU_User_1774336824326	2026-03-24T07:23:08.359Z	B	Gull_Flap	0.9185271548	1	0.07171847205	0.9545303235	TRUE	0.8426	0.3191	0.3327	0.3602	0.6628	0.5027	0.5106	0.5283	
sess_1ho7dln6j	NCNU_User_1774336824326	2026-03-24T07:23:10.250Z	B	Heart	0.0947074455	0.5388788096	0.8193477085	0.3024566872	TRUE	0.7553	0.3742	0.7208	0.3574	0.714	0.5847	0.6017	0.5051	
sess_1ho7dln6j	NCNU_User_1774336824326	2026-03-24T07:23:10.459Z	B	Dance_Continuous	0	0.4820470443	0.5758645174	0.3412662366	TRUE	0.8048	0.3821	0.7754	0.4331	0.7359	0.5322	0.6368	0.4981	30s_Interval_AutoLog
sess_1ho7dln6j	NCNU_User_1774336824326	2026-03-24T07:23:11.403Z	B	Heart	0.03150215698	0.7685478357	0.2079537269	0.5925108691	TRUE	0.834	0.5965	0.7996	0.5569	0.793	0.5859	0.7118	0.5304	
sess_1ho7dln6j	NCNU_User_1774336824326	2026-03-24T07:23:12.028Z	B	Heart	0	0.7377128706	0.2367378384	0.5622269048	TRUE	0.7627	0.4215	0.7709	0.4507	0.7602	0.5719	0.6356	0.4985	
sess_1ho7dln6j	NCNU_User_1774336824326	2026-03-24T07:23:12.856Z	B	Victory	0	0.1268362541	0.3476131986	0.2790698821	TRUE	0.3987	0.3645	0.4138	0.3895	0.5413	0.5359	0.4425	0.6045	left
sess_1ho7dln6j	NCNU_User_1774336824326	2026-03-24T07:23:14.062Z	B	Heart	0	1	0.2509403226	0.6621708871	TRUE	0.3226	0.5705	0.3173	0.5572	0.4376	0.4939	0.4159	0.5103	
sess_1ho7dln6j	NCNU_User_1774336824326	2026-03-24T07:23:15.186Z	B	Heart	0	0.4218663279	0.4594255926	0.3579475737	TRUE	0.6745	0.6276	0.6756	0.6328	0.7209	0.5585	0.5817	0.502	
sess_1ho7dln6j	NCNU_User_1774336824326	2026-03-24T07:23:15.604Z	B	Heart	0	0.6404949653	0.7462537559	0.3450091716	TRUE	0.6537	0.2361	0.6553	0.2421	0.7071	0.5225	0.5536	0.5187	
sess_1ho7dln6j	NCNU_User_1774336824326	2026-03-24T07:23:17.326Z	B	Gull_Flap	1	0.6926612227	0.2423569686	0.7922395501	TRUE	0.894	0.4831	0.3018	0.4563	0.6941	0.5888	0.5231	0.5855	
sess_1ho7dln6j	NCNU_User_1774336824326	2026-03-24T07:23:19.745Z	B	Heart	0.2570978526	0.5968573131	0.983934272	0.3086403932	TRUE	0.5918	0.2399	0.5505	0.2157	0.6795	0.5236	0.5401	0.5279	
sess_1ho7dln6j	NCNU_User_1774336824326	2026-03-24T07:23:21.931Z	B	Victory	0	0.09606494339	0.60441202	0.1768817704	TRUE	0.7992	0.3905	0.7583	0.3219	0.7354	0.6167	0.6217	0.4909	left
sess_1ho7dln6j	NCNU_User_1774336824326	2026-03-24T07:23:23.441Z	B	Heart	0	0.4554955308	0.2311966861	0.4512793722	TRUE	0.3557	0.3718	0.3303	0.4446	0.5131	0.5267	0.4261	0.6151	
sess_1ho7dln6j	NCNU_User_1774336824326	2026-03-24T07:23:23.749Z	B	Victory	0	0.5134541445	0.3027921247	0.4494044142	TRUE	0.3213	0.4044	0.3258	0.3922	0.4938	0.5405	0.4014	0.6335	right
sess_1ho7dln6j	NCNU_User_1774336824326	2026-03-24T07:23:25.467Z	B	Heart	0	0.363584644	0.5499664786	0.3029455901	TRUE	0.6528	0.2727	0.6112	0.3017	0.7073	0.5308	0.5458	0.5354	
sess_1ho7dln6j	NCNU_User_1774336824326	2026-03-24T07:23:27.512Z	B	Fireworks_Explosion	0.3915258183	1	0.1500771495	0.7953544523	TRUE	0.6914	-0.0071	0.4752	0.0082	0.6407	0.5213	0.5434	0.5277	left
sess_1ho7dln6j	NCNU_User_1774336824326	2026-03-24T07:23:27.811Z	B	Gull_Flap	1	1	0.06967712992	0.9756130045	TRUE	0.4946	0.1368	0.6126	0.1325	0.5831	0.5325	0.5929	0.5312	
sess_1ho7dln6j	NCNU_User_1774336824326	2026-03-24T07:23:31.086Z	B	Victory	1	1	0.01207576731	0.9957734814	TRUE	0.427	0.0275	0.7372	-0.0025	0.5336	0.5125	0.6756	0.5081	left
sess_1ho7dln6j	NCNU_User_1774336824326	2026-03-24T07:23:33.850Z	B	Victory	0.8994471367	0.8715285164	0	0.9234731908	TRUE	0.619	0.1108	0.4058	0.2296	0.6727	0.5479	0.5197	0.56	left
sess_1ho7dln6j	NCNU_User_1774336824326	2026-03-24T07:23:36.082Z	B	Victory	0.6867415394	0.549413538	0.3940814896	0.6035222787	TRUE	0.8017	0.2177	0.6136	0.1945	0.7078	0.5736	0.5812	0.5462	left
sess_1ho7dln6j	NCNU_User_1774336824326	2026-03-24T07:23:38.016Z	B	Victory	0.7339852742	0.6252400146	0.5618770233	0.5869353662	TRUE	0.6015	0.0329	0.2573	0.147	0.5559	0.5313	0.4307	0.5731	right
sess_1ho7dln6j	NCNU_User_1774336824326	2026-03-24T07:23:39.861Z	B	Victory	0.3383162497	0.4208104175	0.08574568646	0.5728922392	TRUE	0.8569	0.2132	0.7781	0.0951	0.7346	0.564	0.6107	0.5311	left
sess_1ho7dln6j	NCNU_User_1774336824326	2026-03-24T07:23:40.467Z	B	Dance_Continuous	0.3339535533	0.6705134197	0.3222404199	0.5889096093	TRUE	0.7763	0.2575	0.611	0.2104	0.7347	0.5639	0.5908	0.5506	30s_Interval_AutoLog
sess_1ho7dln6j	NCNU_User_1774336824326	2026-03-24T07:23:46.280Z	B	Victory	0.4860473841	0.6266181801	0.2567374048	0.6323010264	TRUE	0.5312	0.1834	0.54	0.1835	0.6265	0.5217	0.4871	0.5407	left
sess_1ho7dln6j	NCNU_User_1774336824326	2026-03-24T07:23:47.830Z	B	Heart	0	0.08833240582	0.5830711359	0.1812580648	TRUE	0.5947	0.5367	0.5564	0.5549	0.6371	0.8262	0.4908	0.8409	
sess_1ho7dln6j	NCNU_User_1774336824326	2026-03-24T07:23:48.751Z	B	Heart	0	0.4665566538	0.5236510584	0.3533447911	TRUE	0.5453	0.1752	0.5492	0.1789	0.6355	0.5265	0.49	0.5311	
sess_1ho7dln6j	NCNU_User_1774336824326	2026-03-24T07:23:53.567Z	B	Heart	0.3083559994	0.8511333362	0.1235841153	0.724287894	TRUE	0.6625	0.3936	0.6614	0.3557	0.6971	0.5452	0.5745	0.5344	
sess_1ho7dln6j	NCNU_User_1774336824326	2026-03-24T07:23:54.814Z	B	Heart	0	0.3721194682	0.7014069221	0.2533553645	TRUE	0.4928	0.4529	0.4814	0.4377	0.6142	0.5581	0.5053	0.5759	
sess_1ho7dln6j	NCNU_User_1774336824326	2026-03-24T07:23:56.434Z	B	Victory	0.2999445711	0.6258029773	0.791376234	0.3983256518	TRUE	0.4283	0.5092	0.4237	0.3834	0.5592	0.586	0.4292	0.5951	left
sess_1ho7dln6j	NCNU_User_1774336824326	2026-03-24T07:23:56.837Z	B	Victory	0	0.3309445423	0.7831631044	0.2082707304	TRUE	0.6578	0.2808	0.6268	0.3091	0.6592	0.537	0.5262	0.5424	right
sess_1ho7dln6j	NCNU_User_1774336824326	2026-03-24T07:23:57.037Z	B	Heart	0	0.172072634	0.8259869963	0.1297336049	TRUE	0.6547	0.2551	0.6903	0.27	0.6836	0.5387	0.5736	0.5328	
sess_1ho7dln6j	NCNU_User_1774336824326	2026-03-24T07:23:59.145Z	B	Heart	0	0.1183387958	0.08418593612	0.3678704407	TRUE	0.4534	0.279	0.4178	0.2906	0.5625	0.5031	0.4396	0.5466	
sess_1ho7dln6j	NCNU_User_1774336824326	2026-03-24T07:24:00.246Z	B	Victory	0	1	0	0.75	TRUE	0.3309	0.4393	0.3654	0.3439	0.4844	0.5188	0.3972	0.5951	right
sess_1ho7dln6j	NCNU_User_1774336824326	2026-03-24T07:24:01.658Z	B	Heart	0	0.09253232989	0.4336661492	0.2352297797	TRUE	0.5925	0.1957	0.5758	0.2063	0.6796	0.5246	0.5357	0.5196	
sess_1ho7dln6j	NCNU_User_1774336824326	2026-03-24T07:24:03.773Z	B	Heart	0	0.2202089565	0.03194639306	0.426902345	TRUE	0.5747	0.2216	0.5466	0.1913	0.6166	0.5236	0.4703	0.5391	
sess_1ho7dln6j	NCNU_User_1774336824326	2026-03-24T07:24:04.581Z	B	Victory	0	0.7625351154	0.3386272479	0.5364945094	TRUE	0.4149	0.3158	0.4312	0.2867	0.5413	0.5168	0.4337	0.5892	right
sess_1ho7dln6j	NCNU_User_1774336824326	2026-03-24T07:24:04.787Z	B	Victory	0	1	0.2284853395	0.6700301312	TRUE	0.3486	0.4431	0.3696	0.4139	0.5406	0.5205	0.4343	0.6037	left
sess_1ho7dln6j	NCNU_User_1774336824326	2026-03-24T07:24:05.506Z	B	Heart	0	0.6944510152	0.328361407	0.5128539136	TRUE	0.4401	0.3027	0.3958	0.3142	0.5592	0.5143	0.4315	0.5722	
sess_1ho7dln6j	NCNU_User_1774336824326	2026-03-24T07:24:05.922Z	B	Heart	0	0.4877910069	0.3341096731	0.4281780172	TRUE	0.5183	0.1949	0.4852	0.2256	0.597	0.5111	0.4576	0.5382	
sess_1ho7dln6j	NCNU_User_1774336824326	2026-03-24T07:24:07.835Z	B	Victory	0.3922105138	0.4857421269	0.8787258979	0.3347954149	TRUE	0.636	0.3734	0.477	0.4344	0.6708	0.5726	0.5114	0.5816	left
sess_1ho7dln6j	NCNU_User_1774336824326	2026-03-24T07:24:10.484Z	B	Dance_Continuous	0.3412288691	1	0.0847628037	0.805640236	TRUE	0.6831	0.1972	0.4264	0.2286	0.6621	0.5644	0.4963	0.5838	30s_Interval_AutoLog
sess_1ho7dln6j	NCNU_User_1774336824326	2026-03-24T07:24:11.637Z	B	Gull_Flap	1	0.4939470369	0.5391904328	0.6088621633	TRUE	0.8753	0.1373	0.3236	0.0964	0.6707	0.5419	0.5124	0.5559	
sess_1ho7dln6j	NCNU_User_1774336824326	2026-03-24T07:24:12.522Z	B	Victory	1	0.758995461	0.6393030309	0.6798421236	TRUE	0.6228	0.5216	0.7827	0.274	0.4722	0.5374	0.4617	0.5722	right
sess_gsclxamjp	NCNU_User_1774337060727	2026-03-24T07:24:21.108Z	B	Heart	0.5	0.5	0.5	0.5	FALSE	0.7621	0.7314	0.7307	0.7316	0.7876	0.6194	0.7435	0.6187	
sess_gsclxamjp	NCNU_User_1774337060727	2026-03-24T07:24:35.362Z	B	Baseline_End	0.6496949835	0.2346550942	0.8988902747	0.2916741874	TRUE	0.6362	1.0305	0.41	0.9412	0.6076	0.4667	0.4296	0.493	baseline calibrated
sess_gsclxamjp	NCNU_User_1774337060727	2026-03-24T07:24:40.580Z	B	Dance_Continuous	1	0.5818822988	0.5408276728	0.643463234	TRUE	0.6227	0.3132	0.5021	1.0063	0.687	0.4764	0.5289	0.4907	30s_Interval_AutoLog
sess_gsclxamjp	NCNU_User_1774337060727	2026-03-24T07:25:10.634Z	B	Dance_Continuous	0.5488607807	0.7291745189	0.5511368196	0.5859871159	TRUE	0.6499	1.05	0.4374	0.9721	0.628	0.4704	0.4496	0.5058	30s_Interval_AutoLog
sess_ytlau6ief	NCNU_User_1774337117035	2026-03-24T07:25:23.371Z	B	Heart	0.5	0.5	0.5	0.5	FALSE	0.7229	0.626	0.7311	0.5386	0.708	0.4707	0.5396	0.487	
sess_ytlau6ief	NCNU_User_1774337117035	2026-03-24T07:25:25.815Z	B	Victory	0.5	0.5	0.5	0.5	FALSE	0.7078	0.4769	0.7089	0.4798	0.6748	0.4616	0.5063	0.4844	left
sess_ytlau6ief	NCNU_User_1774337117035	2026-03-24T07:25:28.221Z	B	Victory	0.5	0.5	0.5	0.5	FALSE	0.6597	0.3355	0.4752	0.5088	0.5912	0.475	0.4266	0.492	left
sess_ytlau6ief	NCNU_User_1774337117035	2026-03-24T07:25:28.581Z	B	Heart	0.5	0.5	0.5	0.5	FALSE	0.6832	0.4415	0.7073	0.4637	0.6673	0.4633	0.4977	0.4788	
sess_ytlau6ief	NCNU_User_1774337117035	2026-03-24T07:25:29.533Z	B	Victory	0.5	0.5	0.5	0.5	FALSE	0.5918	0.5601	0.3391	0.3991	0.6109	0.4782	0.4449	0.4851	right
sess_ytlau6ief	NCNU_User_1774337117035	2026-03-24T07:25:30.017Z	B	Heart	0.5	0.5	0.5	0.5	FALSE	0.3419	0.4871	0.3437	0.4885	0.532	0.4735	0.3696	0.4795	
sess_ytlau6ief	NCNU_User_1774337117035	2026-03-24T07:25:30.369Z	B	Victory	0.5	0.5	0.5	0.5	FALSE	0.354	0.5501	0.3584	0.6826	0.5302	0.4691	0.3655	0.4859	left
sess_ytlau6ief	NCNU_User_1774337117035	2026-03-24T07:25:31.204Z	B	Heart	0.5	0.5	0.5	0.5	FALSE	0.69	0.4719	0.6954	0.4765	0.6501	0.4652	0.4915	0.4874	
sess_ytlau6ief	NCNU_User_1774337117035	2026-03-24T07:25:31.560Z	B	Victory	0.5	0.5	0.5	0.5	FALSE	0.7116	0.5238	0.7131	0.5226	0.6855	0.468	0.5164	0.4861	right
sess_ytlau6ief	NCNU_User_1774337117035	2026-03-24T07:25:32.520Z	B	Victory	0.5	0.5	0.5	0.5	FALSE	0.4759	0.3518	0.2535	0.3924	0.5356	0.4775	0.3727	0.4854	left
sess_ytlau6ief	NCNU_User_1774337117035	2026-03-24T07:25:34.168Z	B	Heart	0.5	0.5	0.5	0.5	FALSE	0.6808	0.5583	0.693	0.4683	0.6641	0.4649	0.496	0.4827	
sess_ytlau6ief	NCNU_User_1774337117035	2026-03-24T07:25:34.881Z	B	Baseline_End	0.3133342498	0.7522986578	0.6320453891	0.5080371394	TRUE	0.6707	0.4292	0.5003	0.6	0.6647	0.4767	0.4895	0.4844	baseline calibrated
sess_ytlau6ief	NCNU_User_1774337117035	2026-03-24T07:25:35.583Z	B	Heart	0.1412648219	0.6509465387	0.6014501281	0.4351872761	TRUE	0.3141	0.4683	0.3126	0.4652	0.5314	0.4725	0.3668	0.4881	
sess_ytlau6ief	NCNU_User_1774337117035	2026-03-24T07:25:36.304Z	B	Victory	0.3434236268	0.9215141803	0	0.8044615788	TRUE	0.5515	0.5082	0.2849	0.3954	0.5588	0.4743	0.3955	0.4916	right
sess_ytlau6ief	NCNU_User_1774337117035	2026-03-24T07:25:36.828Z	B	Victory	0.2507712051	0.7563594036	0.4332437228	0.5636012598	TRUE	0.7039	0.4591	0.7156	0.4606	0.6486	0.4594	0.4933	0.4777	left
sess_ytlau6ief	NCNU_User_1774337117035	2026-03-24T07:25:38.566Z	B	Heart	0.06712411093	0.5008315215	0.3928610223	0.4296122786	TRUE	0.3798	0.5793	0.3565	0.5927	0.5167	0.4654	0.3594	0.4826	
sess_ytlau6ief	NCNU_User_1774337117035	2026-03-24T07:25:39.907Z	B	Heart	0.2359894219	0.9481447283	0.4258547953	0.6392060684	TRUE	0.7188	0.4257	0.7181	0.4404	0.6676	0.4598	0.5011	0.476	
sess_ytlau6ief	NCNU_User_1774337117035	2026-03-24T07:25:40.640Z	B	Dance_Continuous	0	0.6758990395	0.3191226946	0.5086666727	TRUE	0.6429	0.6074	0.5995	0.6122	0.6707	0.4686	0.4995	0.4758	30s_Interval_AutoLog
sess_ytlau6ief	NCNU_User_1774337117035	2026-03-24T07:25:43.011Z	B	Victory	0.2778612561	0.9192551282	0.5965301263	0.5783818211	TRUE	0.7065	0.4142	0.7116	0.4169	0.6678	0.4644	0.5052	0.4743	left
sess_ytlau6ief	NCNU_User_1774337117035	2026-03-24T07:25:45.086Z	B	Heart	0.002499755161	0.6677554972	0.2096304508	0.5443564799	TRUE	0.3331	0.6	0.2935	0.6283	0.4978	0.4457	0.3483	0.4872	
sess_ytlau6ief	NCNU_User_1774337117035	2026-03-24T07:25:45.804Z	B	Victory	0.3913511913	0.4133257533	0.478311997	0.4457589002	TRUE	0.5803	0.3162	0.4795	0.5229	0.6011	0.4578	0.4393	0.4868	left
sess_ytlau6ief	NCNU_User_1774337117035	2026-03-24T07:25:46.116Z	B	Heart	0.1107483582	0.531841709	0.5186791661	0.4088860651	TRUE	0.7282	0.4491	0.7242	0.4549	0.6562	0.4576	0.4992	0.4815	
sess_ytlau6ief	NCNU_User_1774337117035	2026-03-24T07:25:47.870Z	B	Heart	0.05763967733	0.3321396054	0.8082137147	0.2143909614	TRUE	0.3372	0.5708	0.3131	0.5873	0.508	0.4582	0.3531	0.4833	
sess_ytlau6ief	NCNU_User_1774337117035	2026-03-24T07:25:48.583Z	B	Victory	0.1285671568	1	0.04164035526	0.7675676649	TRUE	0.3864	0.5273	0.4266	0.6449	0.5729	0.4734	0.3923	0.4882	left
sess_ytlau6ief	NCNU_User_1774337117035	2026-03-24T07:25:49.311Z	B	Victory	0.303505074	0.9476706407	0.5018873355	0.6292839574	TRUE	0.6981	0.4082	0.7011	0.4222	0.6818	0.4637	0.5113	0.4733	right
sess_ytlau6ief	NCNU_User_1774337117035	2026-03-24T07:25:50.766Z	B	Heart	0.05707920612	0.788921769	0.245549178	0.5938962968	TRUE	0.3487	0.548	0.3146	0.5854	0.5102	0.4521	0.3569	0.4901	
sess_ytlau6ief	NCNU_User_1774337117035	2026-03-24T07:25:51.908Z	B	Heart	0.2146984796	0.519754875	0.5706969766	0.4118326281	TRUE	0.7216	0.4127	0.7207	0.4238	0.671	0.4596	0.509	0.4769	
sess_ytlau6ief	NCNU_User_1774337117035	2026-03-24T07:25:53.682Z	B	Heart	0.04631260947	0.9216849413	0.2644432252	0.6376970001	TRUE	0.3317	0.5591	0.3517	0.6466	0.5087	0.4614	0.3396	0.4917	
sess_ytlau6ief	NCNU_User_1774337117035	2026-03-24T07:25:56.089Z	B	Victory	1	1	0	1	TRUE	0.6826	0.2303	0.1981	0.2924	0.5493	0.4839	0.3716	0.4961	left
sess_ytlau6ief	NCNU_User_1774337117035	2026-03-24T07:25:59.646Z	B	Victory	1	0.957768084	0	0.9831072336	TRUE	0.5784	0.2136	0.2074	0.4734	0.5123	0.4634	0.3353	0.4947	left
sess_ytlau6ief	NCNU_User_1774337117035	2026-03-24T07:26:02.240Z	B	Victory	0.7171843479	0.7531186148	0.9141345731	0.5105964323	TRUE	0.5147	0.3846	0.4447	0.562	0.5761	0.4772	0.4015	0.4825	left
sess_ytlau6ief	NCNU_User_1774337117035	2026-03-24T07:26:02.963Z	B	Victory	0.6314658985	0.8075030319	0.781688787	0.5572766119	TRUE	0.3083	0.4247	0.3069	0.4233	0.5021	0.4516	0.3409	0.4876	right
sess_ytlau6ief	NCNU_User_1774337117035	2026-03-24T07:26:03.167Z	B	Heart	0.3116452898	0.6204878697	0.6594324992	0.4453050956	TRUE	0.3251	0.4504	0.3256	0.4484	0.5116	0.452	0.3503	0.4872	
sess_ytlau6ief	NCNU_User_1774337117035	2026-03-24T07:26:04.313Z	B	Victory	0.6559154477	0.6842382362	0.5059224672	0.6106012929	TRUE	0.7472	0.3625	0.7464	0.3637	0.7063	0.4458	0.5446	0.473	left
sess_ytlau6ief	NCNU_User_1774337117035	2026-03-24T07:26:06.890Z	B	Victory	0.4456222369	0.6921008242	0.4281678885	0.5883871279	TRUE	0.7148	0.5624	0.724	0.4226	0.666	0.4458	0.5001	0.4758	right
sess_ytlau6ief	NCNU_User_1774337117035	2026-03-24T07:26:08.247Z	B	Heart	0.2028956982	0.7568185324	0.7219041595	0.4507848817	TRUE	0.2701	0.4618	0.2694	0.4614	0.4939	0.449	0.3397	0.4837	
sess_ytlau6ief	NCNU_User_1774337117035	2026-03-24T07:26:08.556Z	B	Victory	0.2734078928	0.5586672531	0.6682752029	0.4079225534	TRUE	0.3552	0.4776	0.2529	0.6256	0.5059	0.4481	0.3374	0.4979	left
sess_ytlau6ief	NCNU_User_1774337117035	2026-03-24T07:26:09.279Z	B	Victory	0.3524002932	0.7754854678	0.467134553	0.5847971669	TRUE	0.6794	0.4275	0.6687	0.4355	0.6267	0.4524	0.4607	0.4814	right
sess_ytlau6ief	NCNU_User_1774337117035	2026-03-24T07:26:09.488Z	B	Heart	0.2012797743	0.8538993897	0.2104191604	0.6682329933	TRUE	0.7089	0.5461	0.6955	0.453	0.6563	0.4488	0.4907	0.475	
sess_ytlau6ief	NCNU_User_1774337117035	2026-03-24T07:26:10.725Z	B	Dance_Continuous	0.41328815	0.7092292296	0.6874968678	0.4963898256	TRUE	0.265	0.5292	0.2986	0.6356	0.5025	0.4543	0.3446	0.482	30s_Interval_AutoLog
sess_ytlau6ief	NCNU_User_1774337117035	2026-03-24T07:26:10.926Z	B	Victory	0.3818188927	0.9349550235	0.3696309328	0.6900659061	TRUE	0.3433	0.447	0.2105	0.4941	0.4996	0.4542	0.3286	0.4931	left
sess_ytlau6ief	NCNU_User_1774337117035	2026-03-24T07:26:11.747Z	B	Heart	0.2888334366	1	0.6038412707	0.6108639144	TRUE	0.623	0.4319	0.6138	0.428	0.598	0.4604	0.4248	0.4766	
sess_ytlau6ief	NCNU_User_1774337117035	2026-03-24T07:26:12.063Z	B	Victory	0.07634187737	1	0.1941164052	0.7011447275	TRUE	0.6518	0.4079	0.6461	0.4207	0.6385	0.452	0.4696	0.4722	right
sess_ytlau6ief	NCNU_User_1774337117035	2026-03-24T07:26:13.610Z	B	Victory	0.2005467241	0.6273698653	0.4424713411	0.4962196578	TRUE	0.213	0.5328	0.2258	0.6255	0.4641	0.4417	0.3142	0.4924	left
sess_ytlau6ief	NCNU_User_1774337117035	2026-03-24T07:26:14.539Z	B	Victory	0.1752548388	1	0	0.7938137097	TRUE	0.6601	0.4373	0.6524	0.4326	0.6013	0.4551	0.433	0.4732	right
sess_ytlau6ief	NCNU_User_1774337117035	2026-03-24T07:26:16.580Z	B	Victory	0.5952507212	0.8371640534	0.2309598898	0.7528423402	TRUE	0.4478	0.2415	0.2836	0.5264	0.4992	0.4646	0.3272	0.4934	left
sess_ytlau6ief	NCNU_User_1774337117035	2026-03-24T07:26:16.894Z	B	Victory	0.360851377	0.8547677097	0.3667740532	0.6537490095	TRUE	0.5754	0.5415	0.6031	0.4069	0.5578	0.4537	0.3859	0.4608	right
sess_ytlau6ief	NCNU_User_1774337117035	2026-03-24T07:26:17.102Z	B	Heart	0.2369082985	1	0.1379086993	0.7609590299	TRUE	0.6583	0.405	0.6601	0.4152	0.5862	0.451	0.4235	0.4596	
sess_ytlau6ief	NCNU_User_1774337117035	2026-03-24T07:26:19.467Z	B	Heart	0.05814759651	0.614249919	0.4916765634	0.4381500695	TRUE	0.6451	0.4606	0.6592	0.4556	0.6012	0.4573	0.4258	0.4741	
sess_ytlau6ief	NCNU_User_1774337117035	2026-03-24T07:26:19.672Z	B	Victory	0	0.6148708762	0.2281507629	0.5160955834	TRUE	0.6521	0.4933	0.6848	0.5292	0.6345	0.4571	0.457	0.4755	right
sess_ytlau6ief	NCNU_User_1774337117035	2026-03-24T07:26:22.036Z	B	Victory	0.1473335815	0.6659698031	0.2983024281	0.5488154667	TRUE	0.6807	0.4301	0.6855	0.4269	0.649	0.4467	0.4662	0.4685	right
sess_ytlau6ief	NCNU_User_1774337117035	2026-03-24T07:26:22.241Z	B	Heart	0.06645902953	0.6222199557	0.5609713926	0.4191627522	TRUE	0.6727	0.6196	0.6804	0.5526	0.6481	0.4504	0.4686	0.4738	
sess_ytlau6ief	NCNU_User_1774337117035	2026-03-24T07:26:22.550Z	B	Victory	0.4213018578	0.658886271	0.5694423674	0.5195751443	TRUE	0.5669	0.3299	0.3494	0.547	0.5851	0.4776	0.4065	0.4883	left
sess_ytlau6ief	NCNU_User_1774337117035	2026-03-24T07:26:23.059Z	B	Heart	0.1334080294	0.7829932328	0.4258552514	0.5474999625	TRUE	0.3307	0.5728	0.2946	0.592	0.5036	0.4385	0.3511	0.4821	
sess_ytlau6ief	NCNU_User_1774337117035	2026-03-24T07:26:24.297Z	B	Victory	0.2090781727	0.8558896351	0.3187152504	0.6330750595	TRUE	0.7391	0.5468	0.7066	0.4255	0.6502	0.4388	0.4806	0.4714	right
sess_ytlau6ief	NCNU_User_1774337117035	2026-03-24T07:26:24.611Z	B	Heart	0.09265491948	0.7820875154	0.1802372805	0.6229156879	TRUE	0.6974	0.4815	0.6999	0.4822	0.6609	0.4427	0.4813	0.4701	
sess_ytlau6ief	NCNU_User_1774337117035	2026-03-24T07:26:25.638Z	B	Heart	0.1069210674	0.8008268212	0.09563460102	0.663588885	TRUE	0.2397	0.4762	0.2538	0.476	0.4956	0.4352	0.3385	0.4887	
sess_ytlau6ief	NCNU_User_1774337117035	2026-03-24T07:26:26.772Z	B	Victory	0.1719887585	0.7240727475	0.5783060149	0.4802191834	TRUE	0.6952	0.4282	0.6748	0.4312	0.6414	0.4518	0.4671	0.4704	left
sess_ytlau6ief	NCNU_User_1774337117035	2026-03-24T07:26:26.984Z	B	Victory	0.1789296316	0.8215840137	0.2907405416	0.6216068238	TRUE	0.7045	0.5618	0.6892	0.4428	0.6565	0.4515	0.487	0.47	right
sess_ytlau6ief	NCNU_User_1774337117035	2026-03-24T07:26:28.012Z	B	Heart	0.145545805	0.850861222	0.3812832122	0.5932818158	TRUE	0.2536	0.439	0.2509	0.4419	0.5203	0.4424	0.3569	0.4769	
sess_ytlau6ief	NCNU_User_1774337117035	2026-03-24T07:26:29.126Z	B	Heart	0.2256927004	0.4339784766	0.5355137762	0.3925847441	TRUE	0.6012	0.5384	0.5559	0.5436	0.5802	0.4555	0.4048	0.4736	
sess_ytlau6ief	NCNU_User_1774337117035	2026-03-24T07:26:29.947Z	B	Victory	0.5999596881	0.7552951258	0.8733521191	0.4964347307	TRUE	0.5444	0.4795	0.217	0.3658	0.582	0.4613	0.4009	0.4845	right
sess_ytlau6ief	NCNU_User_1774337117035	2026-03-24T07:26:30.652Z	B	Heart	0.2016640452	0.7707582566	0.3148325803	0.5985279109	TRUE	0.2582	0.5366	0.2842	0.6315	0.4977	0.4351	0.3426	0.4831	
sess_ytlau6ief	NCNU_User_1774337117035	2026-03-24T07:26:31.073Z	B	Victory	0.5412534356	0.5633877554	0.5128943415	0.5311554415	TRUE	0.5131	0.2901	0.2198	0.3503	0.5354	0.4552	0.3522	0.494	left
sess_ytlau6ief	NCNU_User_1774337117035	2026-03-24T07:26:31.484Z	B	Heart	0.1519583084	1	0.390234597	0.6514074682	TRUE	0.6705	0.4617	0.672	0.4655	0.6155	0.4493	0.4474	0.4775	
sess_ytlau6ief	NCNU_User_1774337117035	2026-03-24T07:26:32.710Z	B	Heart	0.1899768589	0.5816958711	0.4648742421	0.4674665784	TRUE	0.3419	0.5588	0.2977	0.5789	0.5241	0.4513	0.3659	0.4683	
sess_ytlau6ief	NCNU_User_1774337117035	2026-03-24T07:26:33.326Z	B	Victory	0.09245374158	0.4734180187	0.3115226768	0.453447706	TRUE	0.3141	0.4477	0.1939	0.4018	0.5081	0.4396	0.3326	0.5007	left
sess_ytlau6ief	NCNU_User_1774337117035	2026-03-24T07:26:34.050Z	B	Victory	0.1421666656	0.7432434154	0.6791930596	0.4451214617	TRUE	0.6841	0.4235	0.681	0.4241	0.6237	0.4536	0.4513	0.4712	right
sess_ytlau6ief	NCNU_User_1774337117035	2026-03-24T07:26:35.710Z	B	Heart	0.1167479192	0.8647210531	0	0.725075401	TRUE	0.2512	0.5882	0.2719	0.6395	0.5133	0.4454	0.351	0.4763	
sess_ytlau6ief	NCNU_User_1774337117035	2026-03-24T07:26:36.653Z	B	Heart	0.1294690042	0.6863752965	0.1493118726	0.6046582143	TRUE	0.6172	0.5446	0.5642	0.5487	0.6133	0.4564	0.4399	0.4759	
sess_ytlau6ief	NCNU_User_1774337117035	2026-03-24T07:26:37.428Z	B	Victory	0.1193079675	0.9680925233	0.1383668248	0.7186356125	TRUE	0.6533	0.3498	0.4705	0.5004	0.6736	0.4758	0.4942	0.4821	left
sess_ytlau6ief	NCNU_User_1774337117035	2026-03-24T07:26:39.584Z	B	Heart	0.1680980828	0.463971699	0.7436051527	0.3173513969	TRUE	0.6491	0.5335	0.6816	0.453	0.6377	0.445	0.4612	0.4718	
sess_ytlau6ief	NCNU_User_1774337117035	2026-03-24T07:26:40.251Z	B	Victory	0.1905410183	0.5871309124	0.4768309516	0.4655967865	TRUE	0.6549	0.3475	0.4593	0.3555	0.683	0.4724	0.5003	0.4752	left
sess_ytlau6ief	NCNU_User_1774337117035	2026-03-24T07:26:40.744Z	B	Dance_Continuous	0.2118147303	0.9842651333	0.431657296	0.6455796823	TRUE	0.4078	0.5457	0.3165	0.4471	0.5826	0.4465	0.4148	0.4713	30s_Interval_AutoLog
sess_ytlau6ief	NCNU_User_1774337117035	2026-03-24T07:26:42.353Z	B	Victory	0.09320614505	0.8143876761	0.2285298561	0.6190711571	TRUE	0.7082	0.426	0.6994	0.425	0.6623	0.4517	0.4847	0.4622	left
sess_ytlau6ief	NCNU_User_1774337117035	2026-03-24T07:26:43.988Z	B	Heart	0.02343060903	0.7874126885	0.288627391	0.5698031408	TRUE	0.2751	0.4685	0.2746	0.4623	0.531	0.4474	0.3724	0.4759	
sess_ytlau6ief	NCNU_User_1774337117035	2026-03-24T07:26:45.108Z	B	Heart	0.008563491617	0.8679497387	0.4803726145	0.5311903533	TRUE	0.6657	0.4445	0.6664	0.4574	0.6553	0.4423	0.4738	0.4703	
sess_ytlau6ief	NCNU_User_1774337117035	2026-03-24T07:26:45.489Z	B	Victory	0.2207487829	0.6603534776	0.6857458506	0.429317539	TRUE	0.5883	0.3143	0.3766	0.3368	0.6517	0.4614	0.4682	0.4739	left
sess_ytlau6ief	NCNU_User_1774337117035	2026-03-24T07:26:46.109Z	B	Heart	0.05863224922	0.6993173826	0.7298101994	0.3889514456	TRUE	0.4056	0.5768	0.3654	0.5924	0.5503	0.4538	0.3684	0.469	
sess_ytlau6ief	NCNU_User_1774337117035	2026-03-24T07:26:47.112Z	B	Victory	0	0.8423378612	0.4735174812	0.5212040261	TRUE	0.6509	0.444	0.6492	0.4414	0.5983	0.459	0.4216	0.4673	right
sess_ytlau6ief	NCNU_User_1774337117035	2026-03-24T07:26:47.612Z	B	Victory	0.1221460116	1	0.02827421768	0.7706405267	TRUE	0.6631	0.3452	0.4617	0.5431	0.645	0.4636	0.4645	0.4712	left
sess_ytlau6ief	NCNU_User_1774337117035	2026-03-24T07:26:48.228Z	B	Heart	0	0.9648955972	0.1601642557	0.6799007494	TRUE	0.2996	0.4906	0.298	0.4901	0.5553	0.4515	0.3763	0.4754	
sess_ytlau6ief	NCNU_User_1774337117035	2026-03-24T07:26:49.227Z	B	Victory	0.1620984032	0.6391461703	0.5460950071	0.4550498164	TRUE	0.6733	0.4503	0.6725	0.4512	0.6105	0.4501	0.4426	0.4784	right
sess_ytlau6ief	NCNU_User_1774337117035	2026-03-24T07:26:49.727Z	B	Heart	0.08641787011	1	0.0661601398	0.7484484186	TRUE	0.61	0.4945	0.6305	0.5347	0.6632	0.4591	0.4776	0.4754	
sess_ytlau6ief	NCNU_User_1774337117035	2026-03-24T07:26:50.464Z	B	Heart	0.09161688626	0.8444273363	0.2431840369	0.6255607432	TRUE	0.38	0.5591	0.3338	0.601	0.563	0.4558	0.3928	0.4857	
sess_ytlau6ief	NCNU_User_1774337117035	2026-03-24T07:26:51.467Z	B	Victory	0.2938256717	0.5632687819	0.4889173376	0.4776428625	TRUE	0.6387	0.5499	0.6518	0.4255	0.6394	0.4522	0.4629	0.4765	right
sess_ytlau6ief	NCNU_User_1774337117035	2026-03-24T07:26:51.732Z	B	Heart	0.09522842625	0.5431283999	0.6986906647	0.3465167339	TRUE	0.6904	0.4582	0.6857	0.4602	0.6649	0.45	0.4821	0.47	
sess_ytlau6ief	NCNU_User_1774337117035	2026-03-24T07:26:52.096Z	B	Victory	0.1370067908	0.8195711859	0.2523657893	0.6237521458	TRUE	0.59	0.3585	0.4186	0.524	0.6491	0.4641	0.4623	0.4747	left
sess_ytlau6ief	NCNU_User_1774337117035	2026-03-24T07:26:52.734Z	B	Heart	0.1194333846	0.8289901281	0.5490600367	0.5192833846	TRUE	0.3092	0.4412	0.3107	0.4381	0.5659	0.453	0.3912	0.487	
sess_ytlau6ief	NCNU_User_1774337117035	2026-03-24T07:26:53.852Z	B	Heart	0.1013511252	0.7534397682	0.543519444	0.4864818832	TRUE	0.7105	0.4312	0.7128	0.4411	0.6444	0.4498	0.4705	0.4692	
sess_ytlau6ief	NCNU_User_1774337117035	2026-03-24T07:26:54.101Z	B	Victory	0.1267818227	0.887691817	0.2656072442	0.643809647	TRUE	0.724	0.5764	0.7251	0.4596	0.6602	0.4455	0.4864	0.4701	right
sess_ytlau6ief	NCNU_User_1774337117035	2026-03-24T07:26:56.234Z	B	Heart	0.237878633	0.823635951	0.5508686799	0.5461200007	TRUE	0.7229	0.4341	0.7188	0.433	0.6385	0.4386	0.4758	0.4712	
sess_ytlau6ief	NCNU_User_1774337117035	2026-03-24T07:26:56.858Z	B	Victory	0.09318849188	1	0	0.773297123	TRUE	0.4441	0.3812	0.3573	0.5071	0.6183	0.4585	0.4307	0.4706	left
sess_ytlau6ief	NCNU_User_1774337117035	2026-03-24T07:26:57.604Z	B	Heart	0	0.7024220618	0.3610728815	0.5045933162	TRUE	0.3043	0.449	0.3053	0.4508	0.5563	0.4514	0.3899	0.4822	
sess_ytlau6ief	NCNU_User_1774337117035	2026-03-24T07:26:58.473Z	B	Victory	0.2046351918	0.6766098638	0.585295875	0.4669491872	TRUE	0.6855	0.4166	0.7053	0.4376	0.6466	0.455	0.4756	0.4685	right
sess_ytlau6ief	NCNU_User_1774337117035	2026-03-24T07:26:58.738Z	B	Heart	0.1149389382	1	0.2957907156	0.6752079841	TRUE	0.7027	0.4561	0.709	0.4488	0.6633	0.4511	0.4855	0.4653	
sess_ytlau6ief	NCNU_User_1774337117035	2026-03-24T07:27:00.859Z	B	Victory	0.346456568	0.9088902095	0.5005240264	0.6249868166	TRUE	0.7268	0.5374	0.6983	0.4446	0.6403	0.4412	0.4695	0.4715	right
sess_ytlau6ief	NCNU_User_1774337117035	2026-03-24T07:27:01.474Z	B	Victory	0.2993412983	0.714806187	0.180237965	0.6476745116	TRUE	0.4907	0.2918	0.3496	0.454	0.626	0.4648	0.437	0.4729	left
sess_ytlau6ief	NCNU_User_1774337117035	2026-03-24T07:27:03.362Z	B	Heart	0.08042634944	0.6773770235	0.3326398348	0.5246334546	TRUE	0.7487	0.462	0.7495	0.4607	0.6443	0.4382	0.4749	0.4622	
sess_ytlau6ief	NCNU_User_1774337117035	2026-03-24T07:27:07.477Z	B	Victory	0.1736882692	0.602512822	0.4830293428	0.4653669261	TRUE	0.699	0.4227	0.707	0.4362	0.6228	0.4452	0.4502	0.4696	left
sess_ytlau6ief	NCNU_User_1774337117035	2026-03-24T07:27:09.715Z	B	Victory	0.1480622233	0.5141095985	0.3845238088	0.4580760622	TRUE	0.692	0.4052	0.692	0.4068	0.6308	0.4471	0.4672	0.4677	left
sess_ytlau6ief	NCNU_User_1774337117035	2026-03-24T07:27:10.846Z	B	Dance_Continuous	0.2203185018	0.3736211153	0.9988060619	0.2049459499	TRUE	0.4039	0.5832	0.3357	0.6155	0.5487	0.4576	0.3749	0.4724	30s_Interval_AutoLog
sess_ytlau6ief	NCNU_User_1774337117035	2026-03-24T07:27:11.981Z	B	Heart	0.3301653322	0.5545843593	0.5300497941	0.4688576488	TRUE	0.6755	0.5608	0.683	0.4838	0.622	0.4522	0.4439	0.4788	
sess_ytlau6ief	NCNU_User_1774337117035	2026-03-24T07:27:12.597Z	B	Victory	0.4386845078	0.638421963	0.4838979713	0.5456756222	TRUE	0.5403	0.2125	0.2998	0.279	0.6127	0.4645	0.432	0.4777	left
sess_ytlau6ief	NCNU_User_1774337117035	2026-03-24T07:27:13.097Z	B	Heart	0.1393397665	0.7828948811	0.5371689912	0.5099837472	TRUE	0.3016	0.4924	0.3016	0.4915	0.549	0.4536	0.3793	0.4625	
sess_ytlau6ief	NCNU_User_1774337117035	2026-03-24T07:27:14.100Z	B	Heart	0.2328684288	0.9123124715	0.4012697071	0.6326976983	TRUE	0.6663	0.5694	0.6684	0.4959	0.6091	0.4527	0.4419	0.4792	
sess_ytlau6ief	NCNU_User_1774337117035	2026-03-24T07:27:15.220Z	B	Victory	0.1627055663	0.8115864232	0.167340903	0.6567416448	TRUE	0.3142	0.4638	0.2989	0.6056	0.5576	0.4647	0.3834	0.4785	left
sess_ytlau6ief	NCNU_User_1774337117035	2026-03-24T07:27:15.981Z	B	Heart	0.137837469	0.516812235	0.6072616641	0.3786426788	TRUE	0.5882	0.5613	0.6062	0.4714	0.6018	0.4573	0.4261	0.4741	
sess_ytlau6ief	NCNU_User_1774337117035	2026-03-24T07:27:17.602Z	B	Victory	0.3421351194	0.8333730167	0.3687428225	0.6398229986	TRUE	0.4488	0.2672	0.2181	0.3148	0.5703	0.4621	0.385	0.491	right
sess_ytlau6ief	NCNU_User_1774337117035	2026-03-24T07:27:18.105Z	B	Heart	0.2539173166	0.9728283629	0.4770572838	0.635640625	TRUE	0.6875	0.5822	0.6809	0.5002	0.6127	0.4554	0.4357	0.4806	
sess_ytlau6ief	NCNU_User_1774337117035	2026-03-24T07:27:20.353Z	B	Victory	0.3197149259	0.3257396043	0.5714864887	0.3602043022	TRUE	0.714	0.6022	0.699	0.4712	0.6406	0.4476	0.4693	0.4733	right
sess_ytlau6ief	NCNU_User_1774337117035	2026-03-24T07:27:20.607Z	B	Heart	0.2281646736	0.4263459205	0.7649447801	0.3098488636	TRUE	0.7155	0.6371	0.7163	0.5575	0.652	0.446	0.4759	0.4737	
sess_ytlau6ief	NCNU_User_1774337117035	2026-03-24T07:27:22.085Z	B	Victory	0.4918150281	0.3417447967	0.4069892477	0.467205439	TRUE	0.5335	0.2528	0.3295	0.4777	0.5687	0.4409	0.3888	0.4837	left
sess_ytlau6ief	NCNU_User_1774337117035	2026-03-24T07:27:22.457Z	B	Heart	0.1670180304	0.4838722634	0.4748780826	0.4190960841	TRUE	0.6854	0.4582	0.6804	0.4507	0.6174	0.4403	0.4434	0.4758	
sess_ytlau6ief	NCNU_User_1774337117035	2026-03-24T07:27:24.727Z	B	Heart	0.2477777873	0.7660718899	0.29149369	0.6163504113	TRUE	0.7049	0.6091	0.7244	0.5212	0.638	0.4406	0.4625	0.4797	
sess_ytlau6ief	NCNU_User_1774337117035	2026-03-24T07:27:25.846Z	B	Heart	0.2617977167	0.9087227909	0.1435762737	0.7286868497	TRUE	0.3025	0.5194	0.2774	0.6178	0.5542	0.448	0.3771	0.4595	
sess_ytlau6ief	NCNU_User_1774337117035	2026-03-24T07:27:26.726Z	B	Victory	0.2478750407	0.6092036231	0.2989280981	0.5510253751	TRUE	0.7041	0.5753	0.7099	0.5033	0.6359	0.4414	0.4596	0.4819	right
sess_ytlau6ief	NCNU_User_1774337117035	2026-03-24T07:27:27.345Z	B	Victory	0.316002463	0.836431774	0.08276032728	0.7346072108	TRUE	0.4437	0.3419	0.282	0.39	0.6038	0.4565	0.4143	0.4821	left
sess_ytlau6ief	NCNU_User_1774337117035	2026-03-24T07:27:28.848Z	B	Heart	0.1035300912	0.6171772544	0.5521271918	0.4295089074	TRUE	0.685	0.4672	0.6892	0.4683	0.63	0.4496	0.4567	0.4788	
sess_ytlau6ief	NCNU_User_1774337117035	2026-03-24T07:27:29.598Z	B	Victory	0.2601055886	0.6380413268	0.3426584383	0.5503124744	TRUE	0.4881	0.4711	0.2553	0.3376	0.5901	0.4608	0.3927	0.479	right
sess_ytlau6ief	NCNU_User_1774337117035	2026-03-24T07:27:31.230Z	B	Heart	0.1724353994	0.4904609665	0.4693374657	0.4250251234	TRUE	0.6748	0.4684	0.7056	0.5034	0.6302	0.4498	0.4526	0.4817	
sess_ytlau6ief	NCNU_User_1774337117035	2026-03-24T07:27:32.800Z	B	Victory	0.2008498697	0.6642246754	0.2115298785	0.5918668801	TRUE	0.2976	0.4201	0.2134	0.3909	0.5447	0.4309	0.368	0.4845	left
sess_ytlau6ief	NCNU_User_1774337117035	2026-03-24T07:27:33.433Z	B	Heart	0.1867734065	0.9503437666	0.5156675261	0.5963472241	TRUE	0.6978	0.5793	0.6859	0.4871	0.6108	0.4432	0.4324	0.4837	
sess_ytlau6ief	NCNU_User_1774337117035	2026-03-24T07:27:34.802Z	B	Victory	0.250542548	0.6361157332	0.6561393784	0.4374331479	TRUE	0.2813	0.5226	0.3109	0.6468	0.5432	0.436	0.3834	0.4626	left
sess_ytlau6ief	NCNU_User_1774337117035	2026-03-24T07:27:35.805Z	B	Victory	0.1208815866	0.428592066	0.4854298534	0.3817567744	TRUE	0.6791	0.4467	0.6824	0.4508	0.6238	0.4485	0.4514	0.4829	right
sess_ytlau6ief	NCNU_User_1774337117035	2026-03-24T07:27:37.190Z	B	Victory	0.1582763021	0.8675996218	0.1793503455	0.6738363033	TRUE	0.328	0.4581	0.3342	0.4736	0.5397	0.4445	0.3657	0.4649	left
sess_ytlau6ief	NCNU_User_1774337117035	2026-03-24T07:27:37.931Z	B	Heart	0.1195128292	0.7946064605	0.372422935	0.5673727643	TRUE	0.6777	0.4655	0.6717	0.4613	0.6122	0.4513	0.4409	0.473	
sess_ytlau6ief	NCNU_User_1774337117035	2026-03-24T07:27:39.426Z	B	Heart	0.06266696528	0.9641460175	0	0.7513251483	TRUE	0.2473	0.5382	0.2601	0.6301	0.5415	0.4328	0.3826	0.4746	
sess_ytlau6ief	NCNU_User_1774337117035	2026-03-24T07:27:40.305Z	B	Heart	0.1027313013	0.8514164878	0.2430742714	0.6311734254	TRUE	0.688	0.5833	0.695	0.5049	0.6304	0.4475	0.4582	0.4804	
sess_ytlau6ief	NCNU_User_1774337117035	2026-03-24T07:27:40.925Z	B	Dance_Continuous	0.3546683072	1	0	0.8386670768	TRUE	0.5862	0.3488	0.3797	0.5432	0.6261	0.4636	0.4332	0.4791	30s_Interval_AutoLog
sess_ytlau6ief	NCNU_User_1774337117035	2026-03-24T07:27:41.427Z	B	Heart	0.1482671604	0.9754904532	0.2078829298	0.704503946	TRUE	0.2837	0.5034	0.2882	0.4966	0.5606	0.4416	0.388	0.472	
sess_ytlau6ief	NCNU_User_1774337117035	2026-03-24T07:27:42.678Z	B	Heart	0.1722707823	0.9974630356	0.2893017297	0.6907973044	TRUE	0.7084	0.6189	0.718	0.5369	0.6362	0.4441	0.4627	0.4828	
sess_ytlau6ief	NCNU_User_1774337117035	2026-03-24T07:27:44.931Z	B	Heart	0.1122951018	0.5265766353	0.2789596268	0.4910685602	TRUE	0.6967	0.5863	0.7046	0.5078	0.6351	0.4414	0.4547	0.4863	
sess_ytlau6ief	NCNU_User_1774337117035	2026-03-24T07:27:45.546Z	B	Victory	0.2498912894	0.9331993951	0.03481304518	0.7735680146	TRUE	0.4002	0.3112	0.2376	0.3648	0.5799	0.4558	0.3855	0.4592	left
sess_ytlau6ief	NCNU_User_1774337117035	2026-03-24T07:27:47.045Z	B	Heart	0.0979869759	0.91508402	0.1314508531	0.6945225534	TRUE	0.6502	0.6577	0.6617	0.5684	0.6366	0.4469	0.4602	0.4793	
sess_ytlau6ief	NCNU_User_1774337117035	2026-03-24T07:27:47.547Z	B	Victory	0.291914566	1	0	0.8229786415	TRUE	0.512	0.3809	0.3237	0.5804	0.6092	0.4567	0.4173	0.4891	left
sess_ytlau6ief	NCNU_User_1774337117035	2026-03-24T07:27:48.184Z	B	Heart	0.06994280726	0.793062665	0.2685783213	0.5907083554	TRUE	0.2695	0.5368	0.2701	0.5348	0.5377	0.4451	0.3743	0.4707	
sess_ytlau6ief	NCNU_User_1774337117035	2026-03-24T07:27:49.053Z	B	Heart	0.1172889799	0.5732684942	0.3649728492	0.4808891454	TRUE	0.6737	0.4817	0.6695	0.4829	0.6133	0.4491	0.4378	0.4835	
sess_ytlau6ief	NCNU_User_1774337117035	2026-03-24T07:27:49.435Z	B	Victory	0.02984550916	1	0.04742133586	0.7408639097	TRUE	0.6433	0.6516	0.6626	0.5788	0.6431	0.4553	0.4588	0.4862	right
sess_ytlau6ief	NCNU_User_1774337117035	2026-03-24T07:27:50.817Z	B	Victory	0.5342931875	0.7364029735	0.5552108164	0.5838107005	TRUE	0.5592	0.2562	0.3541	0.4779	0.5757	0.4608	0.3935	0.4853	left
sess_ytlau6ief	NCNU_User_1774337117035	2026-03-24T07:27:51.317Z	B	Heart	0.2353695761	0.9961997883	0.4123240613	0.6630088879	TRUE	0.7041	0.6168	0.7293	0.5203	0.6347	0.445	0.4616	0.4819	
sess_ytlau6ief	NCNU_User_1774337117035	2026-03-24T07:27:52.555Z	B	Victory	0.06970408783	0.8415764651	0.4052198952	0.5622296447	TRUE	0.2919	0.4992	0.2912	0.4973	0.5488	0.4446	0.3792	0.4617	right
sess_ytlau6ief	NCNU_User_1774337117035	2026-03-24T07:27:53.689Z	B	Heart	0.007438506439	0.9905890983	0.1668436804	0.6896999778	TRUE	0.6034	0.5653	0.6538	0.5807	0.6565	0.463	0.4703	0.4865	
sess_ytlau6ief	NCNU_User_1774337117035	2026-03-24T07:27:54.674Z	B	Heart	0.023331027	1	0.213810302	0.6809991511	TRUE	0.2586	0.5378	0.2446	0.5482	0.5451	0.4423	0.3876	0.4711	
sess_ytlau6ief	NCNU_User_1774337117035	2026-03-24T07:27:56.425Z	B	Victory	0.3420134138	0.6591860724	0.08913318663	0.6679811671	TRUE	0.4625	0.5128	0.2722	0.3835	0.5852	0.457	0.3998	0.4859	right
sess_ytlau6ief	NCNU_User_1774337117035	2026-03-24T07:27:56.922Z	B	Heart	0.1672390566	0.8314344967	0.1690286256	0.6652235439	TRUE	0.2882	0.5075	0.2753	0.6157	0.5461	0.4505	0.3901	0.4827	
sess_ytlau6ief	NCNU_User_1774337117035	2026-03-24T07:27:57.791Z	B	Heart	0.1523463464	0.7272435954	0.3806544157	0.5457549793	TRUE	0.6793	0.4248	0.6881	0.4258	0.6355	0.4457	0.4574	0.4835	
sess_ytlau6ief	NCNU_User_1774337117035	2026-03-24T07:27:58.560Z	B	Victory	0.4852460497	0.6536833837	0.9189235727	0.4111616154	TRUE	0.4707	0.5127	0.2757	0.3839	0.5811	0.4597	0.3981	0.4834	right
sess_ytlau6ief	NCNU_User_1774337117035	2026-03-24T07:27:59.058Z	B	Heart	0.09626444605	0.6726979807	0.4079842077	0.5003508311	TRUE	0.2959	0.5026	0.3219	0.5065	0.5476	0.4506	0.3791	0.4774	
sess_ytlau6ief	NCNU_User_1774337117035	2026-03-24T07:27:59.929Z	B	Victory	0.09424900211	0.7806980552	0.2475925017	0.599184097	TRUE	0.6869	0.4337	0.6854	0.4341	0.6398	0.4505	0.4739	0.4756	left
sess_ytlau6ief	NCNU_User_1774337117035	2026-03-24T07:28:00.682Z	B	Victory	0.4130247759	0.9469477639	0.224598592	0.7534257923	TRUE	0.5302	0.4798	0.2647	0.3361	0.5962	0.4632	0.4201	0.4776	right
sess_ytlau6ief	NCNU_User_1774337117035	2026-03-24T07:28:05.683Z	B	Victory	1	0.7125038517	0.7387343733	0.62644451	TRUE	0.8529	0.261	0.3357	0.9891	0.59	0.4511	0.4001	0.5017	left
sess_ytlau6ief	NCNU_User_1774337117035	2026-03-24T07:28:11.019Z	B	Dance_Continuous	1	1	0.3127601297	0.8905339546	TRUE	0.9252	0.7493	0.1987	0.0688	0.5814	0.4489	0.3784	0.4709	30s_Interval_AutoLog
sess_ytlau6ief	NCNU_User_1774337117035	2026-03-24T07:28:21.427Z	B	Victory	1	0.7302982314	0.3736538287	0.7613404525	TRUE	0.8281	0.1703	0.2946	1.0569	0.5255	0.4321	0.3257	0.5405	left
sess_ytlau6ief	NCNU_User_1774337117035	2026-03-24T07:28:24.431Z	B	Gull_Flap	1	0.9201764229	0.2267617144	0.8887039691	TRUE	0.9098	0.419	0.077	0.2624	0.5362	0.4383	0.3229	0.4568	
sess_ytlau6ief	NCNU_User_1774337117035	2026-03-24T07:28:32.173Z	B	Victory	1	0.6309736747	0.5958151529	0.6438541664	TRUE	0.8311	0.226	0.2662	1.0498	0.5014	0.4404	0.2962	0.5366	left
sess_ytlau6ief	NCNU_User_1774337117035	2026-03-24T07:28:41.119Z	B	Dance_Continuous	1	0.9496156937	0.4769973339	0.8128972106	TRUE	0.9657	0.609	0.1068	0.2409	0.5865	0.43	0.3628	0.4472	30s_Interval_AutoLog
sess_ytlau6ief	NCNU_User_1774337117035	2026-03-24T07:28:43.344Z	B	Heart	1	0.7177348677	0.3069582186	0.7796585706	TRUE	0.456	0.0891	0.4253	0.0628	0.5521	0.4196	0.3573	0.4579	
sess_ytlau6ief	NCNU_User_1774337117035	2026-03-24T07:28:46.695Z	B	Heart	0	0.2350440337	0.3387097277	0.3254692088	TRUE	0.7181	0.088	0.7288	0.0822	0.7244	0.4078	0.5377	0.3982	
sess_ytlau6ief	NCNU_User_1774337117035	2026-03-24T07:28:47.583Z	B	Heart	0	0.1627500472	0.6112970015	0.2011460684	TRUE	0.5121	0.0161	0.5373	0.0409	0.6226	0.3972	0.4217	0.4206	
sess_ytlau6ief	NCNU_User_1774337117035	2026-03-24T07:28:49.584Z	B	Heart	0	0.4024960324	0.09810578742	0.4766613874	TRUE	0.7074	-0.0033	0.7081	0.0444	0.7116	0.4033	0.54	0.3989	
sess_ytlau6ief	NCNU_User_1774337117035	2026-03-24T07:28:50.917Z	B	Heart	0	0.2740003628	0.01053940294	0.4559113541	TRUE	0.3543	0.0557	0.3352	0.057	0.5313	0.3592	0.3383	0.4422	
sess_ytlau6ief	NCNU_User_1774337117035	2026-03-24T07:28:51.366Z	B	Heart	0	0.4090601914	0	0.5136240765	TRUE	0.3389	0.0615	0.3127	0.0787	0.5166	0.369	0.3277	0.4561	
sess_ytlau6ief	NCNU_User_1774337117035	2026-03-24T07:28:52.704Z	B	Heart	0	0.3800744431	0.06223221557	0.4802485018	TRUE	0.7367	0.0436	0.721	0.0465	0.7454	0.4117	0.5629	0.3886	
sess_ytlau6ief	NCNU_User_1774337117035	2026-03-24T07:28:54.480Z	B	Heart	0	0.1667173607	0.7573416328	0.1516173728	TRUE	0.4237	0.0383	0.3801	0.0474	0.5507	0.3962	0.3635	0.4514	
sess_ytlau6ief	NCNU_User_1774337117035	2026-03-24T07:28:54.923Z	B	Heart	0	0.1666274265	0.4464950004	0.2603777204	TRUE	0.6165	0.0171	0.6139	0.0483	0.6748	0.4005	0.4945	0.4331	
sess_ytlau6ief	NCNU_User_1774337117035	2026-03-24T07:28:56.149Z	B	Heart	0	0.1825661771	0.3205305008	0.3108407956	TRUE	0.4861	0.0475	0.4596	0.045	0.6045	0.4031	0.4171	0.4268	
sess_ytlau6ief	NCNU_User_1774337117035	2026-03-24T07:28:58.148Z	B	Heart	0	0.3674807813	0.1471253296	0.4454984472	TRUE	0.7862	0.0628	0.7793	0.1026	0.7611	0.4148	0.5894	0.3796	
sess_ytlau6ief	NCNU_User_1774337117035	2026-03-24T07:28:58.983Z	B	Heart	0	0.3936123186	0.2157487669	0.4319328591	TRUE	0.5761	-0.0029	0.5533	0.0331	0.6477	0.3983	0.4535	0.4084	
sess_ytlau6ief	NCNU_User_1774337117035	2026-03-24T07:28:59.440Z	B	Heart	0	0.3013421611	0.3306339429	0.3548149844	TRUE	0.3643	0.0602	0.3455	0.0678	0.5569	0.3651	0.363	0.4409	
sess_ytlau6ief	NCNU_User_1774337117035	2026-03-24T07:29:01.100Z	B	Heart	0	0.3830394034	0.05958604944	0.482360644	TRUE	0.7794	0.0502	0.7674	0.0854	0.7612	0.4122	0.5858	0.3998	
sess_ytlau6ief	NCNU_User_1774337117035	2026-03-24T07:29:02.052Z	B	Heart	0	0.3130877457	0.2812644509	0.3767925405	TRUE	0.568	0.0269	0.5473	0.0344	0.6553	0.39	0.46	0.4105	
sess_ytlau6ief	NCNU_User_1774337117035	2026-03-24T07:29:03.955Z	B	Heart	0	0.3482344385	0	0.4892937754	TRUE	0.7956	0.0921	0.7786	0.1087	0.7775	0.4139	0.6069	0.3839	
sess_ytlau6ief	NCNU_User_1774337117035	2026-03-24T07:29:06.611Z	B	Victory	0	0.2934942943	0.04458372636	0.4517934135	TRUE	0.7272	0.0437	0.7496	0.075	0.7718	0.3986	0.6019	0.4073	left
sess_ytlau6ief	NCNU_User_1774337117035	2026-03-24T07:29:06.955Z	B	Heart	0	0.3684269603	0	0.4973707841	TRUE	0.8402	0.0744	0.8197	0.1309	0.804	0.4085	0.6356	0.3893	
sess_ytlau6ief	NCNU_User_1774337117035	2026-03-24T07:29:09.504Z	B	Heart	0	0.3539332803	0.005358934551	0.489697685	TRUE	0.8111	0.0894	0.757	0.0913	0.7649	0.4101	0.6016	0.4145	
sess_ytlau6ief	NCNU_User_1774337117035	2026-03-24T07:29:10.690Z	B	Heart	0	0.3014553367	0.09574942613	0.4370698355	TRUE	0.6143	0.0246	0.6081	0.0434	0.692	0.4043	0.503	0.4196	
sess_ytlau6ief	NCNU_User_1774337117035	2026-03-24T07:29:11.171Z	B	Dance_Continuous	0	0.2232048064	0.3168880504	0.3283711049	TRUE	0.4279	0.0784	0.3902	0.0579	0.6174	0.3827	0.4218	0.4381	30s_Interval_AutoLog
sess_ytlau6ief	NCNU_User_1774337117035	2026-03-24T07:29:12.619Z	B	Heart	0	0.2005700945	0.5860560642	0.2251084153	TRUE	0.7822	0.0571	0.7743	0.1027	0.7819	0.4098	0.6071	0.4137	
sess_ytlau6ief	NCNU_User_1774337117035	2026-03-24T07:29:15.392Z	B	Heart	0	0.09427066058	0.8411083174	0.09332035313	TRUE	0.716	0.0521	0.7007	0.0646	0.7337	0.4127	0.563	0.4288	
sess_ytlau6ief	NCNU_User_1774337117035	2026-03-24T07:29:15.953Z	B	Gull_Flap	0.9813454718	0.6656229198	0.2842414056	0.7621010439	TRUE	0.99	0.0603	0.3955	0.1137	0.7791	0.4234	0.5992	0.4499	
sess_ytlau6ief	NCNU_User_1774337117035	2026-03-24T07:29:17.507Z	B	Gull_Flap	1	0.7521140856	0.3405606123	0.7816494199	TRUE	0.8453	-0.0149	0.1657	0.1825	0.6078	0.4102	0.4004	0.4499	
sess_ytlau6ief	NCNU_User_1774337117035	2026-03-24T07:29:19.100Z	B	Gull_Flap	1	0.8551505676	1	0.592060227	TRUE	0.8873	-0.0159	0.2603	0.1102	0.6651	0.4055	0.4739	0.4324	
sess_ytlau6ief	NCNU_User_1774337117035	2026-03-24T07:29:20.860Z	B	Gull_Flap	1	0.7906980523	0.3455452011	0.7953384005	TRUE	0.9643	0.1672	0.3222	0.1911	0.7378	0.3998	0.5427	0.4468	
sess_ytlau6ief	NCNU_User_1774337117035	2026-03-24T07:29:22.246Z	B	Gull_Flap	1	0.886492346	0.6735813681	0.7188434596	TRUE	0.8431	0.1373	0.1659	0.2071	0.6078	0.4003	0.4141	0.443	
sess_ytlau6ief	NCNU_User_1774337117035	2026-03-24T07:29:23.638Z	B	Gull_Flap	1	1	0.282366096	0.9011718664	TRUE	1.0104	0.2586	0.2065	0.2283	0.7211	0.4259	0.5286	0.4363	
sess_5j2vx191x	NCNU_User_1774337368691	2026-03-24T07:29:30.244Z	B	Heart	0.5	0.5	0.5	0.5	FALSE	0.8889	0.7756	0.8895	0.777	0.9443	0.6287	0.9032	0.6172	
sess_5j2vx191x	NCNU_User_1774337368691	2026-03-24T07:29:37.543Z	B	Victory	0.5	0.5	0.5	0.5	FALSE	0.8888	0.7749	0.89	0.7762	0.9481	0.6262	0.9042	0.6125	left
sess_5j2vx191x	NCNU_User_1774337368691	2026-03-24T07:29:39.995Z	B	Victory	0.5	0.5	0.5	0.5	FALSE	0.9513	0.8272	0.8881	0.776	0.969	0.647	0.9305	0.6308	right
sess_5j2vx191x	NCNU_User_1774337368691	2026-03-24T07:29:46.149Z	B	Baseline_End	0.721543116	1	0.07577855792	0.9038632837	TRUE	0.676	0.7638	0.5002	0.9104	0.6424	0.5253	0.4699	0.5329	baseline calibrated
sess_5j2vx191x	NCNU_User_1774337368691	2026-03-24T07:30:27.089Z	B	Dance_Continuous	0.4705700837	0.9652981718	0.208143685	0.7809114999	TRUE	0.4703	1.0034	0.3213	1.036	0.5042	0.524	0.3027	0.5721	30s_Interval_AutoLog
sess_d0fwwwug6	NCNU_User_1774337441334	2026-03-24T07:30:49.274Z	B	Victory	0.5	0.5	0.5	0.5	FALSE	0.6269	0.55	0.5955	0.5424	0.676	0.5367	0.5149	0.5354	right
sess_d0fwwwug6	NCNU_User_1774337441334	2026-03-24T07:30:49.498Z	B	Heart	0.5	0.5	0.5	0.5	FALSE	0.5855	0.5114	0.5858	0.5123	0.6576	0.5347	0.4954	0.53	
sess_d0fwwwug6	NCNU_User_1774337441334	2026-03-24T07:30:52.211Z	B	Heart	0.5	0.5	0.5	0.5	FALSE	0.6489	0.8352	0.5953	0.8453	0.6756	0.5338	0.5135	0.546	
sess_d0fwwwug6	NCNU_User_1774337441334	2026-03-24T07:30:57.361Z	B	Baseline_End	0.2121153085	0.9823542083	0.08482339669	0.7662823216	TRUE	0.6982	0.8544	0.5437	0.8118	0.6479	0.5384	0.4888	0.5526	baseline calibrated
sess_d0fwwwug6	NCNU_User_1774337441334	2026-03-24T07:30:59.350Z	B	Heart	0.1367512173	1	0.00567848312	0.7822003352	TRUE	0.5208	1.0226	0.4716	1.0217	0.6162	0.5572	0.453	0.5684	
sess_d0fwwwug6	NCNU_User_1774337441334	2026-03-24T07:31:03.302Z	B	Heart	0.1185826469	1	0	0.7796456617	TRUE	0.5814	0.7165	0.5784	0.7587	0.6024	0.5334	0.4397	0.5371	
sess_d0fwwwug6	NCNU_User_1774337441334	2026-03-24T07:31:04.501Z	B	Heart	0.08782737765	0.8629016514	0.1573842488	0.6620330179	TRUE	0.5456	0.7712	0.4941	0.7803	0.5771	0.5205	0.4177	0.5592	
sess_d0fwwwug6	NCNU_User_1774337441334	2026-03-24T07:31:05.280Z	B	Heart	0.1180937239	0.6884081527	0.3838809831	0.520528348	TRUE	0.4654	0.917	0.4307	0.8519	0.6062	0.5296	0.4492	0.5636	
sess_d0fwwwug6	NCNU_User_1774337441334	2026-03-24T07:31:06.051Z	B	Heart	0.06949784426	0.8403542103	0.3216385494	0.5909426529	TRUE	0.6179	0.8683	0.5738	0.8679	0.6016	0.5669	0.4502	0.5734	
sess_d0fwwwug6	NCNU_User_1774337441334	2026-03-24T07:31:06.954Z	B	Heart	0.1372935854	0.7883929009	0	0.6996805567	TRUE	0.7296	0.8474	0.704	0.7796	0.6966	0.5489	0.5368	0.547	
sess_d0fwwwug6	NCNU_User_1774337441334	2026-03-24T07:31:10.712Z	B	Victory	0.2234960483	1	0	0.8058740121	TRUE	0.3663	0.7323	0.3894	0.7265	0.5423	0.499	0.4008	0.557	left
sess_d0fwwwug6	NCNU_User_1774337441334	2026-03-24T07:31:11.348Z	B	Heart	0.2386464525	1	0.02365024941	0.8013840258	TRUE	0.401	0.7118	0.3558	0.7516	0.5533	0.5216	0.4047	0.5566	
sess_d0fwwwug6	NCNU_User_1774337441334	2026-03-24T07:31:14.016Z	B	Heart	0.1355020366	1	0	0.7838755092	TRUE	0.8619	0.5913	0.8302	0.5897	0.7374	0.5468	0.6285	0.5002	
sess_d0fwwwug6	NCNU_User_1774337441334	2026-03-24T07:31:25.354Z	B	Victory	1	0.7746440241	0	0.9098576096	TRUE	0.8313	0.5322	0.4352	0.4227	0.6632	0.5401	0.5039	0.5352	right
sess_d0fwwwug6	NCNU_User_1774337441334	2026-03-24T07:31:26.534Z	B	Victory	1	1	0.02846925189	0.9900357618	TRUE	0.7202	0.4169	0.3247	0.6298	0.6258	0.5304	0.465	0.5469	left
sess_d0fwwwug6	NCNU_User_1774337441334	2026-03-24T07:31:27.387Z	B	Dance_Continuous	1	1	0	1	TRUE	0.6831	0.5315	0.3691	0.5151	0.6252	0.5365	0.461	0.5429	30s_Interval_AutoLog
sess_d0fwwwug6	NCNU_User_1774337441334	2026-03-24T07:31:28.542Z	B	Victory	0.7764896456	0.7790243497	0.05476547135	0.8365642363	TRUE	0.3327	0.6877	0.2479	0.6324	0.5313	0.5107	0.3823	0.5529	left
sess_d0fwwwug6	NCNU_User_1774337441334	2026-03-24T07:31:33.413Z	B	Victory	0.5461985751	0.8736423037	0.3154655853	0.7255936104	TRUE	0.9245	0.4548	0.7547	0.5011	0.679	0.555	0.555	0.5438	left
sess_d0fwwwug6	NCNU_User_1774337441334	2026-03-24T07:31:46.870Z	B	Victory	1	0.8118132327	0.5045110626	0.7481464212	TRUE	0.7965	0.3271	0.2901	0.5998	0.5935	0.5403	0.4286	0.5493	left
sess_d0fwwwug6	NCNU_User_1774337441334	2026-03-24T07:31:52.523Z	B	Victory	0.862038519	0.3521704276	0.4401155206	0.5523373686	TRUE	0.8341	0.2857	0.6571	0.1877	0.7096	0.5728	0.5666	0.5275	left
sess_d0fwwwug6	NCNU_User_1774337441334	2026-03-24T07:31:57.429Z	B	Dance_Continuous	0.6415442887	0.8378587056	0	0.8455295544	TRUE	0.4079	0.1501	0.2665	0.2455	0.5117	0.5011	0.367	0.5594	30s_Interval_AutoLog
sess_d0fwwwug6	NCNU_User_1774337441334	2026-03-24T07:32:13.618Z	B	Heart	0.119354223	1	0	0.7798385557	TRUE	0.5768	0.4429	0.5407	0.4664	0.6197	0.5157	0.4717	0.5242	
sess_d0fwwwug6	NCNU_User_1774337441334	2026-03-24T07:32:14.479Z	B	Heart	0.1688438604	1	0	0.7922109651	TRUE	0.516	0.3988	0.4721	0.4198	0.5607	0.5156	0.4126	0.5247	
sess_d0fwwwug6	NCNU_User_1774337441334	2026-03-24T07:32:21.771Z	B	Victory	0.6723973566	0.9209127041	0	0.8864644208	TRUE	0.5229	0.1831	0.3974	0.1803	0.5725	0.5253	0.4357	0.545	right
sess_d0fwwwug6	NCNU_User_1774337441334	2026-03-24T07:32:27.477Z	B	Dance_Continuous	0.9283932247	0.4479813865	0.5389880744	0.5726450347	TRUE	0.3583	0.2365	0.2469	0.3156	0.5102	0.502	0.3824	0.5547	30s_Interval_AutoLog
sess_d0fwwwug6	NCNU_User_1774337441334	2026-03-24T07:32:31.546Z	B	Victory	0.4418974108	0.8530503804	0	0.8016945049	TRUE	0.7655	0.4138	0.6593	0.3402	0.6137	0.5224	0.4747	0.4979	right
sess_d0fwwwug6	NCNU_User_1774337441334	2026-03-24T07:32:38.562Z	B	Heart	0.177703088	0.7433207776	0.0820211947	0.6630466649	TRUE	0.5599	0.4564	0.5437	0.4558	0.6331	0.5172	0.4953	0.5244	
sess_d0fwwwug6	NCNU_User_1774337441334	2026-03-24T07:32:55.008Z	B	Gull_Flap	1	0.8706398619	0.3690114315	0.8191019437	TRUE	0.8528	0.3239	0.3643	0.1494	0.6851	0.485	0.5341	0.4763	
sess_d0fwwwug6	NCNU_User_1774337441334	2026-03-24T07:32:56.927Z	B	Victory	1	0.6587454678	0.3493571677	0.7412231784	TRUE	0.7382	0.0373	0.3573	-0.0344	0.5937	0.4708	0.4478	0.47	right
sess_d0fwwwug6	NCNU_User_1774337441334	2026-03-24T07:32:57.142Z	B	Gull_Flap	1	0.7522952283	0.3631792551	0.773805352	TRUE	0.8369	0.1323	0.2786	0.1018	0.6222	0.4798	0.4611	0.4846	
sess_d0fwwwug6	NCNU_User_1774337441334	2026-03-24T07:32:57.575Z	B	Dance_Continuous	1	0.9448567428	0.3238139818	0.8646078035	TRUE	0.9058	0.2924	0.2713	0.4026	0.6634	0.5129	0.4925	0.5062	30s_Interval_AutoLog
sess_d0fwwwug6	NCNU_User_1774337441334	2026-03-24T07:32:59.626Z	B	Gull_Flap	1	0.7248399522	0.4809658839	0.7215979215	TRUE	0.8368	0.346	0.2168	0.4741	0.5704	0.5008	0.4039	0.5144	
sess_d0fwwwug6	NCNU_User_1774337441334	2026-03-24T07:33:06.540Z	B	Victory	0.7286988057	0.7479244645	0.02135324894	0.8238708501	TRUE	0.7575	0.5685	0.5841	0.5494	0.6457	0.5503	0.4991	0.5229	left
sess_d0fwwwug6	NCNU_User_1774337441334	2026-03-24T07:33:10.043Z	B	Fireworks_Explosion	0.7734463171	0.386795393	0.2526597199	0.6096488345	TRUE	0.6727	0.7267	0.4765	0.5907	0.6486	0.5307	0.4868	0.5216	left
sess_d0fwwwug6	NCNU_User_1774337441334	2026-03-24T07:33:11.372Z	B	Fireworks_Explosion	0.527293632	0.8334574192	0.3041525418	0.708752986	TRUE	0.56	0.4501	0.4277	0.357	0.5697	0.4962	0.3984	0.4996	left
sess_d0fwwwug6	NCNU_User_1774337441334	2026-03-24T07:33:19.147Z	B	Victory	0.7795111002	1	0.06058704263	0.9236723101	TRUE	0.8149	0.1199	0.6057	-0.0091	0.6751	0.5366	0.5414	0.5192	left
sess_d0fwwwug6	NCNU_User_1774337441334	2026-03-24T07:33:27.641Z	B	Dance_Continuous	0.7958659929	0.8273484004	0.4452680631	0.7240620363	TRUE	0.7332	0.269	0.4962	0.2788	0.6592	0.5301	0.5094	0.5334	30s_Interval_AutoLog
sess_d0fwwwug6	NCNU_User_1774337441334	2026-03-24T07:33:30.130Z	B	Victory	0.8321129566	0.8897128346	0.2922391668	0.8116296646	TRUE	0.4861	0.132	0.2639	0.2664	0.5181	0.5115	0.3704	0.5661	right
sess_d0fwwwug6	NCNU_User_1774337441334	2026-03-24T07:33:32.359Z	B	Victory	1	0.7170391181	0.4118437952	0.7426703189	TRUE	0.5886	0.1134	0.2634	0.1084	0.5053	0.5195	0.3569	0.5517	right
sess_d0fwwwug6	NCNU_User_1774337441334	2026-03-24T07:33:32.684Z	B	Victory	1	0.5783789529	0.5995688543	0.6215024821	TRUE	0.636	0.1847	0.2967	0.2101	0.5269	0.531	0.3767	0.5666	left
sess_d0fwwwug6	NCNU_User_1774337441334	2026-03-24T07:33:34.420Z	B	Victory	0.8003451634	0.7013666718	0.2812844388	0.732183406	TRUE	0.4921	0.0991	0.3266	0.166	0.5449	0.4925	0.3969	0.5369	right
sess_d0fwwwug6	NCNU_User_1774337441334	2026-03-24T07:33:34.741Z	B	Victory	0.7852422567	0.6454448846	0.07567039112	0.7780038811	TRUE	0.4885	0.1001	0.2889	0.1581	0.5433	0.4996	0.3974	0.5389	left
sess_d0fwwwug6	NCNU_User_1774337441334	2026-03-24T07:33:36.469Z	B	Victory	0.9491131672	1	0	0.9872782918	TRUE	0.6245	0.0762	0.3135	0.1657	0.6129	0.5071	0.4697	0.5515	right
sess_d0fwwwug6	NCNU_User_1774337441334	2026-03-24T07:33:36.799Z	B	Victory	0.9007327474	1	0.1299836949	0.9296888936	TRUE	0.5128	0.1513	0.3941	0.3702	0.6375	0.4903	0.49	0.5456	left
sess_d0fwwwug6	NCNU_User_1774337441334	2026-03-24T07:33:38.750Z	B	Victory	0.9070534939	0.9380515955	0.3255015934	0.838058454	TRUE	0.4564	0.1071	0.2952	0.2416	0.5209	0.4918	0.3632	0.5521	right
sess_d0fwwwug6	NCNU_User_1774337441334	2026-03-24T07:33:40.808Z	B	Victory	0.7442483169	0.9114863708	0.154102268	0.8467208337	TRUE	0.4779	0.1438	0.3313	0.2006	0.5397	0.4977	0.3823	0.5405	right
sess_d0fwwwug6	NCNU_User_1774337441334	2026-03-24T07:33:44.178Z	B	Victory	0.7897705151	0.5675090573	0.8304009292	0.4838059265	TRUE	0.5291	0.1854	0.3874	0.2825	0.5526	0.5155	0.3902	0.538	left
sess_d0fwwwug6	NCNU_User_1774337441334	2026-03-24T07:33:57.660Z	B	Dance_Continuous	0.6505401327	0.8438930856	0.1393130687	0.8014326934	TRUE	0.6568	0.4917	0.4502	0.4183	0.5839	0.5197	0.4211	0.5663	30s_Interval_AutoLog
sess_d0fwwwug6	NCNU_User_1774337441334	2026-03-24T07:33:58.865Z	B	Victory	0.7749579733	0.8495755263	0.2047076636	0.8119220216	TRUE	0.6222	0.2905	0.4371	0.3675	0.5883	0.4953	0.4282	0.5225	right
sess_d0fwwwug6	NCNU_User_1774337441334	2026-03-24T07:34:01.579Z	B	Victory	0.8643420272	0.6922697694	0.6999642005	0.5980059444	TRUE	0.5429	0.4618	0.2945	0.1654	0.5941	0.5411	0.4322	0.5101	right
sess_d0fwwwug6	NCNU_User_1774337441334	2026-03-24T07:34:05.048Z	B	Victory	0.6213610991	0.7653643543	0.511306778	0.6325286442	TRUE	0.5495	0.2054	0.4118	0.3098	0.5787	0.5164	0.4258	0.5303	left
sess_d0fwwwug6	NCNU_User_1774337441334	2026-03-24T07:34:05.594Z	B	Heart	0.3142963543	0.7592065013	0.08692414989	0.7018332367	TRUE	0.5373	0.0567	0.5228	0.0904	0.6161	0.482	0.4747	0.5094	
sess_d0fwwwug6	NCNU_User_1774337441334	2026-03-24T07:34:07.107Z	B	Heart	0.06081831593	0.5079641114	0	0.5683902235	TRUE	0.5118	0.1883	0.5003	0.2036	0.6008	0.4708	0.4539	0.5015	
sess_d0fwwwug6	NCNU_User_1774337441334	2026-03-24T07:34:08.371Z	B	Heart	0.2142488532	0.4319082306	0.3364393107	0.4585717468	TRUE	0.5442	0.5027	0.4934	0.5088	0.6	0.4911	0.4465	0.5064	
sess_jdh0kc3d0	anonymous	2026-03-24T07:35:10.018Z	B	Baseline_End	0.3834395595	0.3545404966	0.641061417	0.3633045926	TRUE	0.7919	0.9699	0.5876	0.9906	0.7858	0.3248	0.606	0.3143	baseline calibrated
sess_jdh0kc3d0	anonymous	2026-03-24T07:35:20.711Z	B	Dance_Continuous	0.1643729985	0.4524645863	0.3756413112	0.4406046252	TRUE	0.7889	0.968	0.5869	1.0029	0.7847	0.3193	0.5984	0.3252	30s_Interval_AutoLog
sess_mci8c8o0z	NCNU_User_1774337721160	2026-03-24T07:35:36.978Z	B	Gull_Flap	0.5	0.5	0.5	0.5	FALSE	1.0283	0.1361	0.2704	0.1985	0.7585	0.2721	0.5532	0.2915	
sess_mci8c8o0z	NCNU_User_1774337721160	2026-03-24T07:35:39.228Z	B	Victory	0.2661291269	1	0	0.8165322817	TRUE	0.9656	0.0354	0.6374	0.0727	0.7861	0.3321	0.6061	0.3447	left
sess_mci8c8o0z	NCNU_User_1774337721160	2026-03-24T07:35:42.650Z	B	Gull_Flap	0.2983744836	0.955568292	0	0.8068209377	TRUE	1.0479	0.0903	0.2814	0.1238	0.7854	0.2827	0.5755	0.2898	
sess_mci8c8o0z	NCNU_User_1774337721160	2026-03-24T07:35:43.616Z	B	Victory	0.4596628856	1	0	0.8649157214	TRUE	0.5728	0.1926	0.919	0.1214	0.7686	0.3515	0.6118	0.3308	left
sess_mci8c8o0z	NCNU_User_1774337721160	2026-03-24T07:35:44.048Z	B	Gull_Flap	0.520863811	1	0	0.8802159528	TRUE	1.0552	0.2985	0.3013	0.2351	0.7947	0.3069	0.5882	0.2836	
sess_mci8c8o0z	NCNU_User_1774337721160	2026-03-24T07:35:48.995Z	B	Gull_Flap	0.3070885192	1	0	0.8267721298	TRUE	1.0711	0.2294	0.3039	0.1405	0.7896	0.2964	0.5881	0.2715	
sess_mci8c8o0z	NCNU_User_1774337721160	2026-03-24T07:35:50.815Z	B	Dance_Continuous	0.3340988962	1	0	0.8335247241	TRUE	0.7127	0.1285	0.7647	0.0714	0.783	0.3591	0.6193	0.3358	30s_Interval_AutoLog
sess_mci8c8o0z	NCNU_User_1774337721160	2026-03-24T07:35:51.135Z	B	Gull_Flap	0.421492681	1	0	0.8553731703	TRUE	1.0436	0.2988	0.2851	0.2399	0.7939	0.3001	0.5864	0.2914	
sess_mci8c8o0z	NCNU_User_1774337721160	2026-03-24T07:35:53.412Z	B	Gull_Flap	0.4178671847	1	0	0.8544667962	TRUE	1.0816	0.1274	0.3527	0.0043	0.8072	0.2915	0.601	0.2822	
sess_mci8c8o0z	NCNU_User_1774337721160	2026-03-24T07:35:53.844Z	B	Victory	0.3628981868	1	0	0.8407245467	TRUE	0.652	0.0914	0.8925	0.0868	0.7818	0.3081	0.6249	0.3048	right
sess_mci8c8o0z	NCNU_User_1774337721160	2026-03-24T07:35:56.567Z	B	Gull_Flap	0.5316861201	0.8488351942	0.5329347728	0.6359284372	TRUE	1.0286	0.0964	0.3661	0.1436	0.8023	0.2977	0.602	0.2834	
sess_mci8c8o0z	NCNU_User_1774337721160	2026-03-24T07:35:57.962Z	B	Victory	0.4714376154	1	0.7038353676	0.6215170252	TRUE	0.5184	0.3796	0.8006	0.2876	0.7726	0.3124	0.6145	0.2773	left
sess_mci8c8o0z	NCNU_User_1774337721160	2026-03-24T07:35:58.396Z	B	Gull_Flap	0.5339662716	1	0.6626584911	0.651561096	TRUE	1.0648	0.2079	0.2924	0.2247	0.7967	0.2875	0.5896	0.2814	
sess_mci8c8o0z	NCNU_User_1774337721160	2026-03-24T07:35:58.718Z	B	Victory	0.467461331	1	0.5716330099	0.6667937793	TRUE	0.8267	0.5022	0.9038	0.4027	0.7596	0.2733	0.5967	0.3114	right
sess_mci8c8o0z	NCNU_User_1774337721160	2026-03-24T07:36:01.615Z	B	Victory	0.4912396998	1	1	0.5228099249	TRUE	0.6347	0.4371	0.8533	0.3498	0.7759	0.3189	0.6112	0.282	right
sess_mci8c8o0z	NCNU_User_1774337721160	2026-03-24T07:36:03.868Z	B	Victory	0.1332358292	0.9700441905	0	0.7713266335	TRUE	0.8564	0.9052	0.6825	1.0027	0.7907	0.3292	0.6085	0.3211	left
sess_mci8c8o0z	NCNU_User_1774337721160	2026-03-24T07:36:05.353Z	B	Victory	0.2106692072	1	0	0.8026673018	TRUE	0.6115	0.0332	0.8778	0.0581	0.7606	0.3028	0.5987	0.3059	right
sess_mci8c8o0z	NCNU_User_1774337721160	2026-03-24T07:36:05.670Z	B	Gull_Flap	0.267859428	1	0	0.816964857	TRUE	1.0273	0.1774	0.3448	0.1043	0.7895	0.3008	0.5837	0.2905	
sess_mci8c8o0z	NCNU_User_1774337721160	2026-03-24T07:36:07.817Z	B	Gull_Flap	0.4550649046	1	0.5490697257	0.6715918221	TRUE	1.0563	0.2901	0.3267	0.2181	0.7937	0.2995	0.5903	0.2878	
sess_mci8c8o0z	NCNU_User_1774337721160	2026-03-24T07:36:10.346Z	B	Victory	0.2780552942	0.7798449015	0.4807426639	0.5631918518	TRUE	0.8888	0.0136	0.599	0.0297	0.7864	0.3034	0.6055	0.2962	left
sess_mci8c8o0z	NCNU_User_1774337721160	2026-03-24T07:36:12.519Z	B	Victory	0.2873882152	0.788272867	0	0.7371562006	TRUE	0.8951	-0.0352	0.5811	0.0317	0.785	0.3386	0.5933	0.3318	left
sess_mci8c8o0z	NCNU_User_1774337721160	2026-03-24T07:36:15.381Z	B	Victory	0.2085295622	0.9278705456	0.1829563467	0.7092458875	TRUE	0.7453	0.0634	0.6095	0.0111	0.6715	0.3441	0.535	0.326	left
sess_mci8c8o0z	NCNU_User_1774337721160	2026-03-24T07:36:18.556Z	B	Victory	0.1557453319	1	0	0.788936333	TRUE	0.7008	0.8983	0.5933	0.9428	0.6837	0.3666	0.5374	0.3807	right
sess_mci8c8o0z	NCNU_User_1774337721160	2026-03-24T07:36:18.778Z	B	Victory	0.1297204762	0.9966907694	0	0.7811064268	TRUE	0.6809	0.921	0.5892	0.961	0.6843	0.3711	0.54	0.3829	left
sess_mci8c8o0z	NCNU_User_1774337721160	2026-03-24T07:36:20.880Z	B	Dance_Continuous	0.2600622844	0.6171437615	0.1615329714	0.6053365357	TRUE	0.7308	-0.0089	0.4934	-0.0549	0.6747	0.3143	0.5384	0.3081	30s_Interval_AutoLog
sess_mci8c8o0z	NCNU_User_1774337721160	2026-03-24T07:36:22.166Z	B	Gull_Flap	0.4583553611	0.6260429944	0.04930977295	0.6977476175	TRUE	0.9353	0.1012	0.3672	0.0669	0.6809	0.3174	0.5326	0.3116	
sess_mci8c8o0z	NCNU_User_1774337721160	2026-03-24T07:36:22.720Z	B	Victory	0.6986914613	0.9561497551	0	0.9071327674	TRUE	0.9311	0.3639	0.225	0.293	0.6874	0.3172	0.5249	0.3069	right
sess_mci8c8o0z	NCNU_User_1774337721160	2026-03-24T07:36:23.385Z	B	Victory	0.7688672677	0.6934205506	0	0.8195850372	TRUE	0.9066	0.3671	0.53	0.3004	0.6793	0.3336	0.5338	0.3146	left
sess_mci8c8o0z	NCNU_User_1774337721160	2026-03-24T07:36:25.497Z	B	Victory	0.6300267636	0.8927660982	0	0.8646131302	TRUE	0.9276	0.3228	0.3027	0.3574	0.6841	0.3254	0.5227	0.3246	left
sess_mci8c8o0z	NCNU_User_1774337721160	2026-03-24T07:36:26.270Z	B	Victory	0.6450312833	0.6268918824	0	0.7620145738	TRUE	0.7858	0.1165	0.5283	0.0497	0.674	0.3369	0.5297	0.3243	right
sess_mci8c8o0z	NCNU_User_1774337721160	2026-03-24T07:36:27.552Z	B	Victory	0.3518917656	1	0	0.8379729414	TRUE	0.8292	0.6797	0.3979	0.5671	0.6815	0.363	0.5292	0.339	left
sess_mci8c8o0z	NCNU_User_1774337721160	2026-03-24T07:36:28.826Z	B	Heart	0.1649290977	1	0	0.7912322744	TRUE	0.5934	0.1949	0.6113	0.1253	0.6746	0.366	0.5431	0.3651	
sess_mci8c8o0z	NCNU_User_1774337721160	2026-03-24T07:36:29.770Z	B	Heart	0.03038815564	1	0	0.7575970389	TRUE	0.6247	0.2215	0.6057	0.2166	0.6752	0.3384	0.5447	0.3226	
sess_mci8c8o0z	NCNU_User_1774337721160	2026-03-24T07:36:32.018Z	B	Gull_Flap	0.4030292795	0.7470775121	0	0.7495883247	TRUE	0.8654	0.0239	0.368	0.0601	0.6808	0.317	0.5335	0.3091	
sess_mci8c8o0z	NCNU_User_1774337721160	2026-03-24T07:36:34.217Z	B	Heart	0.2787068784	0.8811340701	0	0.7721303476	TRUE	0.6136	0.0463	0.6114	0.0562	0.6775	0.3191	0.538	0.3098	
sess_mci8c8o0z	NCNU_User_1774337721160	2026-03-24T07:36:35.345Z	B	Heart	0.05750469866	0.5238982466	0	0.5739354733	TRUE	0.6256	0.0921	0.5936	0.0953	0.681	0.3219	0.5398	0.3108	
sess_mci8c8o0z	NCNU_User_1774337721160	2026-03-24T07:36:36.914Z	B	Gull_Flap	0.3634548894	1	0	0.8408637224	TRUE	0.9334	0.2326	0.2867	0.1598	0.6879	0.3259	0.5297	0.3254	
sess_mci8c8o0z	NCNU_User_1774337721160	2026-03-24T07:36:38.134Z	B	Victory	0.5295326746	0.8188830021	0	0.8099363695	TRUE	0.7574	0.0593	0.5487	0.0009	0.6777	0.3289	0.5353	0.3198	right
sess_mci8c8o0z	NCNU_User_1774337721160	2026-03-24T07:36:43.452Z	B	Victory	0.0827373347	1	0.4127402341	0.6262252517	TRUE	0.709	0.0624	0.602	0.0585	0.6702	0.3291	0.5388	0.3263	left
sess_mci8c8o0z	NCNU_User_1774337721160	2026-03-24T07:36:44.658Z	B	Gull_Flap	0.3866577128	0.7231725339	0	0.7359334417	TRUE	0.8531	0.1623	0.335	0.1252	0.6823	0.3225	0.5302	0.32	
sess_mci8c8o0z	NCNU_User_1774337721160	2026-03-24T07:36:46.325Z	B	Gull_Flap	0.4720777286	0.8895883928	0	0.8238547893	TRUE	0.8754	0.3238	0.2967	0.2914	0.6822	0.326	0.529	0.3168	
sess_mci8c8o0z	NCNU_User_1774337721160	2026-03-24T07:36:47.329Z	B	Gull_Flap	0.4813985358	1	0	0.8703496339	TRUE	0.8699	0.2537	0.3346	0.1934	0.681	0.3249	0.5302	0.3211	
sess_mci8c8o0z	NCNU_User_1774337721160	2026-03-24T07:36:50.913Z	B	Dance_Continuous	0.4313253168	0.9411152354	0.09012610504	0.8027332866	TRUE	0.5302	0.2584	0.7325	0.2013	0.6665	0.3271	0.5422	0.3262	30s_Interval_AutoLog
sess_mci8c8o0z	NCNU_User_1774337721160	2026-03-24T07:36:52.453Z	B	Gull_Flap	0.5336331005	1	0	0.8834082751	TRUE	0.9176	0.2938	0.3506	0.2618	0.6763	0.3384	0.5294	0.3285	
sess_mci8c8o0z	NCNU_User_1774337721160	2026-03-24T07:36:53.920Z	B	Victory	0.33161687	1	0	0.8329042175	TRUE	0.7861	0.1114	0.5504	-0.0235	0.6793	0.3367	0.5401	0.3314	right
sess_mci8c8o0z	NCNU_User_1774337721160	2026-03-24T07:37:08.003Z	B	Heart	0.1006160103	0.5703521084	0.279931684	0.5053187565	TRUE	0.4625	0.5024	0.4829	0.514	0.6159	0.3071	0.4992	0.361	
sess_mci8c8o0z	NCNU_User_1774337721160	2026-03-24T07:37:12.506Z	B	Heart	0.1692376587	1	0	0.7923094147	TRUE	0.4788	0.5063	0.4688	0.5691	0.6229	0.3125	0.512	0.3641	
sess_mci8c8o0z	NCNU_User_1774337721160	2026-03-24T07:37:14.966Z	B	Heart	0.205382932	0.8925762697	0	0.7583762409	TRUE	0.4731	0.5315	0.4659	0.5711	0.6237	0.3256	0.5006	0.3694	
sess_mci8c8o0z	NCNU_User_1774337721160	2026-03-24T07:37:20.964Z	B	Dance_Continuous	0.09967222346	0.3168716543	1	0.1516667176	TRUE	0.659	0.9618	0.5477	0.9776	0.6871	0.4297	0.5321	0.4284	30s_Interval_AutoLog
sess_mci8c8o0z	NCNU_User_1774337721160	2026-03-24T07:37:23.373Z	B	Victory	0.3872856251	0.9392234456	0	0.8225107845	TRUE	0.8527	0.0814	0.5052	0.0961	0.6754	0.3198	0.5382	0.3259	left
sess_mci8c8o0z	NCNU_User_1774337721160	2026-03-24T07:37:24.416Z	B	Gull_Flap	0.5243032667	1	0	0.8810758167	TRUE	0.9379	0.2534	0.3235	0.2194	0.6834	0.3338	0.5261	0.3182	
sess_mci8c8o0z	NCNU_User_1774337721160	2026-03-24T07:37:24.876Z	B	Victory	0.5006192431	1	0	0.8751548108	TRUE	0.5802	0.2807	0.7915	0.4185	0.6703	0.3273	0.5326	0.3282	right
sess_mci8c8o0z	NCNU_User_1774337721160	2026-03-24T07:37:32.223Z	B	Gull_Flap	0.4720011333	1	0	0.8680002833	TRUE	0.9452	0.2709	0.3053	0.2753	0.6789	0.3249	0.5229	0.3158	
sess_mci8c8o0z	NCNU_User_1774337721160	2026-03-24T07:37:34.794Z	B	Victory	0.37642837	0.7398276255	0.6919400406	0.4978591285	TRUE	0.7397	0.1009	0.5791	0.3934	0.6656	0.3157	0.5295	0.33	left
sess_mci8c8o0z	NCNU_User_1774337721160	2026-03-24T07:37:43.921Z	B	Victory	0.2390165643	0.6007782263	0	0.6500654316	TRUE	0.7466	-0.0257	0.5539	-0.1269	0.6755	0.327	0.5348	0.322	right
sess_mci8c8o0z	NCNU_User_1774337721160	2026-03-24T07:37:51.019Z	B	Dance_Continuous	0.2966459849	0.9468297913	0.2835041192	0.703666971	TRUE	0.6932	0.0055	0.5479	0.2261	0.6632	0.3162	0.5273	0.3219	30s_Interval_AutoLog
sess_mci8c8o0z	NCNU_User_1774337721160	2026-03-24T07:37:54.474Z	B	Victory	0.4151567732	0.2401795375	0.6570774565	0.3198838985	TRUE	0.6856	0.0074	0.5569	0.3259	0.6634	0.317	0.5247	0.3367	left
sess_mci8c8o0z	NCNU_User_1774337721160	2026-03-24T07:38:01.482Z	B	Victory	0.3907894077	0.6220365939	0.9629796228	0.3594691215	TRUE	0.6994	0.0618	0.5647	0.3931	0.6685	0.3185	0.5292	0.3324	left
sess_mci8c8o0z	NCNU_User_1774337721160	2026-03-24T07:38:01.703Z	B	Victory	0.371449637	0.4596009689	0.8354282324	0.3343029154	TRUE	0.6425	0.3447	0.5924	-0.0122	0.6676	0.325	0.5317	0.3297	right
sess_mci8c8o0z	NCNU_User_1774337721160	2026-03-24T07:38:08.381Z	B	Victory	0.420804413	0.4084857076	0.8097353755	0.3351880048	TRUE	0.6529	0.3703	0.5777	0.0047	0.6678	0.3281	0.5307	0.3248	right
sess_mci8c8o0z	NCNU_User_1774337721160	2026-03-24T07:38:10.006Z	B	Gull_Flap	0.4157168813	1	0	0.8539292203	TRUE	0.8912	0.069	0.3316	0.1255	0.683	0.3163	0.5279	0.3047	
sess_mci8c8o0z	NCNU_User_1774337721160	2026-03-24T07:38:11.970Z	B	Heart	0.1420776244	1	0.3691546565	0.6563152763	TRUE	0.6603	0.3484	0.659	0.347	0.6791	0.3534	0.5502	0.3201	
sess_mci8c8o0z	NCNU_User_1774337721160	2026-03-24T07:38:13.611Z	B	Heart	0.1568467489	0.7620829476	0	0.6940448663	TRUE	0.583	0.0853	0.5703	0.0967	0.6674	0.2983	0.5309	0.3126	
sess_mci8c8o0z	NCNU_User_1774337721160	2026-03-24T07:38:16.265Z	B	Gull_Flap	0.3930997139	0.7569432146	0	0.7510522143	TRUE	0.8856	0.1003	0.3102	0.0251	0.6809	0.3272	0.5292	0.3122	
sess_mci8c8o0z	NCNU_User_1774337721160	2026-03-24T07:38:18.464Z	B	Victory	0.4150284467	1	0	0.8537571117	TRUE	0.8304	0.0669	0.491	0.0893	0.6781	0.3378	0.5372	0.3219	left
sess_mci8c8o0z	NCNU_User_1774337721160	2026-03-24T07:38:19.450Z	B	Gull_Flap	0.3898825912	1	0	0.8474706478	TRUE	0.8666	0.0685	0.3215	0.0385	0.6797	0.3218	0.5285	0.3097	
sess_mci8c8o0z	NCNU_User_1774337721160	2026-03-24T07:38:21.112Z	B	Dance_Continuous	0.8582176643	0.4805643629	0.3179066975	0.6455128171	TRUE	0.9297	0.3052	0.302	0.3045	0.6809	0.3329	0.5266	0.3126	30s_Interval_AutoLog
sess_mci8c8o0z	NCNU_User_1774337721160	2026-03-24T07:38:22.197Z	B	Heart	0.2535147693	0.6399588379	0.07633515952	0.6426449217	TRUE	0.6586	0.0395	0.6321	0.0638	0.6731	0.3235	0.5332	0.3209	
sess_mci8c8o0z	NCNU_User_1774337721160	2026-03-24T07:38:22.520Z	B	Gull_Flap	0.3531815315	0.740850065	0	0.7346354089	TRUE	0.8473	0.1994	0.3361	0.1847	0.6794	0.3297	0.5314	0.3162	
sess_mci8c8o0z	NCNU_User_1774337721160	2026-03-24T07:38:25.031Z	B	Victory	0.3680327666	1	0	0.8420081916	TRUE	0.6385	0.0614	0.4685	0.1739	0.6734	0.3262	0.5386	0.3279	left
sess_mci8c8o0z	NCNU_User_1774337721160	2026-03-24T07:38:27.081Z	B	Victory	0.267091061	1	0.1708135759	0.7569880137	TRUE	0.6229	0.3115	0.5782	0.0439	0.6678	0.3282	0.5256	0.3317	right
sess_mci8c8o0z	NCNU_User_1774337721160	2026-03-24T07:38:34.815Z	B	Victory	0.2576207841	1	0	0.814405196	TRUE	0.5178	0.3765	0.7376	0.3569	0.6696	0.3415	0.53	0.3276	left
sess_mci8c8o0z	NCNU_User_1774337721160	2026-03-24T07:38:38.895Z	B	Victory	0.2280353103	0.9444793613	0	0.7848005721	TRUE	0.7535	0.1128	0.5642	0.0275	0.6717	0.3309	0.5322	0.3311	left
sess_mci8c8o0z	NCNU_User_1774337721160	2026-03-24T07:38:42.656Z	B	Victory	0.1549430107	0.3156760632	0.5312313	0.3290752229	TRUE	0.7443	0.0578	0.5487	0.032	0.6686	0.3353	0.5309	0.318	left
sess_mci8c8o0z	NCNU_User_1774337721160	2026-03-24T07:38:43.837Z	B	Gull_Flap	0.3831157442	0.9464890145	0.1600984565	0.7683400821	TRUE	0.9125	0.191	0.3389	0.2405	0.6798	0.3339	0.5289	0.3202	
sess_mci8c8o0z	NCNU_User_1774337721160	2026-03-24T07:38:51.208Z	B	Dance_Continuous	0.2044007941	0.3032114414	0.8807937443	0.2141069646	TRUE	0.7151	-0.0128	0.568	-0.1153	0.6728	0.3318	0.5328	0.3394	30s_Interval_AutoLog
sess_mci8c8o0z	NCNU_User_1774337721160	2026-03-24T07:38:53.758Z	B	Victory	0.06539127843	0.6568356489	0.5940943836	0.4211490449	TRUE	0.6425	0.2599	0.6453	0.252	0.6899	0.362	0.5472	0.3446	right
sess_mci8c8o0z	NCNU_User_1774337721160	2026-03-24T07:38:54.412Z	B	Victory	0.03087335795	1	0	0.7577183395	TRUE	0.5958	0.2954	0.5531	0.3709	0.6653	0.3383	0.52	0.3468	left
sess_mci8c8o0z	NCNU_User_1774337721160	2026-03-24T07:38:55.828Z	B	Heart	0.04015976438	1	0	0.7600399411	TRUE	0.6958	0.5301	0.6441	0.5396	0.6383	0.3665	0.5335	0.3466	
sess_swcxn2awp	NCNU_User_1774337939318	2026-03-24T07:39:12.998Z	B	Victory	0.5	0.5	0.5	0.5	FALSE	0.8721	0.6857	0.8172	0.3997	0.9288	0.5509	0.8811	0.5296	right
sess_swcxn2awp	NCNU_User_1774337939318	2026-03-24T07:39:14.609Z	B	Baseline_End	1	0.9109691608	0.2919634554	0.8622004549	TRUE	0.8783	0.6734	0.823	0.5521	0.93	0.55	0.8797	0.5406	baseline calibrated
sess_swcxn2awp	NCNU_User_1774337939318	2026-03-24T07:39:15.047Z	B	Heart	1	1	0.196002969	0.9313989609	TRUE	0.876	0.686	0.8308	0.6882	0.9263	0.5504	0.8753	0.55	
sess_swcxn2awp	NCNU_User_1774337939318	2026-03-24T07:39:21.271Z	B	Dance_Continuous	0.766006206	0.07089975395	1	0.2198614531	TRUE	0.8771	0.6896	0.8296	0.6906	0.9266	0.5525	0.8784	0.5508	30s_Interval_AutoLog
sess_swcxn2awp	NCNU_User_1774337939318	2026-03-24T07:39:26.790Z	B	Heart	1	0.8936855684	0.2073504957	0.8849015539	TRUE	0.8802	0.6344	0.8805	0.6505	0.9212	0.5469	0.8711	0.5528	
sess_swcxn2awp	NCNU_User_1774337939318	2026-03-24T07:39:47.030Z	B	Heart	1	0.9157942425	0.1936689363	0.8985335693	TRUE	0.8856	0.6911	0.8422	0.6565	0.9253	0.5528	0.8731	0.5508	
sess_swcxn2awp	NCNU_User_1774337939318	2026-03-24T07:39:51.343Z	B	Dance_Continuous	1	0.7833770921	0.6502516091	0.6857627737	TRUE	0.2266	0.0555	0.2777	0.5741	0.4064	0.2242	0.2601	0.3262	30s_Interval_AutoLog
sess_swcxn2awp	NCNU_User_1774337939318	2026-03-24T07:39:51.343Z	B	Dance_Continuous	1	0.7833770921	0.6502516091	0.6857627737	TRUE	0.2266	0.0555	0.2777	0.5741	0.4064	0.2242	0.2601	0.3262	30s_Interval_AutoLog
sess_qflwco48y	anonymous	2026-03-24T07:39:59.355Z	B	Heart	0.5	0.5	0.5	0.5	FALSE	0.3992	0.3967	0.3999	0.3955	0.466	0.4504	0.2577	0.4191	
sess_qflwco48y	anonymous	2026-03-24T07:40:00.349Z	B	Fireworks_Explosion	0.5	0.5	0.5	0.5	FALSE	0.3773	0.3592	0.3772	0.3593	0.4064	0.4426	0.2221	0.4366	left
sess_qflwco48y	anonymous	2026-03-24T07:40:05.989Z	B	Heart	0.5	0.5	0.5	0.5	FALSE	0.6304	0.5433	0.6059	0.472	0.6971	0.4444	0.5324	0.4217	
sess_qflwco48y	anonymous	2026-03-24T07:40:06.853Z	B	Fireworks_Explosion	0.5	0.5	0.5	0.5	FALSE	0.6893	0.5452	0.5958	0.3844	0.6846	0.4422	0.5245	0.4285	right
sess_qflwco48y	anonymous	2026-03-24T07:40:08.969Z	B	Fireworks_Explosion	0.5	0.5	0.5	0.5	FALSE	0.6284	0.5433	0.5939	0.3008	0.6889	0.4436	0.5271	0.4369	right
sess_qflwco48y	anonymous	2026-03-24T07:40:11.332Z	B	Heart	0.5	0.5	0.5	0.5	FALSE	0.098	0.6102	0.1152	0.5881	0.2905	0.4638	0.1207	0.4558	
sess_qflwco48y	anonymous	2026-03-24T07:40:12.158Z	B	Baseline_End	0.4662349627	1	0.4166595013	0.7207279152	TRUE	0.1809	0.8095	0.1131	1.0518	0.0431	0.4323	0.0024	0.4491	baseline calibrated
sess_qflwco48y	anonymous	2026-03-24T07:40:25.466Z	B	Dance_Continuous	0.4392686872	0	1	0.1098171718	TRUE	0.2502	0.5809	0.2956	0.5929	0.1725	0.441	0.2716	0.4779	30s_Interval_AutoLog
sess_qflwco48y	anonymous	2026-03-24T07:40:51.784Z	B	Heart	0.3937453408	0.1199225249	0.5808190008	0.2931186949	TRUE	0.7268	0.6281	0.7047	0.5936	0.7579	0.484	0.7064	0.4737	
sess_qflwco48y	anonymous	2026-03-24T07:40:55.472Z	B	Dance_Continuous	0.3884434739	1	0.1361708591	0.7994510678	TRUE	0.6595	0.6295	0.5005	0.7489	0.6234	0.488	0.445	0.4666	30s_Interval_AutoLog
sess_qflwco48y	anonymous	2026-03-24T07:41:04.559Z	B	Fireworks_Explosion	0.5833671077	0.2040905853	0.6651735491	0.3446672689	TRUE	0.3028	0.5987	0.2059	0.9743	0.3529	0.4524	0.1823	0.4923	left
sess_qflwco48y	anonymous	2026-03-24T07:41:11.733Z	B	Heart	0.3648038733	0.3893503842	0.344131049	0.4764952548	TRUE	0.867	0.6495	0.8821	0.6441	0.9248	0.5073	0.8737	0.5033	
sess_qflwco48y	anonymous	2026-03-24T07:41:25.530Z	B	Dance_Continuous	0.3342422623	0.03728043724	0.8493121947	0.1512134723	TRUE	0.8874	0.6242	0.8739	0.653	0.9258	0.5119	0.8746	0.5016	30s_Interval_AutoLog
sess_qflwco48y	anonymous	2026-03-24T07:41:55.534Z	B	Dance_Continuous	0.3360970436	0	1	0.0840242609	TRUE	0.8739	0.6477	0.8516	0.6711	0.9261	0.5095	0.8746	0.5059	30s_Interval_AutoLog
sess_qflwco48y	anonymous	2026-03-24T07:42:17.117Z	B	Heart	0.5210121747	0.3825693761	0.7858516327	0.3582327227	TRUE	0.8774	0.6498	0.8456	0.6168	0.9283	0.5109	0.8752	0.5002	
sess_qflwco48y	anonymous	2026-03-24T07:42:25.578Z	B	Dance_Continuous	0.3340096844	0	1	0.0835024211	TRUE	0.8778	0.6511	0.8516	0.672	0.9272	0.5105	0.8744	0.504	30s_Interval_AutoLog
sess_qflwco48y	anonymous	2026-03-24T07:42:55.640Z	B	Dance_Continuous	0.3503253818	0	1	0.08758134544	TRUE	0.8827	0.646	0.8526	0.675	0.9258	0.5106	0.876	0.5051	30s_Interval_AutoLog
sess_qflwco48y	anonymous	2026-03-24T07:43:00.028Z	B	Heart	0.4963466433	0.4912086531	0.1272011433	0.6260497219	TRUE	0.8837	0.6459	0.8484	0.645	0.9255	0.5112	0.8749	0.504	
sess_qflwco48y	anonymous	2026-03-24T07:43:25.649Z	B	Dance_Continuous	0.350185748	0	1	0.087546437	TRUE	0.8831	0.6454	0.8493	0.6713	0.9261	0.511	0.8751	0.5061	30s_Interval_AutoLog
sess_qflwco48y	anonymous	2026-03-24T07:43:55.652Z	B	Dance_Continuous	0.3224945779	0.08788865481	0.5218719499	0.2831239239	TRUE	0.8845	0.6242	0.8637	0.6701	0.9257	0.5142	0.8756	0.504	30s_Interval_AutoLog
sess_qflwco48y	anonymous	2026-03-24T07:44:05.187Z	B	Victory	0.3102060437	0	1	0.07755151092	TRUE	0.8603	0.662	0.8631	0.6701	0.926	0.5138	0.8748	0.5037	left
sess_qflwco48y	anonymous	2026-03-24T07:44:10.579Z	B	Victory	0.3175847684	0.07029519959	0.8075434458	0.1748740659	TRUE	0.8602	0.6629	0.8624	0.6702	0.9261	0.5136	0.8757	0.5043	left
sess_qflwco48y	anonymous	2026-03-24T07:44:25.683Z	B	Dance_Continuous	0.3597566775	0	1	0.08993916937	TRUE	0.8845	0.6243	0.8649	0.6704	0.9263	0.5142	0.8758	0.5037	30s_Interval_AutoLog
sess_qflwco48y	anonymous	2026-03-24T07:44:55.708Z	B	Dance_Continuous	0.3419885591	0	1	0.08549713977	TRUE	0.8856	0.6217	0.8725	0.6578	0.9268	0.5147	0.8752	0.5038	30s_Interval_AutoLog
sess_qflwco48y	anonymous	2026-03-24T07:45:25.792Z	B	Dance_Continuous	0.3086983929	0.03767142668	0.8415381983	0.1477047995	TRUE	0.8638	0.6552	0.8682	0.6652	0.9253	0.5128	0.8754	0.5034	30s_Interval_AutoLog
sess_qflwco48y	anonymous	2026-03-24T07:45:55.852Z	B	Dance_Continuous	0.3030469029	0	1	0.07576172573	TRUE	0.8635	0.6545	0.8674	0.6662	0.9258	0.514	0.8759	0.5031	30s_Interval_AutoLog
sess_qflwco48y	anonymous	2026-03-24T07:46:25.956Z	B	Dance_Continuous	0.3007972409	0.06434380875	0.7292095005	0.1957135085	TRUE	0.863	0.6492	0.8711	0.6589	0.9259	0.5144	0.8767	0.502	30s_Interval_AutoLog
sess_qflwco48y	anonymous	2026-03-24T07:46:56.047Z	B	Dance_Continuous	0.2928703791	0	1	0.07321759478	TRUE	0.8671	0.6558	0.8708	0.6555	0.926	0.5137	0.8754	0.5031	30s_Interval_AutoLog
sess_qflwco48y	anonymous	2026-03-24T07:47:26.067Z	B	Dance_Continuous	0.3414182098	0.04395705116	0.8157322789	0.1674310753	TRUE	0.8859	0.6227	0.8677	0.6593	0.9264	0.5143	0.8761	0.5008	30s_Interval_AutoLog
sess_qflwco48y	anonymous	2026-03-24T07:47:56.165Z	B	Dance_Continuous	0.3364802238	0.1327683416	0.6738033644	0.2513962151	TRUE	0.8864	0.6243	0.8642	0.6234	0.926	0.5139	0.8758	0.503	30s_Interval_AutoLog
sess_qflwco48y	anonymous	2026-03-24T07:48:26.175Z	B	Dance_Continuous	0.3362801835	0.1393222207	0.4383153354	0.3363885668	TRUE	0.8862	0.6234	0.8683	0.6617	0.9263	0.5143	0.8763	0.5026	30s_Interval_AutoLog
sess_qflwco48y	anonymous	2026-03-24T07:48:56.276Z	B	Dance_Continuous	0.2979437005	0.1939460237	0.6881516742	0.2612112486	TRUE	0.8637	0.6577	0.8661	0.6568	0.9259	0.5124	0.8762	0.5009	30s_Interval_AutoLog
sess_qflwco48y	anonymous	2026-03-24T07:49:26.354Z	B	Dance_Continuous	0.2927935115	0.0514591818	0.885601191	0.1338216338	TRUE	0.8637	0.6576	0.8678	0.6595	0.9264	0.5143	0.8759	0.5012	30s_Interval_AutoLog
sess_qflwco48y	anonymous	2026-03-24T07:49:56.397Z	B	Dance_Continuous	0.3263421046	0.295324065	0.2019878477	0.4790194054	TRUE	0.8843	0.6234	0.8661	0.6593	0.927	0.5164	0.8752	0.5031	30s_Interval_AutoLog
sess_qflwco48y	anonymous	2026-03-24T07:50:26.406Z	B	Dance_Continuous	0.2905634242	0.06182545852	0.8746731953	0.1412354211	TRUE	0.863	0.6507	0.863	0.6509	0.9268	0.5148	0.8752	0.5022	30s_Interval_AutoLog
sess_qflwco48y	anonymous	2026-03-24T07:50:48.069Z	B	Heart	0.4707380074	0.1546650715	0.8774045017	0.2224589548	TRUE	0.8812	0.5995	0.8651	0.6548	0.9255	0.5089	0.8732	0.5075	
sess_qflwco48y	anonymous	2026-03-24T07:50:57.133Z	B	Dance_Continuous	0.3313398912	0.3598212844	0.8005764404	0.2965617324	TRUE	0.0165	0.6466	0.0191	0.6112	-0.0488	0.605	-0.1235	0.5874	30s_Interval_AutoLog
sess_qflwco48y	anonymous	2026-03-24T07:51:02.310Z	B	Heart	0.357596243	0.1072501306	0.5086272511	0.3042795751	TRUE	0.7405	0.5923	0.7016	0.5939	0.752	0.4958	0.7059	0.4957	
sess_qflwco48y	anonymous	2026-03-24T07:51:17.048Z	B	Heart	0.4268996099	0.4620777983	0.08362704972	0.6122865544	TRUE	0.4354	0.6098	0.4343	0.6043	0.4378	0.3709	0.4276	0.3669	
sess_qflwco48y	anonymous	2026-03-24T07:51:10.270Z	B	Heart	0.4600213402	0.3481891348	0.6044963085	0.392707281	TRUE	0.8612	0.4947	0.8311	0.5814	0.8372	0.3789	0.8048	0.3726	
sess_qflwco48y	anonymous	2026-03-24T07:51:10.838Z	B	Heart	0.6372947468	0.5357516589	0.3465284684	0.6023393863	TRUE	0.8407	0.488	0.8416	0.505	0.8142	0.3684	0.8049	0.3683	
sess_qflwco48y	anonymous	2026-03-24T07:51:27.156Z	B	Dance_Continuous	0.4236691744	0.4003671679	0.2482799482	0.5291661789	TRUE	0.8417	0.5317	0.7665	0.5927	0.844	0.4178	0.7802	0.4234	30s_Interval_AutoLog
sess_qflwco48y	anonymous	2026-03-24T07:51:35.274Z	B	Heart	0.5784799266	0.1561636686	1	0.2070854491	TRUE	0.573	0.6429	0.5749	0.644	0.6015	0.3666	0.6041	0.366	